Sense,Antisense,Start_Position,Accessibility_Prob,Ui_Tei_Norm,Reynolds_Norm,Amarzguioui_Norm,Confidence_Score,Predicted_inhibition,GC Percent,Tm_value,Tm_seed_2_8,Free_energy_5_end
GGATATACAAAGTGGAAAT,AUUUCCACUUUGUAUAUCC,286,2.0234078065808257e-20,1.0,0.75,0.6,0.85,0.7924752235412598,31.6,56.11666938275073,15.14690321548835,2.2
AGTTCTAGATGCTGTCCGA,UCGGACAGCAUCUAGAACU,131,2.923628824797509e-34,0.6,0.6666666666666666,0.4,0.5888888888888888,0.7736788392066956,47.4,66.1527995488089,37.49730610772326,-3.5
AAGTGGAAATAGACACCAA,UUGGUGUCUAUUUCCACUU,295,1.4092198588133166e-21,0.8,0.75,0.4,0.7166666666666668,0.7650941610336304,36.8,60.50152111672935,27.656948286079853,-1.8
GGGATATACAAAGTGGAAA,UUUCCACUUUGUAUAUCCC,285,6.1098143504953894e-21,1.0,0.5833333333333334,1.0,0.8611111111111112,0.7608802318572998,36.8,59.90936951001589,15.146903215488294,0.3
GATATACAAAGTGGAAATA,UAUUUCCACUUUGUAUAUC,287,1.508125221477588e-19,1.0,0.6666666666666666,0.6,0.8222222222222221,0.7599479556083679,26.3,52.8350045038992,13.590278773462614,1.8
TGTAGAAGGGATATACAAA,UUUGUAUAUCCCUUCUACA,278,4.873631113406067e-24,0.8,0.75,0.6,0.75,0.7596086859703064,31.6,58.17031939055761,-6.525688860442187,0.6
TGTTCAGAAAGGCTGCTGA,UCAGCAGCCUUUCUGAACA,181,1.4990482889851878e-41,0.6,0.5833333333333334,0.6,0.5944444444444444,0.7575182914733887,47.4,66.37625453287683,39.60506523882003,-2.0
GTAACCAAGAGTATTCCAT,AUGGAAUACUCUUGGUUAC,518,2.964275680006286e-35,1.0,0.6666666666666666,0.8,0.8555555555555555,0.7555381655693054,36.8,59.807547240740234,15.91305817493793,-1.9
GAAGGACGAGGGATGGGAT,AUCCCAUCCCUCGUCCUUC,494,3.3630676225383985e-46,1.0,0.5,0.8,0.7999999999999999,0.7494097352027893,57.9,71.08194716244014,35.76826130083032,-2.2
TATACAAAGTGGAAATAGA,UCUAUUUCCACUUUGUAUA,289,1.0580716898291939e-17,0.8,0.75,0.4,0.7166666666666668,0.7457382082939148,26.3,54.13058509389634,11.66272878575819,-0.7
AAGTCCAGGCAGAGACAAT,AUUGUCUCUGCCUGGACUU,577,1.211640345739649e-33,0.8,0.6666666666666666,0.6,0.7222222222222222,0.743881344795227,47.4,66.59596497636284,16.77506419391358,0.5
AGTATTCCATTTTTACTAA,UUAGUAAAAAUGGAAUACU,527,9.649930327788893e-28,0.8,0.6666666666666666,0.4,0.688888888888889,0.7422486543655396,21.099999999999998,49.644949545918735,-11.47837890548442,0.2
CAACTGAGGAGGAATTTGT,ACAAAUUCCUCCUCAGUUG,262,2.2167782909633622e-64,1.0,0.75,0.8,0.8833333333333333,0.740955650806427,42.1,61.81794589130817,9.477239559517557,-0.2
AAGGGATATACAAAGTGGA,UCCACUUUGUAUAUCCCUU,283,2.9833598158060916e-22,0.8,0.5833333333333334,0.6,0.6944444444444445,0.7382201552391052,36.8,61.289459923874176,19.135864664786425,-2.7
AGTGGAAATAGACACCAAA,UUUGGUGUCUAUUUCCACU,296,2.2450353782725183e-20,0.8,0.6666666666666666,0.6,0.7222222222222222,0.7297608256340027,36.8,60.50152111672935,24.84082571696871,0.6
CCATTTTTACTAAAGCAGT,ACUGCUUUAGUAAAAAUGG,533,9.988566226420219e-24,1.0,0.5,0.4,0.7333333333333334,0.7279089689254761,31.6,55.178654884094954,12.30416022108625,-1.8
GGCTCACAACTGAGGAGGA,UCCUCCUCAGUUGUGAGCC,256,1.5462271783579526e-49,0.8,0.5,0.8,0.7000000000000001,0.7258290648460388,57.9,71.60176790364517,34.511087913187964,-2.7
AAATAGACACCAAATCTTA,UAAGAUUUGGUGUCUAUUU,301,1.6408549374719602e-26,0.8,0.75,0.2,0.6833333333333335,0.7247523665428162,26.3,53.34806983508224,-1.2128769840249447,0.3
AGGTGGTATTCACAGCCAA,UUGGCUGUGAAUACCACCU,361,7.313806290002625e-25,0.6,0.6666666666666666,0.4,0.5888888888888888,0.7240830063819885,47.4,67.41429554112688,33.497995193858685,-1.8
TACAAAGTGGAAATAGACA,UGUCUAUUUCCACUUUGUA,291,6.165259312872429e-22,0.8,0.6666666666666666,0.6,0.7222222222222222,0.7219060063362122,31.6,57.34123886100389,2.795598468157607,-2.1
AACTGAGGAGGAATTTGTA,UACAAAUUCCUCCUCAGUU,263,1.9450570060585295e-58,0.8,0.75,0.8,0.7833333333333333,0.7154488563537598,36.8,60.49955931470652,0.33326712424138805,-0.5
CTCTGATGGTCAAAGTTCT,AGAACUUUGACCAUCAGAG,118,3.508165262194508e-42,1.0,0.6666666666666666,1.0,0.8888888888888888,0.7147752642631531,42.1,61.74532401030274,8.897707456361843,-0.4
GTATTCCATTTTTACTAAA,UUUAGUAAAAAUGGAAUAC,528,4.763125683880517e-27,1.0,0.75,0.6,0.85,0.7108012437820435,21.099999999999998,48.17508928355039,-11.478378905484476,1.9
CAAGAGTATTCCATTTTTA,UAAAAAUGGAAUACUCUUG,523,3.316259958317655e-25,1.0,0.8333333333333334,0.6,0.8777777777777778,0.7097204923629761,26.3,51.5856221845732,-3.7885373987414255,1.9
GGAATTTGTAGAAGGGATA,UAUCCCUUCUACAAAUUCC,272,1.4178426140536618e-25,1.0,0.75,0.6,0.85,0.7084110379219055,36.8,59.911039489662244,25.62514361716336,-0.2
GAATCCAAGTGTCCTCTGA,UCAGAGGACACUUGGAUUC,105,1.4025741002008663e-68,0.8,0.8333333333333334,0.6,0.7777777777777778,0.7082578539848328,47.4,65.46504288392958,32.16075392869817,-2.0
AGTCCAGGCAGAGACAATA,UAUUGUCUCUGCCUGGACU,578,1.9707296841342416e-30,0.8,0.6666666666666666,0.8,0.7555555555555555,0.7044298648834229,47.4,67.21783609598162,15.217604876512837,1.8
GAGTATTCCATTTTTACTA,UAGUAAAAAUGGAAUACUC,526,1.1171439256753733e-24,1.0,0.5833333333333334,0.6,0.7944444444444444,0.7036837339401245,26.3,52.646366484729356,-14.867169471930197,-0.5
GAAGTCCAGGCAGAGACAA,UUGUCUCUGCCUGGACUUC,576,8.199699487200267e-37,1.0,0.6666666666666666,0.8,0.8555555555555555,0.7017813920974731,52.6,68.47065744843002,24.971870216544403,-0.2
TCATGTAACCAAGAGTATT,AAUACUCUUGGUUACAUGA,514,1.1713519793286196e-49,0.8,0.6666666666666666,0.4,0.688888888888889,0.7016310691833496,31.6,57.41170347733612,5.728753580499074,1.8
GGGATGGGATTTCATGTAA,UUACAUGAAAUCCCAUCCC,503,1.1530446084074424e-43,1.0,0.8333333333333334,0.8,0.9111111111111111,0.7000342011451721,42.1,63.003066637581185,6.1762199305075,0.1
GACTGGTATTTGTGTCTGA,UCAGACACAAAUACCAGUC,64,1.143776584897004e-44,1.0,0.75,0.8,0.8833333333333333,0.69866544008255,42.1,62.667045251582124,24.484147165856996,-2.0
AGGGATATACAAAGTGGAA,UUCCACUUUGUAUAUCCCU,284,1.8879493021238878e-21,0.8,0.6666666666666666,0.4,0.688888888888889,0.6985510587692261,36.8,61.289459923874176,15.146903215488294,-2.1
GAAGGGATATACAAAGTGG,CCACUUUGUAUAUCCCUUC,282,3.155464127312297e-23,0.8,0.5833333333333334,0.6,0.6944444444444445,0.6982482671737671,42.1,61.85519997753164,11.002580279937717,-3.5
GAAATAGACACCAAATCTT,AAGAUUUGGUGUCUAUUUC,300,9.80212442799417e-29,1.0,0.75,0.8,0.8833333333333333,0.697975754737854,31.6,55.311618254897326,12.32164562114832,-0.3
GAGGTGGTATTCACAGCCA,UGGCUGUGAAUACCACCUC,360,8.890307411828699e-26,0.8,0.6666666666666666,0.8,0.7555555555555555,0.6965076327323914,52.6,69.23011140351434,34.71751322977542,-4.2
TTTGTAGAAGGGATATACA,UGUAUAUCCCUUCUACAAA,276,3.9913847632194923e-20,0.8,0.75,0.4,0.7166666666666668,0.6961461901664734,31.6,58.170319390557495,16.421953735168415,-0.5
TGCAGAGGTGGTATTCACA,UGUGAAUACCACCUCUGCA,356,4.351888631122802e-26,0.8,0.6666666666666666,0.8,0.7555555555555555,0.6960430145263672,47.4,67.30737634791865,13.877010079273987,-1.8
GTATTCACAGCCAACGACT,AGUCGUUGGCUGUGAAUAC,366,3.310464439302376e-60,1.0,0.5833333333333334,0.6,0.7944444444444444,0.6959669589996338,47.4,64.84433458316829,28.21253430259452,-2.1
CAGTGGACCTGAAGGACGA,UCGUCCUUCAGGUCCACUG,484,8.060224224621252e-56,0.8,0.5833333333333334,0.8,0.7277777777777779,0.695206880569458,57.9,70.77133696161786,28.636779509481244,-1.9
GAATTTGTAGAAGGGATAT,AUAUCCCUUCUACAAAUUC,273,1.9783532218685275e-22,1.0,0.6666666666666666,0.4,0.7888888888888889,0.693012535572052,31.6,56.14188676559087,17.890127235352736,1.6
GGTATTCACAGCCAACGAC,GUCGUUGGCUGUGAAUACC,365,1.1636135855662102e-60,0.6,0.4166666666666667,0.4,0.5055555555555555,0.6927695274353027,52.6,66.89757150385947,31.226629663648282,-2.9
CATGTAACCAAGAGTATTC,GAAUACUCUUGGUUACAUG,515,3.1570979489709416e-46,0.8,0.5833333333333334,0.8,0.7277777777777779,0.6926885843276978,36.8,58.14393313044701,5.728753580499074,0.2
TTGTAGAAGGGATATACAA,UUGUAUAUCCCUUCUACAA,277,3.45858110398671e-22,0.8,0.75,0.4,0.7166666666666668,0.692598819732666,31.6,58.170319390557665,7.222316627339808,-0.2
GACGAGGGATGGGATTTCA,UGAAAUCCCAUCCCUCGUC,498,7.902673883140383e-39,1.0,0.75,0.8,0.8833333333333333,0.6925493478775024,52.6,67.97059564538233,22.9024121797961,-0.4
GCAGTGTTTTCACCTCATA,UAUGAGGUGAAAACACUGC,547,2.492138150523041e-24,1.0,0.8333333333333334,0.8,0.9111111111111111,0.6918495893478394,42.1,62.46570607058459,24.784031838988767,0.1
TCTGATGGTCAAAGTTCTA,UAGAACUUUGACCAUCAGA,119,8.742693091456711e-42,0.8,0.75,0.6,0.75,0.6905881762504578,36.8,60.50051298380356,1.2091060284088258,-0.7
TGGGATTTCATGTAACCAA,UUGGUUACAUGAAAUCCCA,507,3.065821131680192e-69,0.8,0.6666666666666666,0.6,0.7222222222222222,0.689665675163269,36.8,60.700783305282755,16.87539335149711,-1.8
GGTCAAAGTTCTAGATGCT,AGCAUCUAGAACUUUGACC,125,6.854250874139748e-49,1.0,0.6666666666666666,1.0,0.8888888888888888,0.6886096000671387,42.1,62.3999748128075,23.70824488877213,-2.5
CATTCCATGAGCATGCAGA,UCUGCAUGCUCAUGGAAUG,343,1.0669454982951681e-33,1.0,0.5833333333333334,0.6,0.7944444444444444,0.6876358985900879,47.4,64.87591674292673,31.271987020666245,-2.0
TGATGGTCAAAGTTCTAGA,UCUAGAACUUUGACCAUCA,121,2.575837425294087e-38,0.8,0.75,0.6,0.75,0.687213659286499,36.8,60.5005129838035,13.938709385370828,-0.7
GTAGAAGGGATATACAAAG,CUUUGUAUAUCCCUUCUAC,279,2.442689337428152e-23,0.8,0.5833333333333334,0.8,0.7277777777777779,0.6856849789619446,36.8,58.81908269229757,-8.783838696945338,0.7
TGCTGAGCCCCTACTCCTA,UAGGAGUAGGGGCUCAGCA,415,3.4438631810706294e-22,0.8,0.5,0.8,0.7000000000000001,0.6850345730781555,57.9,74.10055568838595,25.517828416494183,-2.1
AGTGTCCTCTGATGGTCAA,UUGACCAUCAGAGGACACU,112,5.204951204824458e-33,0.8,0.75,0.6,0.75,0.6846946477890015,47.4,66.79978506150206,26.427518983831476,-0.4
AGGGATGGGATTTCATGTA,UACAUGAAAUCCCAUCCCU,502,8.091325358797696e-39,0.8,0.75,0.6,0.75,0.6844533085823059,42.1,64.34169855882749,3.50919044237304,-0.5
GATGGTCAAAGTTCTAGAT,AUCUAGAACUUUGACCAUC,122,3.9649016868494815e-38,1.0,0.6666666666666666,0.8,0.8555555555555555,0.6841422915458679,36.8,59.137622794859624,16.024046325083475,-0.5
TGGTATTCACAGCCAACGA,UCGUUGGCUGUGAAUACCA,364,8.704794754396305e-48,0.6,0.6666666666666666,0.4,0.5888888888888888,0.6826968193054199,47.4,66.37738969268656,29.70082811750183,-1.9
TAACCAAGAGTATTCCATT,AAUGGAAUACUCUUGGUUA,519,1.4698918665801475e-31,0.8,0.6666666666666666,0.6,0.7222222222222222,0.6825211644172668,31.6,57.43471267365277,6.582713699298779,0.5
TTCATGTAACCAAGAGTAT,AUACUCUUGGUUACAUGAA,513,5.25961624017082e-53,0.8,0.6666666666666666,0.2,0.6555555555555556,0.6820811629295349,31.6,57.411703477336175,14.13764060205989,0.0
GTGAGTCTGGAGAGCTGCA,UGCAGCUCUCCAGACUCAC,235,1.4204691628190948e-60,0.8,0.5,0.6,0.6666666666666666,0.6812323331832886,57.9,71.15802642893078,34.250504922798484,-2.5
CCAAGAGTATTCCATTTTT,AAAAAUGGAAUACUCUUGG,522,1.3899243637595755e-24,1.0,0.8333333333333334,0.8,0.9111111111111111,0.6787109375,31.6,54.97206897287202,2.1317435518295724,2.3
GGATTTCATGTAACCAAGA,UCUUGGUUACAUGAAAUCC,509,2.123521899551153e-70,1.0,0.75,0.6,0.85,0.6776351928710938,36.8,59.22585540894471,12.395087593740016,-0.3
AGAGTATTCCATTTTTACT,AGUAAAAAUGGAAUACUCU,525,4.4401922265401734e-23,0.8,0.5833333333333334,0.6,0.6944444444444445,0.6764426827430725,26.3,53.2846073930786,-15.375578485539108,-0.5
AAGCAGTGTTTTCACCTCA,UGAGGUGAAAACACUGCUU,545,9.33766549105845e-19,0.6,0.5833333333333334,0.6,0.5944444444444444,0.6761703491210938,42.1,63.142179005947696,25.32872558924788,-2.0
GCATGTGTTCAGAAAGGCT,AGCCUUUCUGAACACAUGC,176,1.24385080548698e-50,1.0,0.5833333333333334,0.6,0.7944444444444444,0.6754634976387024,47.4,65.01487070299044,23.743463140684582,-4.2
GGTGGTATTCACAGCCAAC,GUUGGCUGUGAAUACCACC,362,2.822173798250981e-31,0.6,0.4166666666666667,0.4,0.5055555555555555,0.6752099394798279,52.6,67.93714184907981,26.27157015464985,-1.1
TGTTAGAAGTCCAGGCAGA,UCUGCCUGGACUUCUAACA,571,1.1867296315702275e-45,0.6,0.6666666666666666,0.4,0.5888888888888888,0.6751648187637329,47.4,67.25695139564112,39.190804894826954,-2.0
GGGATTTCATGTAACCAAG,CUUGGUUACAUGAAAUCCC,508,3.826846023275317e-72,0.8,0.5,0.6,0.6666666666666666,0.6739353537559509,42.1,61.23902358127299,13.701162636523975,-1.0
CTGAGGAGGAATTTGTAGA,UCUACAAAUUCCUCCUCAG,265,2.585412887954979e-52,1.0,0.6666666666666666,0.8,0.8555555555555555,0.6727938652038574,42.1,62.47355517879163,0.3455721142572088,-0.7
GATGACACCTGGGAGCCAT,AUGGCUCCCAGGUGUCAUC,198,6.667317020633981e-52,0.8,0.4166666666666667,0.6,0.638888888888889,0.6710938811302185,57.9,71.69102645185455,43.44935772473201,-1.9
GCTGAGCCCCTACTCCTAT,AUAGGAGUAGGGGCUCAGC,416,1.450767272170881e-24,1.0,0.4166666666666667,0.8,0.7722222222222223,0.6692110300064087,57.9,72.67161978104474,19.667119633485527,0.1
CATTTTTACTAAAGCAGTG,CACUGCUUUAGUAAAAAUG,534,6.985497805144659e-23,0.6,0.4166666666666667,0.2,0.47222222222222227,0.6691852807998657,31.6,53.45058968810537,14.112689278304572,-1.8
CACGGCTGTCGTCACCAAT,AUUGGUGACGACAGCCGUG,440,8.07008923366245e-07,1.0,0.5,0.8,0.7999999999999999,0.6679531335830688,57.9,69.6771531674238,24.84082571696871,0.5
GACACCAAATCTTACTGGA,UCCAGUAAGAUUUGGUGUC,306,1.041457560664511e-18,1.0,0.6666666666666666,0.8,0.8555555555555555,0.6658561825752258,42.1,62.73841654940685,21.12821875496087,-2.7
GAGGCAGTCCTGCCATCAA,UUGAUGGCAGGACUGCCUC,148,1.240823385494942e-36,1.0,0.6666666666666666,1.0,0.8888888888888888,0.6650339961051941,57.9,71.4659399482523,28.021956706421463,-0.4
CATGCAGAGGTGGTATTCA,UGAAUACCACCUCUGCAUG,354,5.143601572252778e-29,1.0,0.6666666666666666,1.0,0.8888888888888888,0.6649072170257568,47.4,65.73497044873227,15.913058174937873,-0.4
AGATGCTGTCCGAGGCAGT,ACUGCCUCGGACAGCAUCU,137,3.3126908858642764e-19,0.6,0.5,0.4,0.5333333333333333,0.6641056537628174,57.9,71.75631262350487,36.69070891554031,-1.8
TGTAACCAAGAGTATTCCA,UGGAAUACUCUUGGUUACA,517,9.716893101646731e-39,0.8,0.6666666666666666,0.4,0.688888888888889,0.6634694337844849,36.8,61.20368494644066,15.719878307068711,-2.7
ACACCAAATCTTACTGGAA,UUCCAGUAAGAUUUGGUGU,307,2.043449812016381e-17,0.8,0.75,0.6,0.75,0.6630083918571472,36.8,60.50152111672929,17.537025548417546,-2.1
CTGCCTTGCTGGACTGGTA,UACCAGUCCAGCAAGGCAG,53,1.1477243713358524e-19,1.0,0.6666666666666666,0.8,0.8555555555555555,0.6629568934440613,57.9,71.96385007092783,34.89461311290245,-2.2
TGAGGAGGAATTTGTAGAA,UUCUACAAAUUCCUCCUCA,266,8.774442338513476e-48,0.8,0.8333333333333334,0.8,0.8111111111111112,0.6629174947738647,36.8,60.553122528794745,4.232823013182383,-0.4
CCACGGCTGTCGTCACCAA,UUGGUGACGACAGCCGUGG,439,1.4060805237142325e-07,1.0,0.75,0.6,0.85,0.6627953052520752,63.2,72.88720394905891,31.108743737673706,-1.8
GTGGAAATAGACACCAAAT,AUUUGGUGUCUAUUUCCAC,297,5.613587135424815e-31,1.0,0.6666666666666666,0.8,0.8555555555555555,0.660643994808197,36.8,59.16394787744798,14.437855932107311,2.2
CGGTGAATCCAAGTGTCCT,AGGACACUUGGAUUCACCG,101,5.022521462751732e-80,0.8,0.4166666666666667,1.0,0.7055555555555557,0.6594344973564148,52.6,67.67634539292555,24.6683749795871,-2.7
GAGCATGCAGAGGTGGTAT,AUACCACCUCUGCAUGCUC,351,1.4288596982337653e-37,1.0,0.5,0.8,0.7999999999999999,0.6589936017990112,52.6,68.87328350979737,28.468353501345746,0.0
AATTTGTAGAAGGGATATA,UAUAUCCCUUCUACAAAUU,274,1.9297902865746967e-19,0.8,0.6666666666666666,0.2,0.6555555555555556,0.658979594707489,26.3,54.23056617294975,19.11937043289055,1.4
GTGTCCTCTGATGGTCAAA,UUUGACCAUCAGAGGACAC,113,6.755106388470568e-29,1.0,0.6666666666666666,0.8,0.8555555555555555,0.6576411724090576,47.4,65.49514213649923,16.66935356618103,0.6
GCTCACAACTGAGGAGGAA,UUCCUCCUCAGUUGUGAGC,257,4.01349801535811e-50,0.8,0.6666666666666666,0.8,0.7555555555555555,0.6554391384124756,52.6,68.47065744842996,35.68861712154012,-2.1
GAGGAATTTGTAGAAGGGA,UCCCUUCUACAAAUUCCUC,270,1.9697530878694186e-31,0.8,0.5,0.8,0.7000000000000001,0.6553336977958679,42.1,62.79556170247429,25.011587889042744,-4.4
CAGAGGTGGTATTCACAGC,GCUGUGAAUACCACCUCUG,358,9.290475949247589e-24,0.6,0.5,0.6,0.5666666666666667,0.652745246887207,52.6,67.56870148768468,13.336192350732404,-3.5
GAGGAGGAATTTGTAGAAG,CUUCUACAAAUUCCUCCUC,267,4.153748099289333e-43,0.8,0.5,0.6,0.6666666666666666,0.6522107124328613,42.1,61.09172295776233,4.232823013182383,-1.3
AAAGTGGAAATAGACACCA,UGGUGUCUAUUUCCACUUU,294,2.360885365791655e-21,0.6,0.5833333333333334,0.4,0.5611111111111111,0.6518589854240417,36.8,60.50152111672935,26.708920752070412,-2.5
AGGAATTTGTAGAAGGGAT,AUCCCUUCUACAAAUUCCU,271,1.4926239520034278e-28,0.8,0.5833333333333334,0.4,0.6611111111111112,0.6515336036682129,36.8,60.58622196583059,27.49106587915884,-2.2
GGCACTTGGCATCTCCCCA,UGGGGAGAUGCCAAGUGCC,326,2.0369021191745136e-19,0.8,0.3333333333333333,0.6,0.6111111111111112,0.6508934497833252,63.2,74.68829235172637,35.6218593453346,-4.1
AGAAGTCCAGGCAGAGACA,UGUCUCUGCCUGGACUUCU,575,5.326140589366195e-38,0.8,0.75,0.4,0.7166666666666668,0.6473758220672607,52.6,69.76119234897249,32.72908982745042,-2.1
AGCAGTGTTTTCACCTCAT,AUGAGGUGAAAACACUGCU,546,1.5990404239393095e-23,0.8,0.5833333333333334,0.6,0.6944444444444445,0.6465477347373962,42.1,63.14624854910028,28.277587799779383,-0.5
AAACCAGTGAGTCTGGAGA,UCUCCAGACUCACUGGUUU,229,4.285291306663503e-47,0.6,0.6666666666666666,0.6,0.6222222222222221,0.6464619636535645,47.4,66.78520602200638,32.16075392869817,-2.3
ACTGGAAGGCACTTGGCAT,AUGCCAAGUGCCUUCCAGU,319,6.172882616627424e-20,0.8,0.5,0.8,0.7000000000000001,0.646337628364563,52.6,69.81678305194896,26.27157015464985,-2.0
CCGTGCATGTGTTCAGAAA,UUUCUGAACACAUGCACGG,172,1.0190545308412e-61,1.0,0.8333333333333334,0.8,0.9111111111111111,0.6446478366851807,47.4,64.06437071250633,13.922987141291458,0.3
TCCTCTGATGGTCAAAGTT,AACUUUGACCAUCAGAGGA,116,2.6034043703675798e-30,0.8,0.6666666666666666,0.6,0.7222222222222222,0.64338618516922,42.1,63.454007376380105,13.030631860824258,-0.1
TCAAAGTTCTAGATGCTGT,ACAGCAUCUAGAACUUUGA,127,2.4789064549164575e-45,0.8,0.6666666666666666,0.4,0.688888888888889,0.6428195834159851,36.8,60.16355600398225,24.55976588039863,-1.8
GGACCTGAAGGACGAGGGA,UCCCUCGUCCUUCAGGUCC,488,2.0193758831626233e-49,0.8,0.5833333333333334,0.4,0.6611111111111112,0.6428112387657166,63.2,74.08616795953725,38.12135077481099,-4.4
GGAAAACCAGTGAGTCTGG,CCAGACUCACUGGUUUUCC,226,1.2574394139767271e-59,0.6,0.4166666666666667,0.6,0.5388888888888889,0.641533374786377,52.6,67.26074567546294,24.97187021654446,-3.4
ATGCTATGTTAGAAGTCCA,UGGACUUCUAACAUAGCAU,565,1.4935603101435821e-21,0.8,0.6666666666666666,0.6,0.7222222222222222,0.641445517539978,36.8,60.94200051905449,25.159271588378147,-2.7
TGCATGGGCTCACAACTGA,UCAGUUGUGAGCCCAUGCA,250,5.094374870388828e-49,0.8,0.75,0.6,0.75,0.6406612992286682,52.6,69.72241308800432,19.950965970774632,-2.0
GGAAATAGACACCAAATCT,AGAUUUGGUGUCUAUUUCC,299,6.102214291483668e-31,1.0,0.75,0.6,0.85,0.6394319534301758,36.8,59.1701365158213,13.590278773462671,-0.5
CAAATCTTACTGGAAGGCA,UGCCUUCCAGUAAGAUUUG,311,2.1260867342183622e-29,0.8,0.5833333333333334,0.6,0.6944444444444445,0.6380529403686523,42.1,62.28096010164205,34.28159398660438,-4.2
CACCTCATATGCTATGTTA,UAACAUAGCAUAUGAGGUG,557,3.2385757021990745e-23,1.0,0.8333333333333334,0.8,0.9111111111111111,0.6376169919967651,36.8,60.04237149649697,14.934512236885553,0.2
GTTTTCACCTCATATGCTA,UAGCAUAUGAGGUGAAAAC,552,1.8560593674817684e-29,1.0,0.6666666666666666,0.8,0.8555555555555555,0.6369207501411438,36.8,59.58386615961933,15.20628244906311,-2.2
CAGTGAGTCTGGAGAGCTG,CAGCUCUCCAGACUCACUG,233,1.8128996091651083e-45,0.6,0.4166666666666667,0.6,0.5388888888888889,0.6361607909202576,57.9,69.64902964847528,34.898227041735765,-3.5
GGTGAATCCAAGTGTCCTC,GAGGACACUUGGAUUCACC,102,3.0261525046142097e-81,0.6,0.4166666666666667,0.8,0.5722222222222223,0.6350414752960205,52.6,67.44337944829226,27.486390691593556,-3.7
GTCCTCTGATGGTCAAAGT,ACUUUGACCAUCAGAGGAC,115,1.467791005842534e-33,1.0,0.75,0.8,0.8833333333333333,0.6345012784004211,47.4,65.44606159057116,20.825569791360635,-0.1
CTTACTGGAAGGCACTTGG,CCAAGUGCCUUCCAGUAAG,316,2.371219803709107e-24,0.6,0.4166666666666667,0.4,0.5055555555555555,0.6344981789588928,52.6,67.50036789779068,30.632142456359134,-1.8
GCTGGACTGGTATTTGTGT,ACACAAAUACCAGUCCAGC,60,1.8149010255141175e-35,1.0,0.5833333333333334,1.0,0.8611111111111112,0.6337825059890747,47.4,65.92135215060262,0.5817326071388607,-1.9
CAAAGTGGAAATAGACACC,GGUGUCUAUUUCCACUUUG,293,5.465599350054403e-22,0.6,0.5,0.6,0.5666666666666667,0.6331478953361511,42.1,61.10254468898228,16.631121969423987,-3.5
GTTAGAAGTCCAGGCAGAG,CUCUGCCUGGACUUCUAAC,572,8.950984796523243e-44,0.6,0.3333333333333333,0.6,0.5111111111111111,0.6326998472213745,52.6,67.52146939683018,33.848914462744176,-2.0
TGGGAAAACCAGTGAGTCT,AGACUCACUGGUUUUCCCA,224,1.2180209717593298e-49,0.8,0.5,0.6,0.6666666666666666,0.6326193809509277,47.4,66.9337250394226,25.810629029037045,-2.1
GCAGAGGTGGTATTCACAG,CUGUGAAUACCACCUCUGC,357,3.7859986236808527e-25,0.8,0.5,0.6,0.6666666666666666,0.6323286294937134,52.6,67.56870148768468,6.1762199305075,-1.8
AGAAGGGATATACAAAGTG,CACUUUGUAUAUCCCUUCU,281,9.123341185621622e-24,0.6,0.5833333333333334,0.4,0.5611111111111111,0.6318113803863525,36.8,59.534131622438,3.059317090660386,-1.8
TTTTCACCTCATATGCTAT,AUAGCAUAUGAGGUGAAAA,553,1.5951605201363368e-27,0.8,0.5,0.6,0.6666666666666666,0.6301560997962952,31.6,57.286834806972024,8.089645880015723,0.1
CCAAGTGTCCTCTGATGGT,ACCAUCAGAGGACACUUGG,109,1.4795678981006835e-48,1.0,0.6666666666666666,0.8,0.8555555555555555,0.6287083029747009,52.6,68.55690051862621,25.433136757905288,-2.5
GCACTTGGCATCTCCCCAT,AUGGGGAGAUGCCAAGUGC,327,6.767708586760011e-19,0.8,0.4166666666666667,0.8,0.6722222222222224,0.6284145712852478,57.9,71.59179677559257,37.859661745971096,-1.9
CCTCATATGCTATGTTAGA,UCUAACAUAGCAUAUGAGG,559,2.097323687466853e-22,1.0,0.75,0.8,0.8833333333333333,0.6274582147598267,36.8,60.043213482809335,3.076570322413886,-0.7
AGCATGCAGAGGTGGTATT,AAUACCACCUCUGCAUGCU,352,1.1073605811621714e-34,0.8,0.6666666666666666,0.6,0.7222222222222222,0.626629114151001,47.4,67.0691243643218,26.537835463877855,1.8
AAGTGTCCTCTGATGGTCA,UGACCAUCAGAGGACACUU,111,6.020663346938361e-38,0.8,0.5833333333333334,0.4,0.6611111111111112,0.6262468695640564,47.4,66.79978506150206,26.427518983831476,-2.1
CGTGCATGTGTTCAGAAAG,CUUUCUGAACACAUGCACG,173,8.436406005263486e-59,0.8,0.5,0.8,0.7000000000000001,0.6258048415184021,47.4,62.369305444289694,2.649699892651313,0.7
CCATCAATGTGGCCGTGCA,UGCACGGCCACAUUGAUGG,160,2.977921307561631e-65,0.8,0.6666666666666666,0.8,0.7555555555555555,0.6247378587722778,57.9,70.55393099358469,45.91611899244754,-2.5
GTTCAGAAAGGCTGCTGAT,AUCAGCAGCCUUUCUGAAC,182,1.846384290445004e-38,1.0,0.5833333333333334,0.6,0.7944444444444444,0.6229079365730286,47.4,64.98717907026543,34.397768650469516,-0.5
CAAGGAATGAGGGACTTCT,AGAAGUCCCUCAUUCCUUG,461,4.824336498154997e-22,1.0,0.5833333333333334,0.8,0.8277777777777778,0.622143030166626,47.4,65.31048131155575,32.56372982740669,-0.4
GGAATGAGGGACTTCTCCT,AGGAGAAGUCCCUCAUUCC,464,7.063099824070458e-27,1.0,0.5833333333333334,0.8,0.8277777777777778,0.6216927170753479,52.6,68.79171171278352,25.15927158837809,-2.7
AATCCAAGTGTCCTCTGAT,AUCAGAGGACACUUGGAUU,106,2.3994265640116396e-62,0.8,0.5833333333333334,0.6,0.6944444444444445,0.6191300749778748,42.1,63.45467606045219,28.71573405394099,-0.5
GGTATTTGTGTCTGAGGCT,AGCCUCAGACACAAAUACC,68,8.920880668637002e-49,0.8,0.5,0.6,0.6666666666666666,0.6186527013778687,47.4,65.88827550360776,35.04444835284545,-4.2
TGCTATGTTAGAAGTCCAG,CUGGACUUCUAACAUAGCA,566,1.3788338447543463e-31,0.4,0.4166666666666667,0.2,0.3722222222222223,0.6180304288864136,42.1,62.824403987616165,25.32872558924788,-3.4
GGAGGAATTTGTAGAAGGG,CCCUUCUACAAAUUCCUCC,269,8.695777979610701e-35,0.6,0.5833333333333334,0.6,0.5944444444444444,0.6177200078964233,47.4,64.6953205094569,22.746916467710548,-4.1
ATGTGGCCGTGCATGTGTT,AACACAUGCACGGCCACAU,166,9.065460267319654e-45,0.8,0.6666666666666666,0.6,0.7222222222222222,0.616834282875061,52.6,68.855522306843,25.093889319535492,-0.1
TGAGCATGCAGAGGTGGTA,UACCACCUCUGCAUGCUCA,350,2.3410492478659932e-29,0.6,0.6666666666666666,0.8,0.6555555555555554,0.6158038377761841,52.6,70.26588127821907,34.894613112902505,-2.2
CAGAAAGGCTGCTGATGAC,GUCAUCAGCAGCCUUUCUG,185,1.4652359046019459e-31,0.8,0.5833333333333334,0.8,0.7277777777777779,0.6155480146408081,52.6,66.6886059099811,26.190492520988585,-2.1
CTCATATGCTATGTTAGAA,UUCUAACAUAGCAUAUGAG,560,2.1259028297217303e-22,1.0,0.75,0.8,0.8833333333333333,0.6115788221359253,31.6,56.27331246123481,5.95281131141877,-0.4
GGACTTCTCCTCCAGTGGA,UCCACUGGAGGAGAAGUCC,472,1.0450231815695071e-38,0.8,0.5833333333333334,0.6,0.6944444444444445,0.610602855682373,57.9,71.84518237020495,34.169681740045576,-2.7
CAGTGTTTTCACCTCATAT,AUAUGAGGUGAAAACACUG,548,6.08520139956662e-23,1.0,0.5833333333333334,0.6,0.7944444444444444,0.6105835437774658,36.8,58.84929495665136,18.779687693634287,1.6
AAATCTTACTGGAAGGCAC,GUGCCUUCCAGUAAGAUUU,312,3.927075744516785e-27,0.4,0.5,0.2,0.4000000000000001,0.6100757122039795,42.1,62.48282279016274,34.28159398660432,-3.6
CTCCTCCAGTGGACCTGAA,UUCAGGUCCACUGGAGGAG,478,3.0968098031840145e-48,1.0,0.6666666666666666,0.8,0.8555555555555555,0.609288215637207,57.9,71.71937810596802,35.37068599021643,-0.4
TCAGAAAGGCTGCTGATGA,UCAUCAGCAGCCUUUCUGA,184,4.4152317573970097e-32,0.8,0.75,0.6,0.75,0.6081222295761108,47.4,66.3598826019329,24.727862655982506,-0.5
CCAGTGAGTCTGGAGAGCT,AGCUCUCCAGACUCACUGG,232,3.0217721094023937e-47,0.8,0.4166666666666667,0.6,0.638888888888889,0.6075894236564636,57.9,71.22612778807246,35.04444835284545,-2.5
CTGAGCCCCTACTCCTATT,AAUAGGAGUAGGGGCUCAG,417,1.1120185277837042e-24,1.0,0.6666666666666666,0.8,0.8555555555555555,0.6065236330032349,52.6,69.65480304943043,18.588347870064013,1.8
AATCTTACTGGAAGGCACT,AGUGCCUUCCAGUAAGAUU,313,7.871630254446666e-25,0.6,0.5,0.4,0.5333333333333333,0.6057655215263367,42.1,63.838967417745096,31.91027946856167,-1.8
GAGGGATGGGATTTCATGT,ACAUGAAAUCCCAUCCCUC,501,9.068469062394466e-29,1.0,0.5833333333333334,1.0,0.8611111111111112,0.6037065982818604,47.4,65.69195467520109,0.8716158752640695,-0.3
TGGCAGGATGGCTTCTCAT,AUGAGAAGCCAUCCUGCCA,20,1.1250435732243977e-06,0.8,0.5833333333333334,0.6,0.6944444444444445,0.6020016670227051,52.6,69.73683906291205,25.098246094223384,-0.5
GAAAACCAGTGAGTCTGGA,UCCAGACUCACUGGUUUUC,227,8.295331323862637e-56,0.8,0.5833333333333334,0.6,0.6944444444444445,0.6018618941307068,47.4,65.46627271254243,32.16075392869823,-2.7
CATGTGTTCAGAAAGGCTG,CAGCCUUUCUGAACACAUG,177,2.019839780813496e-49,0.6,0.3333333333333333,0.4,0.4777777777777777,0.6016393303871155,47.4,63.43541404655639,23.743463140684526,-3.5
CTCACAACTGAGGAGGAAT,AUUCCUCCUCAGUUGUGAG,258,2.638219425837281e-72,1.0,0.5,0.8,0.7999999999999999,0.6002905368804932,47.4,65.21700362722595,27.491065879158896,0.2
TACTGGAAGGCACTTGGCA,UGCCAAGUGCCUUCCAGUA,318,1.2248601936728609e-21,0.6,0.5833333333333334,0.4,0.5611111111111111,0.5997275710105896,52.6,70.48702018061493,30.632142456359134,-4.2
TATGTTAGAAGTCCAGGCA,UGCCUGGACUUCUAACAUA,569,8.193529059139178e-47,0.6,0.5833333333333334,0.4,0.5611111111111111,0.5981483459472656,42.1,64.55183275256036,40.962732964278814,-4.2
TTTCATGTAACCAAGAGTA,UACUCUUGGUUACAUGAAA,512,3.395130519247957e-57,0.8,0.6666666666666666,0.2,0.6555555555555556,0.5980836153030396,31.6,57.34123886100389,23.61050566089608,-0.5
GAGTCTGGAGAGCTGCATG,CAUGCAGCUCUCCAGACUC,237,1.67244431072483e-56,0.6,0.3333333333333333,0.4,0.4777777777777777,0.5972882509231567,57.9,69.66117660728418,26.96990489619941,-1.2
CACAACTGAGGAGGAATTT,AAAUUCCUCCUCAGUUGUG,260,2.6784694582280087e-74,1.0,0.6666666666666666,0.8,0.8555555555555555,0.5964942574501038,42.1,61.81794589130806,14.275026725770488,2.2
GGCTTCTCATCGTCTGCTC,GAGCAGACGAUGAGAAGCC,29,8.715366802080507e-82,0.6,0.4166666666666667,0.4,0.5055555555555555,0.5959054231643677,57.9,68.99719485218628,30.65867711611253,-3.8
GTGGTATTCACAGCCAACG,CGUUGGCUGUGAAUACCAC,363,1.9895316059137826e-37,0.6,0.3333333333333333,0.6,0.5111111111111111,0.5955341458320618,52.6,66.71503380723368,30.632142456359134,-0.9
AACCAAGAGTATTCCATTT,AAAUGGAAUACUCUUGGUU,520,7.809995479840333e-28,0.8,0.75,0.6,0.75,0.595487654209137,31.6,56.69029173660704,3.9309600641841485,2.2
AGGAGGAATTTGTAGAAGG,CCUUCUACAAAUUCCUCCU,268,2.7343162689704e-38,0.6,0.5,0.4,0.5333333333333333,0.5948367118835449,42.1,62.50457301077245,14.13764060205989,-1.7
CACCAAATCTTACTGGAAG,CUUCCAGUAAGAUUUGGUG,308,4.675043247967464e-21,0.6,0.5,0.8,0.6,0.5948002934455872,42.1,60.841133810914926,17.537025548417546,-1.3
CACCAATCCCAAGGAATGA,UCAUUCCUUGGGAUUGGUG,452,1.3190385523614143e-28,1.0,0.6666666666666666,1.0,0.8888888888888888,0.5945369005203247,47.4,65.51608474182632,12.321645621148264,-0.5
GAAAGGCTGCTGATGACAC,GUGUCAUCAGCAGCCUUUC,187,8.832671961670471e-27,0.8,0.5,0.6,0.6666666666666666,0.5915629863739014,52.6,66.90318873257701,18.38175301050694,-1.9
ACCAAGAGTATTCCATTTT,AAAAUGGAAUACUCUUGGU,521,3.3004577611686415e-24,0.8,0.6666666666666666,0.4,0.688888888888889,0.5893052220344543,31.6,56.69029173660704,2.1317435518295724,2.3
GTCACCAATCCCAAGGAAT,AUUCCUUGGGAUUGGUGAC,450,1.4784268758944491e-30,1.0,0.5833333333333334,0.6,0.7944444444444444,0.5887258052825928,47.4,65.69700177780027,23.056146077096514,0.2
GGGAAAACCAGTGAGTCTG,CAGACUCACUGGUUUUCCC,225,1.229559934256156e-52,0.6,0.25,0.8,0.5166666666666666,0.5883399248123169,52.6,67.26074567546294,25.810629029037045,-2.0
GCCCCCGCCGCTACACCAT,AUGGUGUAGCGGCGGGGGC,388,6.053612796230301e-43,0.6,0.4166666666666667,0.6,0.5388888888888889,0.5882158875465393,73.7,79.34161773504945,25.199489232920598,-1.9
CATATGCTATGTTAGAAGT,ACUUCUAACAUAGCAUAUG,562,3.3042984115830466e-25,1.0,0.6666666666666666,0.6,0.8222222222222221,0.5877053141593933,31.6,56.190722301797564,11.100305518969265,-0.1
GGCAGGATGGCTTCTCATC,GAUGAGAAGCCAUCCUGCC,21,9.169281376696896e-24,0.8,0.4166666666666667,0.6,0.638888888888889,0.5860693454742432,57.9,70.08863419362973,14.017093564669551,-1.5
TGGTCAAAGTTCTAGATGC,GCAUCUAGAACUUUGACCA,124,2.3707014960140612e-35,0.6,0.5,0.6,0.5666666666666667,0.5854525566101074,42.1,62.45227729030938,16.275586479716026,-2.0
ATACAAAGTGGAAATAGAC,GUCUAUUUCCACUUUGUAU,290,1.9213635866402779e-16,0.6,0.5833333333333334,0.2,0.5277777777777778,0.5848963260650635,31.6,55.96372833951858,3.9092762411775652,-2.1
CTGTCGTCACCAATCCCAA,UUGGGAUUGGUGACGACAG,445,4.475500194186077e-31,1.0,0.5833333333333334,0.8,0.8277777777777778,0.5843032598495483,52.6,67.72435340058735,24.269681982919565,-1.8
GTGAATCCAAGTGTCCTCT,AGAGGACACUUGGAUUCAC,103,8.822127671950024e-78,0.8,0.4166666666666667,0.6,0.638888888888889,0.5835686326026917,47.4,65.4460615905711,33.02138985093575,-2.0
CCACCACGGCTGTCGTCAC,GUGACGACAGCCGUGGUGG,436,4.162752695712049e-09,0.6,0.4166666666666667,0.6,0.5388888888888889,0.5821740627288818,68.4,74.40529055898793,24.94800458083182,-2.1
GCTATGTTAGAAGTCCAGG,CCUGGACUUCUAACAUAGC,567,2.0802485420851858e-39,0.6,0.25,0.4,0.44999999999999996,0.5820438265800476,47.4,64.92561408292545,23.610505660896024,-3.4
TGTGTTCAGAAAGGCTGCT,AGCAGCCUUUCUGAACACA,179,5.554767794683843e-44,0.6,0.4166666666666667,0.4,0.5055555555555555,0.5810635685920715,47.4,66.36259553029458,33.45761489425456,-2.5
TGTTTTCACCTCATATGCT,AGCAUAUGAGGUGAAAACA,551,1.3801742145061032e-29,0.8,0.5,0.4,0.6333333333333334,0.5810330510139465,36.8,60.305176361461406,17.19612490470479,-2.5
ACAAAGTGGAAATAGACAC,GUGUCUAUUUCCACUUUGU,292,6.371114124242628e-22,0.6,0.5,0.4,0.5333333333333333,0.5809686183929443,36.8,59.019890670725545,5.952811311418714,-1.9
GTTCTAGATGCTGTCCGAG,CUCGGACAGCAUCUAGAAC,132,6.748775117344855e-32,0.6,0.25,0.6,0.48333333333333334,0.5804812908172607,52.6,66.5031106698109,31.4977479591592,-2.8
ACCTCATATGCTATGTTAG,CUAACAUAGCAUAUGAGGU,558,1.2715294504044727e-22,0.6,0.5,0.4,0.5333333333333333,0.5798438787460327,36.8,59.98763692162345,3.076570322413886,0.2
GGATGGGATTTCATGTAAC,GUUACAUGAAAUCCCAUCC,504,3.2237425680974203e-50,0.8,0.6666666666666666,0.6,0.7222222222222222,0.5797923803329468,42.1,61.562555742949144,6.176219930507557,0.2
GATGCTGTCCGAGGCAGTC,GACUGCCUCGGACAGCAUC,138,1.411055240838344e-19,0.6,0.25,0.2,0.4166666666666667,0.5797821283340454,63.2,72.05442348964897,34.56900104810626,-2.1
TCACAACTGAGGAGGAATT,AAUUCCUCCUCAGUUGUGA,259,4.679813423904215e-73,0.8,0.75,0.8,0.7833333333333333,0.578932523727417,42.1,63.45400737638005,25.625143617163417,2.2
ACAACTGAGGAGGAATTTG,CAAAUUCCUCCUCAGUUGU,261,8.808388685605796e-69,0.6,0.5833333333333334,0.4,0.5611111111111111,0.5785762667655945,42.1,61.81794589130811,1.8927608931322197,0.6
TGGACTGGTATTTGTGTCT,AGACACAAAUACCAGUCCA,62,3.209317876743934e-31,0.8,0.5833333333333334,0.6,0.6944444444444445,0.5778117775917053,42.1,64.1040332148288,13.230798302179664,-2.1
TTAGAAGTCCAGGCAGAGA,UCUCUGCCUGGACUUCUAA,573,2.1015849523320596e-42,0.6,0.6666666666666666,0.6,0.6222222222222221,0.5760930180549622,47.4,67.21607289860742,33.69770359426667,-2.3
GGCCGTGCATGTGTTCAGA,UCUGAACACAUGCACGGCC,170,9.190766087561837e-52,1.0,0.5833333333333334,0.8,0.8277777777777778,0.5747290253639221,57.9,70.5825251543348,21.582708571940486,-2.0
AGCCCCTACTCCTATTCCA,UGGAAUAGGAGUAGGGGCU,420,2.3553401795342902e-36,0.8,0.6666666666666666,0.6,0.7222222222222222,0.5746493935585022,52.6,71.36175836053667,23.2247640650113,-2.7
TACTAAAGCAGTGTTTTCA,UGAAAACACUGCUUUAGUA,540,3.9469651388241484e-21,0.8,0.5833333333333334,0.6,0.6944444444444445,0.5743687748908997,31.6,56.907231873343505,10.201774444150317,-0.4
CCTATTCCACCACGGCTGT,ACAGCCGUGGUGGAAUAGG,430,8.619450330392743e-18,0.8,0.4166666666666667,0.6,0.638888888888889,0.573074460029602,57.9,71.386501403036,36.389387400179544,-1.8
GCATGGGCTCACAACTGAG,CUCAGUUGUGAGCCCAUGC,251,8.637899918777458e-45,0.8,0.4166666666666667,0.6,0.638888888888889,0.5730199813842773,57.9,69.89064870466899,16.118585416808628,-2.0
GCTGTCGTCACCAATCCCA,UGGGAUUGGUGACGACAGC,444,1.8693965298519244e-24,1.0,0.5,0.8,0.7999999999999999,0.5729885697364807,57.9,70.82987964545197,31.724270673965123,-4.1
AGGCAGTCCTGCCATCAAT,AUUGAUGGCAGGACUGCCU,149,9.504358248708184e-37,0.8,0.75,0.6,0.75,0.5728078484535217,52.6,69.74433075507812,25.08142660160496,0.5
CCCAAGGAATGAGGGACTT,AAGUCCCUCAUUCCUUGGG,459,6.732775460927313e-24,0.8,0.5833333333333334,0.8,0.7277777777777779,0.5726401805877686,52.6,68.80304633405706,35.22323784750603,-0.1
TCCATTTTTACTAAAGCAG,CUGCUUUAGUAAAAAUGGA,532,1.9319738818155903e-24,0.6,0.3333333333333333,0.0,0.41111111111111104,0.5725700259208679,31.6,55.27220532177239,12.304160221086363,-3.5
GCCTTGCTGGACTGGTATT,AAUACCAGUCCAGCAAGGC,55,8.662080372753432e-32,1.0,0.6666666666666666,0.8,0.8555555555555555,0.5724939107894897,52.6,69.05570658749326,17.959868074349572,1.8
CCATTTGCCTCTGGGAAAA,UUUUCCCAGAGGCAAAUGG,213,1.70649399078686e-49,1.0,0.75,0.8,0.8833333333333333,0.5720643997192383,47.4,65.31460078849068,23.056146077096514,2.3
GGCTGCTGATGACACCTGG,CCAGGUGUCAUCAGCAGCC,191,8.547835848056956e-30,0.6,0.3333333333333333,0.4,0.4777777777777777,0.5720201730728149,63.2,72.90195917238071,31.79879793736194,-3.4
CCTACTCCTATTCCACCAC,GUGGUGGAAUAGGAGUAGG,424,6.488299532439868e-30,0.6,0.4166666666666667,0.6,0.5388888888888889,0.5705281496047974,52.6,68.53225279375573,27.193013518047565,-3.5
TGCCTTGCTGGACTGGTAT,AUACCAGUCCAGCAAGGCA,54,5.71861725439526e-18,0.8,0.5833333333333334,0.6,0.6944444444444445,0.5698146820068359,52.6,70.41489221252982,26.708920752070412,0.0
TTGGCATCTCCCCATTCCA,UGGAAUGGGGAGAUGCCAA,331,1.0244929278822933e-26,0.8,0.5833333333333334,0.6,0.6944444444444445,0.569793164730072,52.6,70.22558943029583,31.72427067396501,-2.7
CTGGAAGGCACTTGGCATC,GAUGCCAAGUGCCUUCCAG,320,5.361004969617264e-20,0.6,0.3333333333333333,0.8,0.5444444444444444,0.5695421099662781,57.9,70.02031977265091,23.360103016878952,-1.5
TCGTCACCAATCCCAAGGA,UCCUUGGGAUUGGUGACGA,448,6.524592855298908e-29,0.6,0.6666666666666666,0.8,0.6555555555555554,0.568618893623352,52.6,69.3759327284028,33.71175404138762,-2.7
TGCTGGACTGGTATTTGTG,CACAAAUACCAGUCCAGCA,59,1.1206627280379085e-25,0.6,0.5,0.4,0.5333333333333333,0.5676304697990417,47.4,65.74078636151711,1.8742476562035222,-1.8
ACCGGTGAATCCAAGTGTC,GACACUUGGAUUCACCGGU,99,1.0818782590794833e-87,0.6,0.5,0.4,0.5333333333333333,0.566285252571106,52.6,67.89283220523544,23.08426762868885,-2.1
TCTGCCTTGCTGGACTGGT,ACCAGUCCAGCAAGGCAGA,52,2.4016889594683177e-19,0.6,0.3333333333333333,0.4,0.4777777777777777,0.5661747455596924,57.9,72.85310496922551,34.16968174004563,-2.5
ACGAGGGATGGGATTTCAT,AUGAAAUCCCAUCCCUCGU,499,2.9345818407353216e-34,0.8,0.6666666666666666,0.6,0.7222222222222222,0.5655984282493591,47.4,66.07059572731231,14.469704802504907,-0.5
ACTAAAGCAGTGTTTTCAC,GUGAAAACACUGCUUUAGU,541,5.046738088181569e-20,0.6,0.4166666666666667,0.4,0.5055555555555555,0.5641860365867615,36.8,58.62316624310756,1.6908326988624367,-2.1
GGAAGGCACTTGGCATCTC,GAGAUGCCAAGUGCCUUCC,322,3.9103401621052216e-23,0.6,0.5,0.6,0.5666666666666667,0.5638903975486755,57.9,70.16273440972805,27.854808765674306,-2.3
GAGGGACTTCTCCTCCAGT,ACUGGAGGAGAAGUCCCUC,469,5.3902326661641244e-33,0.8,0.4166666666666667,0.8,0.6722222222222224,0.5607516765594482,57.9,71.80146303818663,34.51108791318808,-1.8
TGGCATCTCCCCATTCCAT,AUGGAAUGGGGAGAUGCCA,332,5.695628341343553e-28,0.8,0.5,0.6,0.6666666666666666,0.560285747051239,52.6,70.15714642708906,24.269681982919735,-1.9
AGTGTTTTCACCTCATATG,CAUAUGAGGUGAAAACACU,549,3.162446705149438e-22,0.6,0.5,0.2,0.5,0.5597860217094421,36.8,58.84929495665136,15.978971203323681,0.1
TGGCCGTGCATGTGTTCAG,CUGAACACAUGCACGGCCA,169,2.1017154321224796e-45,0.6,0.4166666666666667,0.4,0.5055555555555555,0.5591890811920166,57.9,70.4419958649953,16.31638099566294,-2.0
CCCATTCCATGAGCATGCA,UGCAUGCUCAUGGAAUGGG,341,5.617293239924964e-29,0.8,0.6666666666666666,0.8,0.7555555555555555,0.558682382106781,52.6,68.2837202204064,32.49147945660377,-2.5
TCATATGCTATGTTAGAAG,CUUCUAACAUAGCAUAUGA,561,5.731386494327764e-21,0.6,0.5833333333333334,0.2,0.5277777777777778,0.5583466291427612,31.6,56.27331246123475,4.232823013182383,-1.3
GCATCTCCCCATTCCATGA,UCAUGGAAUGGGGAGAUGC,334,8.858916353380979e-36,1.0,0.6666666666666666,0.8,0.8555555555555555,0.558293879032135,52.6,68.69525230506349,13.8857642026652,-0.5
ATGCAGAGGTGGTATTCAC,GUGAAUACCACCUCUGCAU,355,5.46942356853944e-28,0.6,0.5833333333333334,0.4,0.5611111111111111,0.5581156015396118,47.4,65.91256634451025,15.913058174937873,-2.1
GACCTGAAGGACGAGGGAT,AUCCCUCGUCCUUCAGGUC,489,2.0405851507323066e-51,0.8,0.3333333333333333,0.6,0.6111111111111112,0.5576696991920471,57.9,70.97276541600513,34.700715051808004,-2.2
TGAAGGACGAGGGATGGGA,UCCCAUCCCUCGUCCUUCA,493,6.058328684787613e-47,0.6,0.5,0.4,0.5333333333333333,0.5565758943557739,57.9,72.48893439268414,40.94365749612717,-4.4
GCTGCATGGGCTCACAACT,AGUUGUGAGCCCAUGCAGC,248,8.13066971698513e-51,1.0,0.5,1.0,0.8333333333333334,0.5559408664703369,57.9,71.23838190723262,21.582708571940486,-0.1
CCCTACTCCTATTCCACCA,UGGUGGAAUAGGAGUAGGG,423,2.62252450582101e-32,0.8,0.6666666666666666,0.8,0.7555555555555555,0.5553154349327087,52.6,70.01179894338992,25.14282519740334,-2.5
CAAGTGTCCTCTGATGGTC,GACCAUCAGAGGACACUUG,110,9.265865780919768e-44,0.6,0.5,0.6,0.5666666666666667,0.5552995800971985,52.6,67.12360734479313,24.78403183898888,-3.8
GGACTGGTATTTGTGTCTG,CAGACACAAAUACCAGUCC,63,2.4045702674866e-45,0.6,0.5,0.6,0.5666666666666667,0.5551950335502625,47.4,64.5451568851409,16.118585416808628,-2.0
CTCCAGTGGACCTGAAGGA,UCCUUCAGGUCCACUGGAG,481,9.030604845029213e-62,1.0,0.5833333333333334,0.8,0.8277777777777778,0.5550926327705383,57.9,71.71937810596796,30.384346731897324,-2.7
GCCATTTGCCTCTGGGAAA,UUUCCCAGAGGCAAAUGGC,212,6.595496349145802e-44,1.0,0.6666666666666666,0.8,0.8555555555555555,0.5550872087478638,52.6,68.62258163908291,27.662868784345562,0.3
GCTTCTCATCGTCTGCTCC,GGAGCAGACGAUGAGAAGC,30,3.08924315254226e-90,0.6,0.25,0.4,0.44999999999999996,0.5546310544013977,57.9,68.99719485218628,32.72908982745042,-3.7
ACCAATCCCAAGGAATGAG,CUCAUUCCUUGGGAUUGGU,453,1.5220828804779817e-26,0.6,0.4166666666666667,0.4,0.5055555555555555,0.554587721824646,47.4,65.46611718055289,17.314713456209518,-2.0
AAGAGTATTCCATTTTTAC,GUAAAAAUGGAAUACUCUU,524,1.0192609176962805e-24,0.6,0.4166666666666667,0.0,0.4388888888888889,0.5545710325241089,26.3,51.85792905213151,-17.049484031777638,0.1
CAATGTGGCCGTGCATGTG,CACAUGCACGGCCACAUUG,164,5.504192918342105e-55,0.6,0.4166666666666667,0.4,0.5055555555555555,0.5541747808456421,57.9,68.9455656565035,25.093889319535435,-1.8
CCTCTGATGGTCAAAGTTC,GAACUUUGACCAUCAGAGG,117,5.304278163186384e-35,0.8,0.5,0.6,0.6666666666666666,0.5539499521255493,47.4,63.91705052159705,1.4503348516767574,-1.4
GCCCCTACTCCTATTCCAC,GUGGAAUAGGAGUAGGGGC,421,9.716413123579472e-37,0.8,0.25,0.6,0.5833333333333334,0.5530501008033752,57.9,71.70777332289111,14.691532928206016,-3.5
GAGCCATTTGCCTCTGGGA,UCCCAGAGGCAAAUGGCUC,210,2.2044907058434985e-46,0.8,0.5,0.8,0.7000000000000001,0.5529486536979675,57.9,71.60976641994671,39.814714400892456,-4.4
TGAGTCTGGAGAGCTGCAT,AUGCAGCUCUCCAGACUCA,236,5.775875675022083e-59,0.6,0.5833333333333334,0.6,0.5944444444444444,0.5516766905784607,52.6,69.44239473675026,34.397768650469516,-2.0
GTGTTCAGAAAGGCTGCTG,CAGCAGCCUUUCUGAACAC,180,4.598743607739288e-45,0.6,0.3333333333333333,0.4,0.4777777777777777,0.5510830283164978,52.6,66.70984500386277,36.219321352824466,-3.5
GTGCATGTGTTCAGAAAGG,CCUUUCUGAACACAUGCAC,174,7.112785115038951e-56,0.8,0.5833333333333334,0.6,0.6944444444444445,0.5502927899360657,47.4,63.674853403657494,12.673490453560873,-1.7
CGTCACCAATCCCAAGGAA,UUCCUUGGGAUUGGUGACG,449,4.099410202499957e-28,1.0,0.75,0.8,0.8833333333333333,0.5496816635131836,52.6,67.84068947402244,33.711754041387564,-2.1
CCATGAGCATGCAGAGGTG,CACCUCUGCAUGCUCAUGG,347,3.647914714128183e-36,0.6,0.5,0.6,0.5666666666666667,0.549477756023407,57.9,69.67690581380111,34.56900104810626,-3.5
GGCACCGGTGAATCCAAGT,ACUUGGAUUCACCGGUGCC,96,1.4251263393631916e-73,1.0,0.5,0.8,0.7999999999999999,0.5494236946105957,57.9,70.98483766400597,12.321645621148264,-0.1
CAGGATGGCTTCTCATCGT,ACGAUGAGAAGCCAUCCUG,23,5.935080963215526e-41,1.0,0.6666666666666666,0.8,0.8555555555555555,0.5488687753677368,52.6,67.34382096941846,22.644761702807557,-1.9
AATAGACACCAAATCTTAC,GUAAGAUUUGGUGUCUAUU,302,1.4307713125685513e-24,0.6,0.5,0.4,0.5333333333333333,0.548568069934845,31.6,55.96372833951864,-10.731570822134984,0.1
ATCTTACTGGAAGGCACTT,AAGUGCCUUCCAGUAAGAU,314,9.601478194357404e-23,0.6,0.5,0.6,0.5666666666666667,0.5484790802001953,42.1,63.83896741774515,26.094832122784283,-0.1
CTGGACTGGTATTTGTGTC,GACACAAAUACCAGUCCAG,61,4.146633332367403e-33,0.8,0.5,0.6,0.6666666666666666,0.5483677387237549,47.4,64.5451568851409,2.341423592002627,-2.1
CAAAGTTCTAGATGCTGTC,GACAGCAUCUAGAACUUUG,128,4.701822270160939e-43,0.6,0.5,0.4,0.5333333333333333,0.5482482314109802,42.1,60.76565949797333,25.567401034998454,-2.1
CACCGGTGAATCCAAGTGT,ACACUUGGAUUCACCGGUG,98,5.077500696724566e-93,1.0,0.5833333333333334,0.8,0.8277777777777778,0.5482138991355896,52.6,67.71938827333787,23.786391634487472,-1.9
GAGCTGCATGGGCTCACAA,UUGUGAGCCCAUGCAGCUC,246,1.4147915336201191e-55,1.0,0.5833333333333334,0.6,0.7944444444444444,0.5481163263320923,57.9,71.2222125610678,34.71751322977542,-0.2
CGGGCACCGGTGAATCCAA,UUGGAUUCACCGGUGCCCG,94,1.0410188203860012e-39,1.0,0.5833333333333334,0.8,0.8277777777777778,0.5477217435836792,63.2,73.15377056680245,17.50708116487317,-1.8
GCTGCTGATGACACCTGGG,CCCAGGUGUCAUCAGCAGC,192,2.2494147770497396e-30,0.6,0.25,0.2,0.4166666666666667,0.5474584698677063,63.2,72.90195917238071,33.66405338338029,-4.1
GCAGGATGGCTTCTCATCG,CGAUGAGAAGCCAUCCUGC,22,4.329679048331652e-43,0.6,0.4166666666666667,0.8,0.5722222222222223,0.5469049215316772,57.9,68.95616486992463,16.039538098504238,-1.3
CTAGATGCTGTCCGAGGCA,UGCCUCGGACAGCAUCUAG,135,8.929333161995334e-24,0.8,0.5833333333333334,0.6,0.6944444444444445,0.5468780994415283,57.9,70.85789545864185,40.988507044230175,-4.2
GATGGCTTCTCATCGTCTG,CAGACGAUGAGAAGCCAUC,26,6.793131874186038e-62,0.6,0.5,0.6,0.5666666666666667,0.5467311143875122,52.6,65.93808947799471,21.949280638687355,-2.0
AGAAAGGCTGCTGATGACA,UGUCAUCAGCAGCCUUUCU,186,1.3284189201178155e-28,0.8,0.6666666666666666,0.4,0.688888888888889,0.5461047291755676,47.4,66.34634942019306,23.26574330692955,-2.1
ACTGAGGAGGAATTTGTAG,CUACAAAUUCCUCCUCAGU,264,4.362539901304272e-53,0.6,0.5,0.4,0.5333333333333333,0.546092689037323,42.1,62.43435465684348,-12.010325654223095,-1.5
GTCCGAGGCAGTCCTGCCA,UGGCAGGACUGCCUCGGAC,144,4.4618931375026393e-36,0.8,0.5,0.8,0.7000000000000001,0.545244574546814,68.4,76.5139624911422,40.962732964278814,-4.2
TCACCTCATATGCTATGTT,AACAUAGCAUAUGAGGUGA,556,4.710955821054238e-23,0.8,0.75,0.6,0.75,0.54515141248703,36.8,61.02419965898872,17.993995482178207,-0.1
TAGAAGGGATATACAAAGT,ACUUUGUAUAUCCCUUCUA,280,7.726666761619517e-24,0.8,0.75,0.4,0.7166666666666668,0.543506383895874,31.6,58.11184047024625,0.3455721142572088,-0.1
CACTTGGCATCTCCCCATT,AAUGGGGAGAUGCCAAGUG,328,1.2036640236212033e-22,0.8,0.5833333333333334,0.8,0.7277777777777779,0.5419387817382812,52.6,68.5400812003864,34.43039057127203,0.5
ACGGGCACCGGTGAATCCA,UGGAUUCACCGGUGCCCGU,93,4.0253614003577935e-43,0.8,0.5,0.4,0.6333333333333334,0.5416140556335449,63.2,74.63885048424771,23.593326589273943,-2.7
GTGGCCGTGCATGTGTTCA,UGAACACAUGCACGGCCAC,168,3.669983894258634e-46,1.0,0.5,0.8,0.7999999999999999,0.5410193204879761,57.9,70.64019434284103,14.562606672779623,-0.4
TTTTTACTAAAGCAGTGTT,AACACUGCUUUAGUAAAAA,536,7.964374917984657e-21,0.8,0.4166666666666667,0.4,0.6055555555555556,0.5391032099723816,26.3,52.600662265967,26.756907530783792,-0.1
CCTTGCTGGACTGGTATTT,AAAUACCAGUCCAGCAAGG,56,3.0008670050991324e-33,1.0,0.6666666666666666,0.8,0.8555555555555555,0.537967324256897,47.4,65.79031368044838,13.8024552912143,2.2
CTGCTGAGCCCCTACTCCT,AGGAGUAGGGGCUCAGCAG,414,1.7314475405296414e-23,1.0,0.3333333333333333,0.6,0.7111111111111111,0.5375688672065735,63.2,74.87167723465393,32.99401260230604,-2.7
TTGCTGGACTGGTATTTGT,ACAAAUACCAGUCCAGCAA,58,2.6978924541133935e-28,0.8,0.75,0.6,0.75,0.5367258787155151,42.1,63.913911593155206,10.935863033142311,-0.2
GGAGAGCTGCATGGGCTCA,UGAGCCCAUGCAGCUCUCC,243,8.033106276921754e-52,0.8,0.5,0.6,0.6666666666666666,0.53532475233078,63.2,74.13525490288981,34.97097708553389,-2.0
CCAAGGAATGAGGGACTTC,GAAGUCCCUCAUUCCUUGG,460,1.2325168114555528e-23,0.6,0.5,0.4,0.5333333333333333,0.5349845290184021,52.6,67.33934620549064,26.842740204070424,-1.3
CTCCCCATTCCATGAGCAT,AUGCUCAUGGAAUGGGGAG,338,5.871797532691383e-34,1.0,0.5,0.8,0.7999999999999999,0.5328357219696045,52.6,68.48908373899422,24.72786265598245,-2.0
TCTCCTCCAGTGGACCTGA,UCAGGUCCACUGGAGGAGA,477,3.0008574727318555e-49,0.6,0.4166666666666667,0.4,0.5055555555555555,0.5325289368629456,57.9,73.1584646928008,34.16968174004563,-2.0
CCATTCCATGAGCATGCAG,CUGCAUGCUCAUGGAAUGG,342,1.7473841491847562e-35,0.6,0.5,0.4,0.5333333333333333,0.5313668847084045,52.6,66.64203010236861,27.138739276391107,-3.5
TTTGCCTCTGGGAAAACCA,UGGUUUUCCCAGAGGCAAA,216,1.017481691830258e-41,0.8,0.5833333333333334,0.4,0.6611111111111112,0.5308542251586914,47.4,66.93899556668191,21.14790783124829,-2.5
GGATGGCTTCTCATCGTCT,AGACGAUGAGAAGCCAUCC,25,4.990167187772412e-51,1.0,0.5833333333333334,0.8,0.8277777777777778,0.5304831862449646,52.6,67.51654021693508,23.677278825655662,-2.1
CCAATCCCAAGGAATGAGG,CCUCAUUCCUUGGGAUUGG,454,1.5946607290114937e-25,0.8,0.5,0.6,0.6666666666666666,0.5300090909004211,52.6,67.28188842596359,22.574792487393495,-3.7
AGGGACTTCTCCTCCAGTG,CACUGGAGGAGAAGUCCCU,470,1.3867905697116006e-30,0.4,0.4166666666666667,0.2,0.3722222222222223,0.5297031998634338,57.9,71.67515145302099,34.017150854736144,-1.8
AGTGAGTCTGGAGAGCTGC,GCAGCUCUCCAGACUCACU,234,6.017324124070579e-43,0.4,0.16666666666666666,0.2,0.2888888888888889,0.5290138721466064,57.9,71.11451258053211,31.874537348060414,-3.5
GTCAAAGTTCTAGATGCTG,CAGCAUCUAGAACUUUGAC,126,7.851978160022738e-48,0.6,0.3333333333333333,0.6,0.5111111111111111,0.5289158225059509,42.1,60.76565949797333,18.61330776332676,-3.5
GCATGCAGAGGTGGTATTC,GAAUACCACCUCUGCAUGC,353,5.1365266951497656e-33,0.8,0.5833333333333334,0.6,0.6944444444444445,0.5272994041442871,52.6,67.60418160120781,15.05517894459274,0.2
AACCAGTGAGTCTGGAGAG,CUCUCCAGACUCACUGGUU,230,3.3513207590035784e-43,0.4,0.4166666666666667,0.2,0.3722222222222223,0.5270359516143799,52.6,68.39436174573609,28.71573405394099,-2.0
CGGCTGTCGTCACCAATCC,GGAUUGGUGACGACAGCCG,442,8.034731202457411e-07,0.6,0.5,0.4,0.5333333333333333,0.5265156626701355,63.2,71.46098274721157,22.0604301314317,-2.2
GTCTGAGGCTGGCCCTACG,CGUAGGGCCAGCCUCAGAC,77,2.5913136505802853e-46,0.6,0.4166666666666667,0.4,0.5055555555555555,0.5263503789901733,68.4,75.63419845334454,41.95016945162229,-1.3
AGGACGAGGGATGGGATTT,AAAUCCCAUCCCUCGUCCU,496,3.7197011714804133e-42,0.8,0.5833333333333334,0.6,0.6944444444444445,0.524316132068634,52.6,69.39843602270366,17.020078982489338,2.2
AGACACCAAATCTTACTGG,CCAGUAAGAUUUGGUGUCU,305,4.7094715151227114e-20,0.6,0.5,0.4,0.5333333333333333,0.5236295461654663,42.1,62.44781984481125,14.13764060205989,-3.4
CTTCTCCTCCAGTGGACCT,AGGUCCACUGGAGGAGAAG,475,2.6800898639517796e-51,0.8,0.4166666666666667,0.6,0.638888888888889,0.5235906839370728,57.9,71.67515145302099,34.894613112902505,-2.5
TGGTATTTGTGTCTGAGGC,GCCUCAGACACAAAUACCA,67,5.082279212155547e-47,0.4,0.4166666666666667,0.2,0.3722222222222223,0.5231860876083374,47.4,65.93766427548331,32.16075392869817,-4.2
GTATTTGTGTCTGAGGCTG,CAGCCUCAGACACAAAUAC,69,2.356168788685437e-45,0.6,0.4166666666666667,0.4,0.5055555555555555,0.5230876207351685,47.4,64.25840315176441,33.69770359426667,-3.5
TCCATGAGCATGCAGAGGT,ACCUCUGCAUGCUCAUGGA,346,6.5513927823705715e-37,0.6,0.5,0.6,0.5666666666666667,0.522459864616394,52.6,69.60697336977466,33.84891446274412,-2.5
ACGGCTGTCGTCACCAATC,GAUUGGUGACGACAGCCGU,441,2.3116670891245174e-06,0.6,0.4166666666666667,0.4,0.5055555555555555,0.522363543510437,57.9,69.82662860623833,16.66935356618103,0.2
GACTTCTCCTCCAGTGGAC,GUCCACUGGAGGAGAAGUC,473,1.260313359287116e-36,0.6,0.4166666666666667,0.4,0.5055555555555555,0.5221642255783081,57.9,70.40782973133366,34.16968174004563,-3.8
AGCTGCATGGGCTCACAAC,GUUGUGAGCCCAUGCAGCU,247,7.115685212411273e-53,0.6,0.4166666666666667,0.2,0.47222222222222227,0.521213710308075,57.9,71.23838190723262,24.612884678031037,-1.1
CCTCTGCCTTGCTGGACTG,CAGUCCAGCAAGGCAGAGG,50,7.2410558647080615e-22,0.6,0.4166666666666667,0.4,0.5055555555555555,0.5207105278968811,63.2,72.77011564327609,34.56900104810626,-1.8
GCAGTCCTGCCATCAATGT,ACAUUGAUGGCAGGACUGC,151,2.2124527758382097e-66,1.0,0.75,0.8,0.8833333333333333,0.5199418663978577,52.6,68.33060695674754,10.88360134613464,-0.3
GGCATCTCCCCATTCCATG,CAUGGAAUGGGGAGAUGCC,333,1.0829586169114976e-28,0.8,0.25,0.6,0.5833333333333334,0.5184164643287659,57.9,70.35343584842587,13.885764202665314,-1.2
AATGTGGCCGTGCATGTGT,ACACAUGCACGGCCACAUU,165,1.7106571017836566e-49,0.8,0.5833333333333334,0.6,0.6944444444444445,0.5179987549781799,52.6,68.855522306843,24.237788300685907,-1.9
ACCACGGCTGTCGTCACCA,UGGUGACGACAGCCGUGGU,438,1.2769649688265289e-08,0.6,0.4166666666666667,0.4,0.5055555555555555,0.51780766248703,63.2,74.3617985408963,32.407711434639054,-2.5
TGGGCTCACAACTGAGGAG,CUCCUCAGUUGUGAGCCCA,254,4.657981236547337e-37,0.4,0.3333333333333333,0.4,0.37777777777777777,0.5166228413581848,57.9,71.47338353937585,28.11041077376825,-3.7
GGCTGTCGTCACCAATCCC,GGGAUUGGUGACGACAGCC,443,8.683877088494952e-23,0.6,0.3333333333333333,0.4,0.4777777777777777,0.5164552927017212,63.2,72.56623028207161,25.142825197403397,-4.4
TGATGACACCTGGGAGCCA,UGGCUCCCAGGUGUCAUCA,197,1.9421126386397484e-53,0.6,0.5,0.6,0.5666666666666667,0.5161073207855225,57.9,73.09141991630645,43.44935772473201,-4.2
CTGATGGTCAAAGTTCTAG,CUAGAACUUUGACCAUCAG,120,3.3954852172072643e-41,0.8,0.4166666666666667,0.6,0.638888888888889,0.5148337483406067,42.1,60.783393467566725,3.999487019288381,-1.4
AGAGGTGGTATTCACAGCC,GGCUGUGAAUACCACCUCU,359,1.1964039088556673e-22,0.4,0.4166666666666667,0.4,0.4055555555555556,0.5145193934440613,52.6,69.183680817106,24.612884678031037,-4.2
CTAAAGCAGTGTTTTCACC,GGUGAAAACACUGCUUUAG,542,9.979329500140058e-23,0.8,0.5,0.6,0.6666666666666666,0.5140446424484253,42.1,60.74238699733053,10.201774444150317,-3.5
CTGGAGAGCTGCATGGGCT,AGCCCAUGCAGCUCUCCAG,241,8.76964794261751e-50,0.8,0.4166666666666667,0.6,0.638888888888889,0.5125909447669983,63.2,73.99388895342065,40.71573500919186,-4.2
CCGCCCTGCTGAGCCCCTA,UAGGGGCUCAGCAGGGCGG,409,4.8848518278978125e-27,0.8,0.4166666666666667,0.6,0.638888888888889,0.5125057697296143,73.7,79.88192025475502,43.31637580178824,-2.1
GCTCCTCCTCTGCCTTGCT,AGCAAGGCAGAGGAGGAGC,44,7.826673659966148e-33,0.8,0.5,0.6,0.6666666666666666,0.5123633146286011,63.2,74.15481021163475,33.610945822134,-2.5
TTCCATTTTTACTAAAGCA,UGCUUUAGUAAAAAUGGAA,531,4.310824653339556e-25,0.8,0.5833333333333334,0.2,0.6277777777777779,0.5120111703872681,26.3,52.88746613199652,13.392167040964125,-2.5
TGCTGTCCGAGGCAGTCCT,AGGACUGCCUCGGACAGCA,140,8.26054907708897e-18,0.6,0.4166666666666667,0.4,0.5055555555555555,0.5117550492286682,63.2,74.87496008828992,40.962732964278814,-2.7
ATATACAAAGTGGAAATAG,CUAUUUCCACUUUGUAUAU,288,1.2920503287258266e-18,0.6,0.5,0.0,0.4666666666666666,0.5113992691040039,26.3,52.39670485715908,4.889976404025049,0.1
CTGCATGGGCTCACAACTG,CAGUUGUGAGCCCAUGCAG,249,9.098834123309492e-52,0.8,0.4166666666666667,0.6,0.638888888888889,0.511208176612854,57.9,69.74528589865247,16.11858541680857,-1.8
GATTTCATGTAACCAAGAG,CUCUUGGUUACAUGAAAUC,510,4.6636272636822733e-66,0.6,0.5833333333333334,0.4,0.5611111111111111,0.5096744894981384,36.8,57.51366461479995,15.146903215488408,-2.0
CTGGGAAAACCAGTGAGTC,GACUCACUGGUUUUCCCAG,223,1.6611092833793369e-43,0.6,0.25,0.6,0.48333333333333334,0.5087462067604065,52.6,67.26074567546294,24.313058602842148,-2.1
ATGACACCTGGGAGCCATT,AAUGGCUCCCAGGUGUCAU,199,7.100177122541314e-50,0.8,0.5833333333333334,0.6,0.6944444444444445,0.5082486867904663,52.6,70.05297544460848,34.97097708553406,0.5
CGCCCTGCTGAGCCCCTAC,GUAGGGGCUCAGCAGGGCG,410,7.747789756475128e-25,0.6,0.25,0.4,0.44999999999999996,0.5076943635940552,73.7,78.39708648793675,38.03720144132495,-1.5
GGGACTTCTCCTCCAGTGG,CCACUGGAGGAGAAGUCCC,471,1.1821184665355163e-37,0.6,0.3333333333333333,0.2,0.4444444444444444,0.5067636966705322,63.2,73.42668223356463,30.903838177601415,-3.5
ATGAGGGACTTCTCCTCCA,UGGAGGAGAAGUCCCUCAU,467,1.0696237281373102e-28,0.6,0.6666666666666666,0.6,0.6222222222222221,0.5060795545578003,52.6,70.12671434956673,35.68861712154012,-2.7
TAGAAGTCCAGGCAGAGAC,GUCUCUGCCUGGACUUCUA,574,1.3065797662452247e-40,0.4,0.4166666666666667,0.2,0.3722222222222223,0.5053412318229675,52.6,69.01559897195739,35.04444835284545,-2.1
CATCAATGTGGCCGTGCAT,AUGCACGGCCACAUUGAUG,161,9.932520932022713e-63,0.8,0.5833333333333334,0.8,0.7277777777777779,0.5052840113639832,52.6,67.2873421813544,40.11265024751856,-2.0
AGAGCTGCATGGGCTCACA,UGUGAGCCCAUGCAGCUCU,245,1.6740887338380124e-48,0.6,0.6666666666666666,0.4,0.5888888888888888,0.5045908689498901,57.9,72.49091713062842,40.962732964278814,-1.8
CTCATCGTCTGCTCCTCCT,AGGAGGAGCAGACGAUGAG,34,9.075401710740991e-68,0.8,0.5,0.6,0.6666666666666666,0.5045049786567688,57.9,70.34109157385086,41.19398098239185,-2.7
CCTCCTCTGCCTTGCTGGA,UCCAGCAAGGCAGAGGAGG,47,9.335542570304361e-27,0.8,0.5,0.6,0.6666666666666666,0.5039179921150208,63.2,74.33554888609245,29.702926324648615,-2.7
AAGGAATGAGGGACTTCTC,GAGAAGUCCCUCAUUCCUU,462,2.5617006978340104e-20,0.6,0.5,0.4,0.5333333333333333,0.5036338567733765,47.4,65.51054479693312,25.159271588378147,-2.3
AGGATGGCTTCTCATCGTC,GACGAUGAGAAGCCAUCCU,24,1.3513744218994203e-45,0.4,0.5,0.4,0.43333333333333335,0.5034562945365906,52.6,67.51654021693514,21.949280638687412,-2.9
AAGGCTGCTGATGACACCT,AGGUGUCAUCAGCAGCCUU,189,6.431014448840429e-22,0.6,0.4166666666666667,0.6,0.5388888888888889,0.5031766295433044,52.6,69.62968531953726,25.800740310913056,-2.5
TGTCGTCACCAATCCCAAG,CUUGGGAUUGGUGACGACA,446,5.593863109416324e-30,0.4,0.4166666666666667,0.4,0.4055555555555556,0.5031232237815857,52.6,67.72435340058735,15.715860486511644,-1.0
GAAGGCACTTGGCATCTCC,GGAGAUGCCAAGUGCCUUC,323,3.408960606190256e-22,0.6,0.5,0.4,0.5333333333333333,0.5029280781745911,57.9,70.1627344097281,33.12142816234359,-3.7
TCCTCTGCCTTGCTGGACT,AGUCCAGCAAGGCAGAGGA,49,1.9043499628246612e-22,0.6,0.5,0.6,0.5666666666666667,0.5026938915252686,57.9,72.78316854925339,34.71751322977542,-2.1
TCCAAGTGTCCTCTGATGG,CCAUCAGAGGACACUUGGA,108,4.478807841301495e-51,0.4,0.4166666666666667,0.2,0.3722222222222223,0.5015814900398254,52.6,68.55665563499855,22.253802477337956,-1.9
ATTTCATGTAACCAAGAGT,ACUCUUGGUUACAUGAAAU,511,1.1489266650801764e-61,0.8,0.5833333333333334,0.4,0.6611111111111112,0.5014104843139648,31.6,56.67469379634781,23.61050566089608,-2.1
GCCGTGCATGTGTTCAGAA,UUCUGAACACAUGCACGGC,171,4.802791586730842e-57,1.0,0.6666666666666666,0.8,0.8555555555555555,0.5006895065307617,52.6,67.38404364343887,16.96902907878348,-0.4
AGTCTGGAGAGCTGCATGG,CCAUGCAGCUCUCCAGACU,238,1.2195479985347486e-54,0.4,0.3333333333333333,0.2,0.3444444444444445,0.5001373887062073,57.9,71.09109934599735,31.271987020666245,-1.9
AGCCATTTGCCTCTGGGAA,UUCCCAGAGGCAAAUGGCU,211,4.8706881578204294e-45,0.6,0.5833333333333334,0.4,0.5611111111111111,0.49973049759864807,52.6,69.94380815852674,34.51108791318802,-2.1
AAGGACGAGGGATGGGATT,AAUCCCAUCCCUCGUCCUU,495,1.5975189873879336e-43,0.8,0.5833333333333334,0.6,0.6944444444444445,0.4996729791164398,52.6,69.39843602270366,26.713221153031554,0.2
CCAAATCTTACTGGAAGGC,GCCUUCCAGUAAGAUUUGG,310,3.2117134422139915e-31,0.6,0.4166666666666667,0.4,0.5055555555555555,0.49937766790390015,47.4,64.42873487765559,30.384346731897324,-4.2
TCTTACTGGAAGGCACTTG,CAAGUGCCUUCCAGUAAGA,315,1.4771748754837235e-23,0.4,0.4166666666666667,0.2,0.3722222222222223,0.4965602159500122,47.4,65.68166043916574,26.094832122784283,-1.0
GAGAGCTGCATGGGCTCAC,GUGAGCCCAUGCAGCUCUC,244,6.065864641619386e-53,0.6,0.25,0.4,0.44999999999999996,0.496410995721817,63.2,72.71224705599826,37.192082651254964,-2.1
TGTGGCCGTGCATGTGTTC,GAACACAUGCACGGCCACA,167,5.180560362725227e-40,0.6,0.4166666666666667,0.4,0.5055555555555555,0.49614232778549194,57.9,70.64019434284097,12.634905382709576,-1.4
TCCTATTCCACCACGGCTG,CAGCCGUGGUGGAAUAGGA,429,6.248868558673648e-20,0.4,0.25,0.2,0.3166666666666667,0.4958935081958771,57.9,71.36899862312589,39.55114150053396,-3.5
CTGCCATCAATGTGGCCGT,ACGGCCACAUUGAUGGCAG,157,3.2231312189450554e-56,0.8,0.3333333333333333,0.8,0.6444444444444445,0.4954836666584015,57.9,70.50858515945458,39.694327653109895,-3.3
GTGTTTTCACCTCATATGC,GCAUAUGAGGUGAAAACAC,550,4.460353346179315e-30,0.8,0.4166666666666667,0.4,0.6055555555555556,0.49538886547088623,42.1,61.15978804949668,12.969385053212704,-2.0
CGAGGCAGTCCTGCCATCA,UGAUGGCAGGACUGCCUCG,147,1.666965237011659e-32,0.8,0.5833333333333334,0.6,0.6944444444444445,0.4951220452785492,63.2,73.37274958053342,31.91910765890617,-0.5
GCTGATGACACCTGGGAGC,GCUCCCAGGUGUCAUCAGC,195,3.8025267179507886e-33,0.6,0.25,0.2,0.4166666666666667,0.4942375421524048,63.2,73.0117870024082,39.814714400892456,-3.8
GGGCTCACAACTGAGGAGG,CCUCCUCAGUUGUGAGCCC,255,2.15703824510168e-40,0.6,0.16666666666666666,0.4,0.4222222222222222,0.4942280650138855,63.2,73.18894321286257,31.281290530198476,-3.7
GGCCCCCGCCGCTACACCA,UGGUGUAGCGGCGGGGGCC,387,7.23211029944784e-38,0.6,0.4166666666666667,0.6,0.5388888888888889,0.4925965666770935,78.9,82.23635392556145,33.212860786895135,-2.5
AGGAATGAGGGACTTCTCC,GGAGAAGUCCCUCAUUCCU,463,1.4457097981601186e-19,0.4,0.4166666666666667,0.2,0.3722222222222223,0.4921122193336487,52.6,68.79171171278352,23.623325722033087,-3.7
CTTCTCATCGTCTGCTCCT,AGGAGCAGACGAUGAGAAG,31,2.675713356399663e-87,0.8,0.5,0.6,0.6666666666666666,0.4909012019634247,52.6,67.18662239973673,35.04444835284545,-2.7
GACACCTGGGAGCCATTTG,CAAAUGGCUCCCAGGUGUC,201,1.3339005846508332e-47,0.8,0.5,0.6,0.6666666666666666,0.4898744523525238,57.9,70.32197621694536,14.688635480467497,0.6
AGGCTGCTGATGACACCTG,CAGGUGUCAUCAGCAGCCU,190,1.5163788754144833e-19,0.4,0.3333333333333333,0.4,0.37777777777777777,0.4872000217437744,57.9,71.15055966750327,27.656948286079853,-3.4
ACCAAATCTTACTGGAAGG,CCUUCCAGUAAGAUUUGGU,309,6.858293329053864e-20,0.4,0.5,0.4,0.43333333333333335,0.4867195188999176,42.1,62.518592923236895,23.61050566089608,-1.7
ATGGGATTTCATGTAACCA,UGGUUACAUGAAAUCCCAU,506,6.68320760576049e-67,0.8,0.5833333333333334,0.6,0.6944444444444445,0.4867110550403595,36.8,60.73211544570319,15.05517894459274,-2.5
GAGGCTGGCCCTACGGGCA,UGCCCGUAGGGCCAGCCUC,81,2.3838407017541296e-41,0.8,0.4166666666666667,0.6,0.638888888888889,0.4856835603713989,73.7,80.02732009591347,38.43584637287495,-4.2
ATCCAAGTGTCCTCTGATG,CAUCAGAGGACACUUGGAU,107,1.5439386931295896e-56,0.6,0.5833333333333334,0.4,0.5611111111111111,0.48543938994407654,47.4,65.24841140521534,25.266260358356533,-1.5
CCCTACGGGCACCGGTGAA,UUCACCGGUGCCCGUAGGG,89,6.12892878604976e-53,0.8,0.5833333333333334,0.6,0.6944444444444445,0.4845723807811737,68.4,76.83288948641058,34.348133514536585,-0.4
GGAGCCATTTGCCTCTGGG,CCCAGAGGCAAAUGGCUCC,209,5.915277253228032e-50,0.6,0.4166666666666667,0.2,0.47222222222222227,0.484526664018631,63.2,73.20923829545472,40.21517450874228,-4.1
TCCACCACGGCTGTCGTCA,UGACGACAGCCGUGGUGGA,435,2.8396376227871055e-10,0.6,0.4166666666666667,0.4,0.5055555555555555,0.48436930775642395,63.2,74.3267821555998,29.1900790543433,-2.1
TGGAAATAGACACCAAATC,GAUUUGGUGUCUAUUUCCA,298,5.676349916676832e-32,0.6,0.5833333333333334,0.4,0.5611111111111111,0.483921617269516,36.8,59.22585540894488,11.587521225803755,0.2
TACGGGCACCGGTGAATCC,GGAUUCACCGGUGCCCGUA,92,3.8974825841912664e-47,0.6,0.4166666666666667,0.2,0.47222222222222227,0.48306870460510254,63.2,73.85707783988602,23.593326589273943,-2.2
AAAACCAGTGAGTCTGGAG,CUCCAGACUCACUGGUUUU,228,5.2318819711084004e-51,0.4,0.4166666666666667,0.2,0.3722222222222223,0.48222994804382324,47.4,65.21404309161147,28.11041077376825,-3.7
ACTGGTATTTGTGTCTGAG,CUCAGACACAAAUACCAGU,65,3.739908520549148e-52,0.4,0.4166666666666667,0.2,0.3722222222222223,0.4817892611026764,42.1,62.378393682051296,25.975607754610905,-2.0
GTGTCTGAGGCTGGCCCTA,UAGGGCCAGCCUCAGACAC,75,1.0482927908873538e-35,0.8,0.4166666666666667,0.4,0.6055555555555556,0.48102375864982605,63.2,75.08494560600911,42.3462709982,-2.1
TGCATGTGTTCAGAAAGGC,GCCUUUCUGAACACAUGCA,175,1.7584879145321288e-53,0.4,0.4166666666666667,0.2,0.3722222222222223,0.4807625114917755,47.4,65.0647169367038,19.719263021594372,-4.2
ATTCCACCACGGCTGTCGT,ACGACAGCCGUGGUGGAAU,433,3.389527044397102e-13,0.6,0.4166666666666667,0.6,0.5388888888888889,0.4804317355155945,57.9,71.32305289716084,37.49730610772326,-1.9
TGGCCCTACGGGCACCGGT,ACCGGUGCCCGUAGGGCCA,86,7.437389387954379e-53,0.6,0.3333333333333333,0.2,0.4444444444444444,0.47954052686691284,73.7,81.12075864440669,45.64488320316559,-3.3
CAGTCCTGCCATCAATGTG,CACAUUGAUGGCAGGACUG,152,1.5980581396830016e-67,0.8,0.5,0.6,0.6666666666666666,0.4788246154785156,52.6,66.81264309394129,5.223644756694739,-1.8
GCTACACCATTGCCGCCCT,AGGGCGGCAAUGGUGUAGC,397,4.945714302384155e-59,0.8,0.4166666666666667,0.6,0.638888888888889,0.4781738221645355,63.2,74.24844578589858,48.49564140958199,-4.1
CTGGTATTTGTGTCTGAGG,CCUCAGACACAAAUACCAG,66,1.0956715408515274e-50,0.6,0.4166666666666667,0.6,0.5388888888888889,0.47742459177970886,47.4,64.30997989919524,24.97187021654446,-3.7
CCCCTACTCCTATTCCACC,GGUGGAAUAGGAGUAGGGG,422,1.5243126835873505e-34,0.6,0.16666666666666666,0.8,0.48888888888888893,0.47722524404525757,57.9,71.82701979984853,15.913058174937873,-3.5
TGGAAGGCACTTGGCATCT,AGAUGCCAAGUGCCUUCCA,321,4.768438070303861e-21,0.6,0.5,0.6,0.5666666666666667,0.4771711528301239,52.6,69.80871798389177,25.08142660160496,-0.5
GCACCGGTGAATCCAAGTG,CACUUGGAUUCACCGGUGC,97,3.1158083655935865e-87,0.6,0.5,0.6,0.5666666666666667,0.47621840238571167,57.9,69.36144703036075,16.47267421630289,-1.8
TCACCAATCCCAAGGAATG,CAUUCCUUGGGAUUGGUGA,451,1.5853558780585773e-29,0.6,0.5833333333333334,0.4,0.5611111111111111,0.4760805070400238,47.4,65.51608474182615,12.321645621148264,0.5
TGGCTTCTCATCGTCTGCT,AGCAGACGAUGAGAAGCCA,28,5.727245766482226e-59,0.6,0.4166666666666667,0.6,0.5388888888888889,0.4755185842514038,52.6,68.59154457618212,32.1081556915193,-2.5
CTGCTGATGACACCTGGGA,UCCCAGGUGUCAUCAGCAG,193,1.1747174192509185e-31,0.8,0.5,0.6,0.6666666666666666,0.47488877177238464,57.9,71.4385298872138,39.55547723115188,-4.4
CTCCTATTCCACCACGGCT,AGCCGUGGUGGAAUAGGAG,428,1.882160342948127e-21,0.8,0.3333333333333333,0.8,0.6444444444444445,0.4742395877838135,57.9,71.32383666677805,40.3520833137913,-4.2
TCGTCTGCTCCTCCTCTGC,GCAGAGGAGGAGCAGACGA,38,7.489293547319737e-48,0.4,0.3333333333333333,0.0,0.3111111111111111,0.47352707386016846,63.2,73.30721879208528,31.281290530198476,-3.5
ATTTGTAGAAGGGATATAC,GUAUAUCCCUUCUACAAAU,275,1.0093704901080556e-16,0.6,0.5,0.0,0.4666666666666666,0.47147926688194275,31.6,56.790116858136855,18.50596641071553,0.0
GTCTGCTCCTCCTCTGCCT,AGGCAGAGGAGGAGCAGAC,40,9.1814572644266e-40,0.8,0.5,0.6,0.6666666666666666,0.47142744064331055,63.2,74.22797700994113,40.21517450874228,-4.2
AGTCCTGCCATCAATGTGG,CCACAUUGAUGGCAGGACU,153,8.326894827992486e-64,0.6,0.4166666666666667,0.4,0.5055555555555555,0.4708239436149597,52.6,68.4194816446934,13.532822677117053,-3.5
CTTGCTGGACTGGTATTTG,CAAAUACCAGUCCAGCAAG,57,4.136497748724973e-31,0.8,0.5,0.6,0.6666666666666666,0.4706229865550995,47.4,64.1284462445555,3.734326988522753,0.6
GGACGAGGGATGGGATTTC,GAAAUCCCAUCCCUCGUCC,497,7.68539089069755e-43,0.8,0.5,0.8,0.7000000000000001,0.4704548120498657,57.9,69.81814116741094,15.715860486511644,0.3
CTGGGAGCCATTTGCCTCT,AGAGGCAAAUGGCUCCCAG,206,1.0257551849741749e-43,0.8,0.4166666666666667,1.0,0.7055555555555557,0.4702979028224945,57.9,71.43568718679734,23.918951880327256,-2.0
CCCCGCCGCTACACCATTG,CAAUGGUGUAGCGGCGGGG,390,1.1323172387278888e-46,0.8,0.4166666666666667,0.4,0.6055555555555556,0.4693393409252167,68.4,75.01128639715694,15.803650621988822,0.5
TGACACCTGGGAGCCATTT,AAAUGGCUCCCAGGUGUCA,200,5.9985851488105075e-49,0.8,0.6666666666666666,0.6,0.7222222222222222,0.4685054421424866,52.6,70.12088135558002,24.91201664462983,2.2
TCCTCCAGTGGACCTGAAG,CUUCAGGUCCACUGGAGGA,479,1.6337398877491142e-55,0.4,0.4166666666666667,0.2,0.3722222222222223,0.4679265022277832,57.9,71.71937810596802,25.32872558924788,-1.3
TGCTGATGACACCTGGGAG,CUCCCAGGUGUCAUCAGCA,194,9.580909199700219e-32,0.4,0.25,0.4,0.35000000000000003,0.467907577753067,57.9,71.4385298872138,37.406054195232514,-3.7
ATGGCTTCTCATCGTCTGC,GCAGACGAUGAGAAGCCAU,27,3.88358237376002e-58,0.4,0.4166666666666667,0.2,0.3722222222222223,0.4662694036960602,52.6,67.26532554024959,21.949280638687412,-3.5
CCAGTGGACCTGAAGGACG,CGUCCUUCAGGUCCACUGG,483,3.0772945608988485e-58,0.6,0.3333333333333333,0.4,0.4777777777777777,0.464104026556015,63.2,72.40096670366194,25.32872558924788,-2.9
TGGACCTGAAGGACGAGGG,CCCUCGUCCUUCAGGUCCA,487,9.930694212641e-47,0.4,0.25,0.0,0.2833333333333334,0.46408769488334656,63.2,73.9840008052592,38.12135077481099,-4.1
AAGGCACTTGGCATCTCCC,GGGAGAUGCCAAGUGCCUU,324,1.1441785683393281e-21,0.4,0.25,0.4,0.35000000000000003,0.46277880668640137,57.9,71.62840041667994,33.121428162343534,-4.4
CTACTCCTATTCCACCACG,CGUGGUGGAAUAGGAGUAG,425,1.6607284459172794e-27,0.6,0.5,0.4,0.5333333333333333,0.4611721932888031,52.6,67.319002220529,35.04439310161786,-2.6
CTATTCCACCACGGCTGTC,GACAGCCGUGGUGGAAUAG,431,4.509037171942905e-16,0.6,0.3333333333333333,0.4,0.4777777777777777,0.4609605371952057,57.9,69.89853099292492,33.489922483424095,-2.1
GGGCACCGGTGAATCCAAG,CUUGGAUUCACCGGUGCCC,95,1.333839862671573e-64,0.8,0.4166666666666667,0.4,0.6055555555555556,0.4602011740207672,63.2,72.60123044234814,14.469704802504793,-1.0
TCTAGATGCTGTCCGAGGC,GCCUCGGACAGCAUCUAGA,134,1.3597955765166307e-26,0.4,0.3333333333333333,0.4,0.37777777777777777,0.4594535827636719,57.9,70.99207703644356,38.121350774810935,-4.2
ACCATTGCCGCCCTGCTGA,UCAGCAGGGCGGCAAUGGU,402,2.809662806204042e-38,0.6,0.5,0.2,0.5,0.4588867723941803,63.2,74.98993837551234,39.190804894827124,-2.0
TCATCGTCTGCTCCTCCTC,GAGGAGGAGCAGACGAUGA,35,2.7235443562185338e-62,0.4,0.4166666666666667,0.2,0.3722222222222223,0.4586855471134186,57.9,70.52292199575061,34.360969070868464,-3.7
CCGGTGAATCCAAGTGTCC,GGACACUUGGAUUCACCGG,100,7.175711432770207e-86,0.6,0.3333333333333333,0.4,0.4777777777777777,0.4586215317249298,57.9,69.61130629285293,21.58270857194043,-3.8
ATTTTTACTAAAGCAGTGT,ACACUGCUUUAGUAAAAAU,535,8.029106792595947e-22,0.6,0.3333333333333333,0.2,0.4444444444444444,0.4578103721141815,26.3,52.7329955865921,22.871229053112074,-1.9
AAAGCAGTGTTTTCACCTC,GAGGUGAAAACACUGCUUU,544,2.9678783841057933e-20,0.4,0.5,0.6,0.46666666666666673,0.4560575783252716,42.1,61.726499785407555,15.146903215488408,-3.7
GCCCTGCTGAGCCCCTACT,AGUAGGGGCUCAGCAGGGC,411,6.642019154938905e-30,0.8,0.4166666666666667,0.6,0.638888888888889,0.4560565650463104,68.4,77.85920685096221,41.95016945162229,-0.5
AAGTTCTAGATGCTGTCCG,CGGACAGCAUCUAGAACUU,130,1.157355210279767e-36,0.4,0.3333333333333333,0.2,0.3444444444444445,0.4558831751346588,47.4,64.58209514661473,34.71751322977542,-3.5
CGAGGGATGGGATTTCATG,CAUGAAAUCCCAUCCCUCG,500,5.3450576570566605e-31,0.8,0.5833333333333334,0.6,0.6944444444444445,0.4546760320663452,52.6,66.25439992266968,3.2295046933708704,-1.2
ATGTTAGAAGTCCAGGCAG,CUGCCUGGACUUCUAACAU,570,1.1669936372837981e-45,0.4,0.3333333333333333,0.4,0.37777777777777777,0.4546554684638977,47.4,65.65885791906425,37.192082651254964,-3.5
CACCACGGCTGTCGTCACC,GGUGACGACAGCCGUGGUG,437,6.061602806656682e-10,0.6,0.4166666666666667,0.4,0.5055555555555555,0.4541242718696594,68.4,74.40529055898799,30.099194900320242,-3.5
TCTCCCCATTCCATGAGCA,UGCUCAUGGAAUGGGGAGA,337,2.32030799449356e-34,0.8,0.5833333333333334,0.6,0.6944444444444445,0.4535300135612488,52.6,70.03425050882771,31.91910765890617,-2.5
TCAATGTGGCCGTGCATGT,ACAUGCACGGCCACAUUGA,163,6.926597362983832e-58,0.8,0.6666666666666666,0.4,0.688888888888889,0.4524519741535187,52.6,68.85341372891651,27.59217765937086,-0.3
TGTGTCTGAGGCTGGCCCT,AGGGCCAGCCUCAGACACA,74,2.193945391966921e-31,0.6,0.3333333333333333,0.2,0.4444444444444444,0.4522889256477356,63.2,75.85565706246916,48.37160473460307,-4.1
GCCGCTACACCATTGCCGC,GCGGCAAUGGUGUAGCGGC,394,2.4905879134153628e-51,0.6,0.16666666666666666,0.2,0.3888888888888889,0.4521764814853668,68.4,74.72061424761318,26.99129257675196,-5.0
TCTGCTCCTCCTCTGCCTT,AAGGCAGAGGAGGAGCAGA,41,4.618426746751689e-34,0.6,0.4166666666666667,0.4,0.5055555555555555,0.45146477222442627,57.9,72.71399998091766,33.69770359426667,-1.7
TAAAGCAGTGTTTTCACCT,AGGUGAAAACACUGCUUUA,543,1.299661393903808e-21,0.8,0.5,0.4,0.6333333333333334,0.4510127007961273,36.8,60.11843730994872,12.198573443357873,-2.5
ACCTGAAGGACGAGGGATG,CAUCCCUCGUCCUUCAGGU,490,2.2467178943115325e-47,0.4,0.3333333333333333,0.4,0.37777777777777777,0.450959712266922,57.9,70.83717109188962,31.767599535157444,-1.5
ATGGGCTCACAACTGAGGA,UCCUCAGUUGUGAGCCCAU,253,1.1373220736782853e-37,0.6,0.5833333333333334,0.6,0.5944444444444444,0.4499787986278534,52.6,69.9295771198066,23.61050566089608,-2.7
GGCAGTCCTGCCATCAATG,CAUUGAUGGCAGGACUGCC,150,1.342287651325381e-51,0.8,0.4166666666666667,0.6,0.638888888888889,0.4498080909252167,57.9,70.00065035606883,13.885764202665257,0.5
ATATGCTATGTTAGAAGTC,GACUUCUAACAUAGCAUAU,563,2.3484963630722084e-24,0.6,0.5833333333333334,0.0,0.49444444444444446,0.4484671652317047,31.6,56.50756259524309,3.999487019288324,-2.1
ATAGACACCAAATCTTACT,AGUAAGAUUUGGUGUCUAU,303,7.119299367780616e-23,0.8,0.75,0.4,0.7166666666666668,0.44838887453079224,31.6,57.35303630758489,2.7955984681574932,-0.5
TCCCCATTCCATGAGCATG,CAUGCUCAUGGAAUGGGGA,339,1.1770758040919086e-32,0.4,0.25,0.6,0.38333333333333336,0.4476351737976074,52.6,68.53547423278576,17.76401871536939,-1.2
CTGATGACACCTGGGAGCC,GGCUCCCAGGUGUCAUCAG,196,1.1473815900568941e-52,0.6,0.16666666666666666,0.2,0.3888888888888889,0.44706490635871887,63.2,73.13771652793957,40.21517450874234,-4.2
ACTTGGCATCTCCCCATTC,GAAUGGGGAGAUGCCAAGU,329,4.762791093431704e-21,0.4,0.4166666666666667,0.2,0.3722222222222223,0.44678041338920593,52.6,68.70249636300144,27.49750156682279,0.2
GCCCTACGGGCACCGGTGA,UCACCGGUGCCCGUAGGGC,88,9.637161781558596e-57,0.8,0.5,0.8,0.7000000000000001,0.44668278098106384,73.7,79.51933284835752,36.73011518380639,-2.1
ATGAGCATGCAGAGGTGGT,ACCACCUCUGCAUGCUCAU,349,5.192925032979184e-33,0.6,0.5,0.4,0.5333333333333333,0.446489155292511,52.6,69.61360773464827,34.017150854736144,-2.5
CCCCATTCCATGAGCATGC,GCAUGCUCAUGGAAUGGGG,340,2.1337735796989974e-31,0.6,0.25,0.6,0.48333333333333334,0.44613412022590637,57.9,70.11029117609718,24.727862655982506,-2.0
ACCAGTGAGTCTGGAGAGC,GCUCUCCAGACUCACUGGU,231,1.9833711797425433e-39,0.4,0.3333333333333333,0.2,0.3444444444444445,0.44477978348731995,57.9,71.41557476321674,31.281290530198476,-3.8
GTCGTCACCAATCCCAAGG,CCUUGGGAUUGGUGACGAC,447,8.495629347483756e-30,0.6,0.3333333333333333,0.6,0.5111111111111111,0.44423243403434753,57.9,69.61130629285287,24.095169342264853,-1.7
CATCGTCTGCTCCTCCTCT,AGAGGAGGAGCAGACGAUG,36,1.827482883085395e-58,0.8,0.4166666666666667,0.6,0.638888888888889,0.44406118988990784,57.9,70.34109157385075,35.68861712154012,-2.0
CCTCTGGGAAAACCAGTGA,UCACUGGUUUUCCCAGAGG,220,2.268160863781821e-36,0.8,0.5833333333333334,0.8,0.7277777777777779,0.4428752064704895,52.6,68.7325731739569,23.08426762868885,-2.1
AATCCCAAGGAATGAGGGA,UCCCUCAUUCCUUGGGAUU,456,2.022642236401337e-22,0.6,0.5833333333333334,0.4,0.5611111111111111,0.44226378202438354,47.4,67.14100695645254,24.095169342264853,-4.4
CACCATTGCCGCCCTGCTG,CAGCAGGGCGGCAAUGGUG,401,1.460875779420586e-42,0.6,0.3333333333333333,0.2,0.4444444444444444,0.4415318965911865,68.4,74.91969757741902,42.70093135149591,-3.5
CCCTGCTGAGCCCCTACTC,GAGUAGGGGCUCAGCAGGG,412,7.222451265871676e-28,0.6,0.3333333333333333,0.2,0.4444444444444444,0.4414626657962799,68.4,76.5015514386318,34.932555038233204,-2.1
ACCTGGGAGCCATTTGCCT,AGGCAAAUGGCUCCCAGGU,204,6.833816978935652e-37,0.8,0.4166666666666667,0.6,0.638888888888889,0.4412228465080261,57.9,73.14873231174795,20.58356855641,-4.2
CTACGGGCACCGGTGAATC,GAUUCACCGGUGCCCGUAG,91,1.5567638818700383e-50,0.8,0.4166666666666667,0.4,0.6055555555555556,0.43927356600761414,63.2,72.18893163063052,20.628974276147346,0.2
CTCTGGGAAAACCAGTGAG,CUCACUGGUUUUCCCAGAG,221,2.648561891172189e-41,0.6,0.3333333333333333,0.6,0.5111111111111111,0.43915653228759766,52.6,67.042457530702,27.656948286079853,-2.0
TTTACTAAAGCAGTGTTTT,AAAACACUGCUUUAGUAAA,538,3.75095922181386e-20,0.8,0.4166666666666667,0.2,0.5722222222222223,0.4387079179286957,26.3,52.600662265967,11.00258027993766,2.3
CCTACGGGCACCGGTGAAT,AUUCACCGGUGCCCGUAGG,90,1.8402174765371492e-53,1.0,0.5,0.6,0.7666666666666666,0.43842750787734985,63.2,73.70642071835658,30.5734315752037,0.2
TTTTACTAAAGCAGTGTTT,AAACACUGCUUUAGUAAAA,537,1.0439465146310693e-19,0.8,0.5,0.2,0.6000000000000001,0.43833574652671814,26.3,52.600662265967,23.940160124508623,0.6
CTATGTTAGAAGTCCAGGC,GCCUGGACUUCUAACAUAG,568,2.4599528079180336e-45,0.6,0.4166666666666667,0.4,0.5055555555555555,0.43797314167022705,47.4,64.92561408292556,34.0171508547362,-4.2
AAAGTTCTAGATGCTGTCC,GGACAGCAUCUAGAACUUU,129,6.275236091941144e-40,0.4,0.4166666666666667,0.2,0.3722222222222223,0.4371505677700043,42.1,62.39997481280756,25.567401034998397,-3.8
ATCGTCTGCTCCTCCTCTG,CAGAGGAGGAGCAGACGAU,37,1.713887520936689e-53,0.4,0.4166666666666667,0.2,0.3722222222222223,0.43697604537010193,57.9,70.3410915738508,34.36096907086841,-2.0
GAATGAGGGACTTCTCCTC,GAGGAGAAGUCCCUCAUUC,465,5.969973180006598e-30,0.6,0.5,0.8,0.6,0.43665048480033875,52.6,67.36390468991192,24.122023468199473,-3.7
GGGAGCCATTTGCCTCTGG,CCAGAGGCAAAUGGCUCCC,208,2.914111902381275e-49,0.6,0.4166666666666667,0.4,0.5055555555555555,0.43535301089286804,63.2,73.20923829545467,33.848914462744176,-3.4
CATGGGCTCACAACTGAGG,CCUCAGUUGUGAGCCCAUG,252,4.502023810916872e-42,0.6,0.3333333333333333,0.6,0.5111111111111111,0.4352785050868988,57.9,69.99200461308249,20.510018229438913,-3.7
CATTTGCCTCTGGGAAAAC,GUUUUCCCAGAGGCAAAUG,214,1.7070336183650162e-48,0.8,0.4166666666666667,0.4,0.6055555555555556,0.4343383312225342,47.4,63.83506174842108,14.336364419749145,0.6
TAGACACCAAATCTTACTG,CAGUAAGAUUUGGUGUCUA,304,3.811613898705008e-21,0.6,0.5,0.6,0.5666666666666667,0.4326893091201782,36.8,59.446801132404005,5.728753580499131,-1.8
CGCCGCTACACCATTGCCG,CGGCAAUGGUGUAGCGGCG,393,1.948630467652964e-41,0.6,0.25,0.4,0.44999999999999996,0.43253615498542786,68.4,73.7800573231869,31.055852053229444,-5.0
GCCTCTGGGAAAACCAGTG,CACUGGUUUUCCCAGAGGC,219,5.047341002016793e-38,0.6,0.25,0.6,0.48333333333333334,0.43210190534591675,57.9,70.34535926772702,14.228957262175982,-1.8
AGTGGACCTGAAGGACGAG,CUCGUCCUUCAGGUCCACU,485,2.0863534373181485e-52,0.4,0.25,0.4,0.35000000000000003,0.43187272548675537,57.9,70.72627590006482,24.06253991617058,-2.8
TTCACCTCATATGCTATGT,ACAUAGCAUAUGAGGUGAA,555,1.5374170281016778e-24,0.8,0.6666666666666666,0.6,0.7222222222222222,0.42831048369407654,36.8,61.02419965898872,15.20628244906311,-0.3
CTCCTCCTCTGCCTTGCTG,CAGCAAGGCAGAGGAGGAG,45,1.0028369698427513e-29,0.6,0.4166666666666667,0.4,0.5055555555555555,0.42796772718429565,63.2,72.7028079816651,33.45761489425456,-3.5
CTCCTCTGCCTTGCTGGAC,GUCCAGCAAGGCAGAGGAG,48,2.8068868066242143e-24,0.6,0.25,0.4,0.44999999999999996,0.42790740728378296,63.2,72.88285304448675,26.929350090958394,-3.8
CTTGGCATCTCCCCATTCC,GGAAUGGGGAGAUGCCAAG,330,3.505086888343303e-26,0.6,0.4166666666666667,0.4,0.5055555555555555,0.4273695647716522,57.9,70.37673666099994,31.72427067396501,-2.1
ATGGTCAAAGTTCTAGATG,CAUCUAGAACUUUGACCAU,123,1.6071540168083775e-35,0.6,0.5,0.2,0.5,0.4249017834663391,36.8,58.857356759367065,6.804577266246838,-1.5
TGCTCCTCCTCTGCCTTGC,GCAAGGCAGAGGAGGAGCA,43,9.478839699473585e-30,0.4,0.3333333333333333,0.2,0.3444444444444445,0.42489704489707947,63.2,74.19655999493551,29.70292632464856,-1.9
CTACACCATTGCCGCCCTG,CAGGGCGGCAAUGGUGUAG,398,3.319823440195197e-55,0.6,0.4166666666666667,0.2,0.47222222222222227,0.42445290088653564,63.2,72.75741743589697,48.37059245005781,-3.4
TGGAGAGCTGCATGGGCTC,GAGCCCAUGCAGCUCUCCA,242,3.5517154176610903e-50,0.4,0.25,0.2,0.3166666666666667,0.42369022965431213,63.2,74.13525490288981,33.76112216822497,-3.8
AGGCACTTGGCATCTCCCC,GGGGAGAUGCCAAGUGCCU,325,1.652461822774953e-20,0.4,0.16666666666666666,0.0,0.2555555555555556,0.42351359128952026,63.2,74.64643583351847,32.56373731667753,-5.8
TGAATCCAAGTGTCCTCTG,CAGAGGACACUUGGAUUCA,104,4.796875899982112e-73,0.4,0.5,0.2,0.4000000000000001,0.42328011989593506,47.4,65.26644189109419,28.11041077376825,-2.0
TTCCACCACGGCTGTCGTC,GACGACAGCCGUGGUGGAA,434,1.0486894691543257e-11,0.4,0.3333333333333333,0.0,0.3111111111111111,0.4227616488933563,63.2,73.00192408320152,31.58101712357586,-2.9
GTCCTGCCATCAATGTGGC,GCCACAUUGAUGGCAGGAC,154,2.419525062030685e-67,0.6,0.3333333333333333,0.6,0.5111111111111111,0.42249587178230286,57.9,70.19554127042113,20.44801628934266,-4.2
TTACTAAAGCAGTGTTTTC,GAAAACACUGCUUUAGUAA,539,1.4853339404287449e-19,0.6,0.5833333333333334,0.2,0.5277777777777778,0.42245325446128845,31.6,55.42527128953401,0.20648149002948912,0.3
ACTTCTCCTCCAGTGGACC,GGUCCACUGGAGGAGAAGU,474,3.313825426628782e-33,0.4,0.16666666666666666,0.2,0.2888888888888889,0.4223702549934387,57.9,71.86505831704369,31.798797937361996,-3.8
TGCCTCTGGGAAAACCAGT,ACUGGUUUUCCCAGAGGCA,218,1.4057911632620057e-35,0.8,0.4166666666666667,0.6,0.638888888888889,0.4213266968727112,52.6,70.14295040512599,9.882176391684823,-1.8
CCTGGGAGCCATTTGCCTC,GAGGCAAAUGGCUCCCAGG,205,2.0525467950025643e-39,0.6,0.25,0.4,0.44999999999999996,0.42111214995384216,63.2,73.20923829545472,14.688635480467553,-3.7
GTCTGGAGAGCTGCATGGG,CCCAUGCAGCUCUCCAGAC,239,1.4427740956811654e-50,0.6,0.25,0.2,0.4166666666666667,0.4200589656829834,63.2,72.83493482697497,30.658852125998635,-4.1
TTCACAGCCAACGACTCCG,CGGAGUCGUUGGCUGUGAA,369,3.091788736506087e-49,0.4,0.16666666666666666,0.4,0.32222222222222224,0.419644832611084,57.9,69.68678322026386,32.25385481427179,-3.5
TGAGGGACTTCTCCTCCAG,CUGGAGGAGAAGUCCCUCA,468,1.8791859057852153e-28,0.4,0.5,0.2,0.4000000000000001,0.419151246547699,57.9,71.65631582578106,34.51108791318808,-3.4
CGTCTGCTCCTCCTCTGCC,GGCAGAGGAGGAGCAGACG,39,2.7777414864287916e-42,0.6,0.25,0.2,0.4166666666666667,0.4187862277030945,68.4,74.8230774302192,35.04444835284545,-4.2
GAGCCCCTACTCCTATTCC,GGAAUAGGAGUAGGGGCUC,419,1.0172909779616679e-30,0.8,0.3333333333333333,0.6,0.6111111111111112,0.41830578446388245,57.9,71.64501773868881,16.554809933034505,-2.1
TTGCCTCTGGGAAAACCAG,CUGGUUUUCCCAGAGGCAA,217,1.407939934083329e-38,0.6,0.3333333333333333,0.4,0.4777777777777777,0.4175643026828766,52.6,68.59752617868139,12.198573443357986,-3.4
TGAGCCCCTACTCCTATTC,GAAUAGGAGUAGGGGCUCA,418,1.6260605758166231e-24,0.6,0.5833333333333334,0.4,0.5611111111111111,0.4167564809322357,52.6,69.85190687531497,14.494251909570721,0.2
CCCGCCGCTACACCATTGC,GCAAUGGUGUAGCGGCGGG,391,2.309763913478126e-44,0.6,0.4166666666666667,0.4,0.5055555555555555,0.4166804254055023,68.4,74.86461960666446,20.448016289342718,-1.9
CCTCCAGTGGACCTGAAGG,CCUUCAGGUCCACUGGAGG,480,6.9346587519298275e-65,0.6,0.3333333333333333,0.6,0.5111111111111111,0.4155520796775818,63.2,73.31894565138191,23.61050566089608,-1.7
GATGGGATTTCATGTAACC,GGUUACAUGAAAUCCCAUC,505,5.724348668675472e-61,0.8,0.5833333333333334,0.6,0.6944444444444445,0.41525033116340637,42.1,61.562555742949144,11.974692712759463,-1.8
TTCTCCTCCAGTGGACCTG,CAGGUCCACUGGAGGAGAA,476,1.9678281863606485e-49,0.4,0.25,0.2,0.3166666666666667,0.41490626335144043,57.9,71.71937810596808,34.894613112902505,-3.4
ATTCCATGAGCATGCAGAG,CUCUGCAUGCUCAUGGAAU,344,4.066471245215608e-31,0.4,0.4166666666666667,0.4,0.4055555555555556,0.41466301679611206,47.4,64.82708890722796,24.72786265598245,-2.0
TGTCCTCTGATGGTCAAAG,CUUUGACCAUCAGAGGACA,114,2.86953026339062e-32,0.6,0.4166666666666667,0.4,0.5055555555555555,0.41409024596214294,47.4,65.26644189109419,15.35098297157208,0.7
TCCAGTGGACCTGAAGGAC,GUCCUUCAGGUCCACUGGA,482,2.6194499851685776e-61,0.4,0.25,0.2,0.3166666666666667,0.41399872303009033,57.9,71.90898521035928,24.294803016417745,-3.8
ATGCTGTCCGAGGCAGTCC,GGACUGCCUCGGACAGCAU,139,7.53554971813764e-18,0.4,0.25,0.0,0.2833333333333334,0.4139399826526642,63.2,73.50848894897842,34.56900104810626,-3.8
TCCCAAGGAATGAGGGACT,AGUCCCUCAUUCCUUGGGA,458,9.92132727103491e-24,0.6,0.5,0.8,0.6,0.4134814739227295,52.6,70.31968445559193,35.37068599021637,-2.1
TTACTGGAAGGCACTTGGC,GCCAAGUGCCUUCCAGUAA,317,3.560274577656114e-23,0.4,0.5,0.2,0.4000000000000001,0.4117949903011322,52.6,69.11341772095432,30.632142456359134,-4.2
ACACCATTGCCGCCCTGCT,AGCAGGGCGGCAAUGGUGU,400,1.1661618626822595e-46,0.6,0.5,0.4,0.5333333333333333,0.41145944595336914,63.2,75.02900378842236,45.23201056987125,-2.5
TCTGGGAAAACCAGTGAGT,ACUCACUGGUUUUCCCAGA,222,9.408113396459854e-39,0.8,0.5,0.4,0.6333333333333334,0.4105730950832367,47.4,66.93372503942265,30.9038381776013,-2.1
TCTCATCGTCTGCTCCTCC,GGAGGAGCAGACGAUGAGA,33,3.112727238202711e-74,0.4,0.25,0.2,0.3166666666666667,0.4096721410751343,57.9,70.52292199575061,35.04444835284545,-3.7
TATGCTATGTTAGAAGTCC,GGACUUCUAACAUAGCAUA,564,7.868867458623873e-23,0.4,0.4166666666666667,0.2,0.3722222222222223,0.4091082215309143,36.8,60.2184067634725,16.024046325083475,-3.8
ATTCACAGCCAACGACTCC,GGAGUCGUUGGCUGUGAAU,368,2.0765584007515503e-52,0.4,0.4166666666666667,0.2,0.3722222222222223,0.40906375646591187,52.6,67.59298946489582,21.790472216462433,-3.7
CACCTGGGAGCCATTTGCC,GGCAAAUGGCUCCCAGGUG,203,7.251099703330145e-41,0.8,0.3333333333333333,0.4,0.5777777777777778,0.40899965167045593,63.2,73.27982059867423,20.583568556409944,-4.2
ACTCCTATTCCACCACGGC,GCCGUGGUGGAAUAGGAGU,427,1.2242733986535822e-22,0.4,0.25,0.2,0.3166666666666667,0.4084322154521942,57.9,71.51863873429886,36.73011518380639,-5.0
CCGCCGCTACACCATTGCC,GGCAAUGGUGUAGCGGCGG,392,1.7974952853704944e-43,0.6,0.3333333333333333,0.4,0.4777777777777777,0.40840500593185425,68.4,74.8646196066644,24.418702134335433,-4.2
CATGAGCATGCAGAGGTGG,CCACCUCUGCAUGCUCAUG,348,9.518437571604148e-36,0.6,0.16666666666666666,0.4,0.4222222222222222,0.4076303243637085,57.9,69.676905813801,30.9038381776013,-3.5
GCTGTCCGAGGCAGTCCTG,CAGGACUGCCUCGGACAGC,141,3.7171741068647314e-30,0.6,0.3333333333333333,0.2,0.4444444444444444,0.4070407450199127,68.4,74.8997238170179,34.569001048106145,-3.4
ACAGCCAACGACTCCGGCC,GGCCGGAGUCGUUGGCUGU,372,6.729267618330151e-39,0.4,0.25,0.0,0.2833333333333334,0.40533551573753357,68.4,75.86109230731904,40.60520364208986,-5.9
ACACCTGGGAGCCATTTGC,GCAAAUGGCUCCCAGGUGU,202,1.8342676960632512e-44,0.6,0.5,0.4,0.5333333333333333,0.4052855372428894,57.9,71.69195499490974,20.583568556409944,-1.9
CCTGCTGAGCCCCTACTCC,GGAGUAGGGGCUCAGCAGG,413,1.909358511805552e-25,0.6,0.25,0.2,0.4166666666666667,0.4046338200569153,68.4,76.50155143863174,32.994012602305986,-3.7
TATTCCATTTTTACTAAAG,CUUUAGUAAAAAUGGAAUA,529,2.43010531100305e-25,0.6,0.5,0.2,0.5,0.4041234254837036,21.099999999999998,47.802491444230895,-11.478378905484476,0.7
ATCAATGTGGCCGTGCATG,CAUGCACGGCCACAUUGAU,162,2.3322169662659245e-60,0.4,0.3333333333333333,0.2,0.3444444444444445,0.40392616391181946,52.6,67.28734218135435,30.694645577483755,-1.2
GCCATCAATGTGGCCGTGC,GCACGGCCACAUUGAUGGC,159,6.966237941945535e-67,0.6,0.16666666666666666,0.2,0.3888888888888889,0.40378472208976746,63.2,72.19292167660268,39.69432765310995,-3.6
TCTGAGGCTGGCCCTACGG,CCGUAGGGCCAGCCUCAGA,78,2.933967344638383e-44,0.4,0.3333333333333333,0.0,0.3111111111111111,0.4036272168159485,68.4,77.10878846584768,38.43584637287495,-3.3
TTCTCATCGTCTGCTCCTC,GAGGAGCAGACGAUGAGAA,32,8.928154127504813e-81,0.4,0.4166666666666667,0.4,0.4055555555555556,0.4026223123073578,52.6,67.40677890140762,33.69770359426667,-3.7
TACTCCTATTCCACCACGG,CCGUGGUGGAAUAGGAGUA,426,4.406105255012636e-25,0.4,0.4166666666666667,0.2,0.3722222222222223,0.40159478783607483,52.6,69.01570953368696,36.73011518380645,-3.3
CCGCTACACCATTGCCGCC,GGCGGCAAUGGUGUAGCGG,395,3.665353210217688e-53,0.6,0.16666666666666666,0.4,0.4222222222222222,0.4015694856643677,68.4,74.8646196066644,30.812944274075676,-5.0
CCCCCGCCGCTACACCATT,AAUGGUGUAGCGGCGGGGG,389,8.580242146501834e-49,0.6,0.4166666666666667,0.6,0.5388888888888889,0.4005086123943329,68.4,76.64991933055381,18.15495707344911,0.5
TGTCCGAGGCAGTCCTGCC,GGCAGGACUGCCUCGGACA,143,9.643426641726936e-37,0.4,0.25,0.0,0.2833333333333334,0.39997538924217224,68.4,76.51396249114225,34.5690010481062,-4.2
TCTGGAGAGCTGCATGGGC,GCCCAUGCAGCUCUCCAGA,240,7.558083213813516e-48,0.4,0.25,0.2,0.3166666666666667,0.3958364725112915,63.2,74.13525490288987,33.913655238023125,-5.9
GTGGACCTGAAGGACGAGG,CCUCGUCCUUCAGGUCCAC,486,1.786629834365471e-49,0.6,0.16666666666666666,0.4,0.4222222222222222,0.39434218406677246,63.2,72.51868482147074,31.341034426271506,-3.7
ATGTGTTCAGAAAGGCTGC,GCAGCCUUUCUGAACACAU,178,3.774800598204011e-45,0.4,0.3333333333333333,0.2,0.3444444444444445,0.3943066895008087,47.4,65.01487070299055,22.117026406768503,-3.5
CATCTCCCCATTCCATGAG,CUCAUGGAAUGGGGAGAUG,335,2.5450090340432028e-36,0.6,0.4166666666666667,0.6,0.5388888888888889,0.39323872327804565,52.6,67.14403984620401,17.507081164873227,-2.0
ATGTAACCAAGAGTATTCC,GGAAUACUCUUGGUUACAU,516,1.933703340516416e-41,0.6,0.4166666666666667,0.4,0.5055555555555555,0.3926721513271332,36.8,59.80754724074018,14.527309176259052,-2.1
TGCCATCAATGTGGCCGTG,CACGGCCACAUUGAUGGCA,158,9.291699490839545e-53,0.4,0.25,0.2,0.3166666666666667,0.391142874956131,57.9,70.55393099358463,40.352083313791184,-2.6
CAATCCCAAGGAATGAGGG,CCCUCAUUCCUUGGGAUUG,455,2.0734987210317905e-24,0.6,0.4166666666666667,0.4,0.5055555555555555,0.3906010091304779,52.6,67.2818884259637,22.57479248739355,-4.1
TATTCCACCACGGCTGTCG,CGACAGCCGUGGUGGAAUA,432,9.623140939477263e-15,0.4,0.25,0.2,0.3166666666666667,0.38935816287994385,57.9,70.40173020143538,37.49730610772326,-2.9
TCCGAGGCAGTCCTGCCAT,AUGGCAGGACUGCCUCGGA,145,1.4941003633305535e-34,0.6,0.4166666666666667,0.4,0.5055555555555555,0.38913092017173767,63.2,74.97668655013774,37.192082651254964,-1.9
GCCGCCCTGCTGAGCCCCT,AGGGGCUCAGCAGGGCGGC,408,2.99261576754318e-28,0.8,0.25,0.6,0.5833333333333334,0.38731494545936584,78.9,81.88625155659764,43.44935772473201,-4.1
TGTCTGAGGCTGGCCCTAC,GUAGGGCCAGCCUCAGACA,76,3.1450354704454387e-32,0.4,0.25,0.0,0.2833333333333334,0.3852252960205078,63.2,75.08494560600906,38.189499861882894,-1.5
ATCCCAAGGAATGAGGGAC,GUCCCUCAUUCCUUGGGAU,457,1.4121064490208806e-20,0.4,0.25,0.6,0.38333333333333336,0.3838261365890503,52.6,68.95530418142869,28.567865832229074,-3.8
TCCTCCTCTGCCTTGCTGG,CCAGCAAGGCAGAGGAGGA,46,8.397269215657505e-28,0.4,0.25,0.0,0.2833333333333334,0.3826005160808563,63.2,74.3355488860924,29.702926324648615,-3.4
CTCTGCCTTGCTGGACTGG,CCAGUCCAGCAAGGCAGAG,51,1.8306965881188125e-20,0.6,0.25,0.2,0.4166666666666667,0.3807563781738281,63.2,72.77011564327603,30.9038381776013,-3.4
CGCTACACCATTGCCGCCC,GGGCGGCAAUGGUGUAGCG,396,1.8544939548507717e-54,0.6,0.08333333333333333,0.2,0.3611111111111111,0.3801663815975189,68.4,74.86461960666435,39.79765571224482,-5.9
CCTGAAGGACGAGGGATGG,CCAUCCCUCGUCCUUCAGG,491,3.056176165230271e-46,0.6,0.25,0.4,0.44999999999999996,0.3798399865627289,63.2,72.44045992771498,32.563737316677475,-1.9
GGCCCTACGGGCACCGGTG,CACCGGUGCCCGUAGGGCC,87,2.808932420297497e-50,0.6,0.25,0.2,0.4166666666666667,0.37910589575767517,78.9,80.92752750788816,40.352083313791354,-3.5
CCATTGCCGCCCTGCTGAG,CUCAGCAGGGCGGCAAUGG,403,4.57029393578779e-34,0.6,0.4166666666666667,0.2,0.47222222222222227,0.37910035252571106,68.4,74.84118766253175,33.84891446274412,-2.0
TATTCACAGCCAACGACTC,GAGUCGUUGGCUGUGAAUA,367,1.682387952304238e-56,0.4,0.4166666666666667,0.4,0.4055555555555556,0.37519732117652893,47.4,64.86747660661143,20.118887312717675,-2.1
TCCTGCCATCAATGTGGCC,GGCCACAUUGAUGGCAGGA,155,6.664109997589371e-63,0.4,0.25,0.2,0.3166666666666667,0.37304168939590454,57.9,71.6357866502351,24.418702134335433,-5.9
GGCTGGCCCTACGGGCACC,GGUGCCCGUAGGGCCAGCC,83,3.3433714998295684e-46,0.6,0.25,0.4,0.44999999999999996,0.3715670704841614,78.9,81.54556909183697,40.352083313791184,-3.5
CCTGCCATCAATGTGGCCG,CGGCCACAUUGAUGGCAGG,156,1.6330042987162598e-58,0.6,0.08333333333333333,0.4,0.39444444444444443,0.3713712990283966,63.2,72.12854999616587,34.639691948441396,-5.0
ACTCCGGCCCCCGCCGCTA,UAGCGGCGGGGGCCGGAGU,382,4.386405503174104e-17,0.2,0.3333333333333333,0.2,0.24444444444444444,0.3712327480316162,78.9,82.79618226592095,45.08095058770704,-2.2
TTCTAGATGCTGTCCGAGG,CCUCGGACAGCAUCUAGAA,133,9.66628556089135e-29,0.4,0.3333333333333333,0.2,0.3444444444444445,0.37026453018188477,52.6,67.93938615134203,31.497747959159142,-3.7
GACTCCGGCCCCCGCCGCT,AGCGGCGGGGGCCGGAGUC,381,9.143017757646753e-20,0.4,0.25,0.4,0.35000000000000003,0.3687967360019684,84.2,83.35270902371929,50.652414574564375,-3.3
TGGGAGCCATTTGCCTCTG,CAGAGGCAAAUGGCUCCCA,207,1.0088059652354703e-44,0.4,0.3333333333333333,0.4,0.37777777777777777,0.3685797452926636,57.9,71.48042846724917,26.756222154346517,-2.0
AAAGGCTGCTGATGACACC,GGUGUCAUCAGCAGCCUUU,188,1.5602091829030164e-24,0.4,0.5833333333333334,0.4,0.4611111111111112,0.36764779686927795,52.6,68.3328664200061,24.255257569266348,-3.5
TTTCACCTCATATGCTATG,CAUAGCAUAUGAGGUGAAA,554,6.020638855873834e-26,0.6,0.5,0.4,0.5333333333333333,0.3673632740974426,36.8,59.4118208475295,8.089645880015723,0.1
ATTTGCCTCTGGGAAAACC,GGUUUUCCCAGAGGCAAAU,215,1.1711348940327687e-44,0.6,0.4166666666666667,0.2,0.47222222222222227,0.3664519190788269,47.4,65.50033438633369,21.14790783124829,-1.8
CACAGCCAACGACTCCGGC,GCCGGAGUCGUUGGCUGUG,371,1.6666377438685297e-42,0.6,0.16666666666666666,0.2,0.3888888888888889,0.3657631576061249,68.4,74.25760055036005,38.12135077481099,-5.0
CTGCTCCTCCTCTGCCTTG,CAAGGCAGAGGAGGAGCAG,42,4.672402825856067e-31,0.6,0.3333333333333333,0.4,0.4777777777777777,0.36368340253829956,63.2,72.70280798166499,26.756222154346517,-1.0
TTCAGAAAGGCTGCTGATG,CAUCAGCAGCCUUUCUGAA,183,3.897386589339496e-35,0.4,0.4166666666666667,0.4,0.4055555555555556,0.3627942204475403,47.4,64.8046182456294,24.55976588039863,-1.5
CAGCCAACGACTCCGGCCC,GGGCCGGAGUCGUUGGCUG,373,3.205406404103337e-36,0.6,0.16666666666666666,0.4,0.4222222222222222,0.3623923063278198,73.7,77.30582558781566,45.82043910786325,-5.9
TCCGGCCCCCGCCGCTACA,UGUAGCGGCGGGGGCCGGA,384,1.3566131476101424e-13,0.2,0.5,0.4,0.3333333333333333,0.3614755868911743,78.9,82.83348733215502,38.87325365686297,-0.5
ATTCCATTTTTACTAAAGC,GCUUUAGUAAAAAUGGAAU,530,6.080178377980504e-26,0.6,0.4166666666666667,0.2,0.47222222222222227,0.36107316613197327,26.3,51.50911785685793,1.0230407724615702,-1.8
CTGTCCGAGGCAGTCCTGC,GCAGGACUGCCUCGGACAG,142,3.748242805952892e-35,0.6,0.16666666666666666,0.2,0.3888888888888889,0.36064812541007996,68.4,74.89972381701796,30.9038381776013,-3.5
CGGCCCCCGCCGCTACACC,GGUGUAGCGGCGGGGGCCG,386,1.1111424484218469e-23,0.2,0.25,0.4,0.25,0.3588089048862457,84.2,82.66405416650633,29.28997386760392,-3.5
TAGATGCTGTCCGAGGCAG,CUGCCUCGGACAGCAUCUA,136,6.821256053153263e-21,0.4,0.25,0.2,0.3166666666666667,0.35782238841056824,57.9,70.85789545864185,39.958396794652685,-3.5
CAACGACTCCGGCCCCCGC,GCGGGGGCCGGAGUCGUUG,377,4.4558940927676755e-32,0.2,0.16666666666666666,0.4,0.22222222222222224,0.35715463757514954,78.9,79.43060686427134,53.483554932984305,-5.0
CCGAGGCAGTCCTGCCATC,GAUGGCAGGACUGCCUCGG,146,4.934710831113157e-34,0.6,0.4166666666666667,0.4,0.5055555555555555,0.356926828622818,68.4,74.99785319350389,33.76112216822497,-1.5
CCGGCCCCCGCCGCTACAC,GUGUAGCGGCGGGGGCCGG,385,1.593208499501978e-12,0.2,0.25,0.4,0.25,0.3537016808986664,84.2,82.66405416650633,31.66118272311678,-1.9
TTTGTGTCTGAGGCTGGCC,GGCCAGCCUCAGACACAAA,72,1.1387146274516884e-38,0.4,0.16666666666666666,0.2,0.2888888888888889,0.35284191370010376,57.9,71.5636376126605,42.70093135149597,-5.9
AGCCAACGACTCCGGCCCC,GGGGCCGGAGUCGUUGGCU,374,6.408089397331185e-33,0.4,0.08333333333333333,0.2,0.2611111111111111,0.35203275084495544,73.7,78.90751475754325,49.08793847781294,-5.8
GCTGGCCCTACGGGCACCG,CGGUGCCCGUAGGGCCAGC,84,1.6541736578649976e-58,0.6,0.16666666666666666,0.2,0.3888888888888889,0.3489716947078705,78.9,80.59496024754105,45.644883203165534,-3.3
ATTTGTGTCTGAGGCTGGC,GCCAGCCUCAGACACAAAU,71,2.0140618566358538e-42,0.4,0.3333333333333333,0.2,0.3444444444444445,0.34882256388664246,52.6,68.33286642000604,40.21517450874228,-4.2
TGAGGCTGGCCCTACGGGC,GCCCGUAGGGCCAGCCUCA,80,4.445543760650801e-40,0.4,0.25,0.0,0.2833333333333334,0.3486920893192291,73.7,80.02732009591347,37.97899764748263,-5.9
TCACAGCCAACGACTCCGG,CCGGAGUCGUUGGCUGUGA,370,5.7921650565447745e-46,0.4,0.3333333333333333,0.0,0.3111111111111111,0.34770360589027405,63.2,72.8173527122828,34.47565998203885,-4.9
CTCCGGCCCCCGCCGCTAC,GUAGCGGCGGGGGCCGGAG,383,8.490505304375187e-16,0.2,0.25,0.4,0.25,0.3476126790046692,84.2,82.54887799923296,37.71161094604258,-1.5
TTGTGTCTGAGGCTGGCCC,GGGCCAGCCUCAGACACAA,73,4.278956234265582e-35,0.4,0.16666666666666666,0.0,0.2555555555555556,0.3468436896800995,63.2,74.58673292149513,48.371604734603125,-5.9
TTGCCGCCCTGCTGAGCCC,GGGCUCAGCAGGGCGGCAA,406,1.8337266645953863e-21,0.4,0.3333333333333333,0.2,0.3444444444444445,0.3468204736709595,73.7,79.23287768072561,40.599252620470224,-5.9
GCCAACGACTCCGGCCCCC,GGGGGCCGGAGUCGUUGGC,375,3.429778129334861e-37,0.6,0.08333333333333333,0.2,0.3611111111111111,0.3382861614227295,78.9,80.40070149570397,53.48355493298419,-5.8
AACGACTCCGGCCCCCGCC,GGCGGGGGCCGGAGUCGUU,378,9.032660838115839e-29,0.0,0.08333333333333333,0.0,0.027777777777777776,0.33493921160697937,78.9,81.03566937200969,53.59162378761488,-5.0
ATCTCCCCATTCCATGAGC,GCUCAUGGAAUGGGGAGAU,336,3.915046833647672e-35,0.4,0.4166666666666667,0.4,0.4055555555555556,0.33395880460739136,52.6,68.64941446788049,25.433136757905288,-3.8
AGGCTGGCCCTACGGGCAC,GUGCCCGUAGGGCCAGCCU,82,1.2005552483477503e-41,0.4,0.25,0.2,0.3166666666666667,0.3226231634616852,73.7,80.09353964017623,35.112513271379555,-3.6
CTGAAGGACGAGGGATGGG,CCCAUCCCUCGUCCUUCAG,492,3.62117908157183e-49,0.6,0.25,0.2,0.4166666666666667,0.320773720741272,63.2,72.4404599277151,34.43039057127203,-4.1
TACACCATTGCCGCCCTGC,GCAGGGCGGCAAUGGUGUA,399,6.479380224013758e-51,0.4,0.16666666666666666,0.0,0.2555555555555556,0.3201884329319,63.2,74.29127245576876,44.94359395619,-3.5
CTGGCCCTACGGGCACCGG,CCGGUGCCCGUAGGGCCAG,85,1.32375246164452e-57,0.6,0.16666666666666666,0.2,0.3888888888888889,0.3158492147922516,78.9,80.78694473901157,45.644883203165534,-4.9
AATGAGGGACTTCTCCTCC,GGAGGAGAAGUCCCUCAUU,466,6.841737737029026e-30,0.4,0.3333333333333333,0.2,0.3444444444444445,0.31572192907333374,52.6,68.79171171278358,25.80333807229232,-3.7
CGACTCCGGCCCCCGCCGC,GCGGCGGGGGCCGGAGUCG,380,9.137506718514631e-23,0.2,0.16666666666666666,0.2,0.18888888888888888,0.3145497143268585,89.5,83.78989638623904,50.48087963716455,-5.0
CATTGCCGCCCTGCTGAGC,GCUCAGCAGGGCGGCAAUG,404,7.506764406553565e-30,0.6,0.25,0.2,0.4166666666666667,0.31194186210632324,68.4,74.69918940128377,30.62456305889691,-3.8
ATTGCCGCCCTGCTGAGCC,GGCUCAGCAGGGCGGCAAU,405,1.3681223802096572e-25,0.4,0.25,0.0,0.2833333333333334,0.3098633289337158,68.4,76.28518441694126,34.397768650469516,-4.2
ACGACTCCGGCCCCCGCCG,CGGCGGGGGCCGGAGUCGU,379,1.1004466228416782e-25,0.0,0.08333333333333333,0.0,0.027777777777777776,0.3039170503616333,84.2,82.76599385885851,53.483554932984305,-5.0
CCAACGACTCCGGCCCCCG,CGGGGGCCGGAGUCGUUGG,376,7.854812473669373e-35,0.2,0.08333333333333333,0.2,0.16111111111111112,0.30386868119239807,78.9,79.61334542769373,53.48355493298419,-4.9
CTGAGGCTGGCCCTACGGG,CCCGUAGGGCCAGCCUCAG,79,3.599666689043428e-42,0.6,0.25,0.2,0.4166666666666667,0.2949349880218506,73.7,78.5700318452553,37.97899764748263,-4.9
TTCCATGAGCATGCAGAGG,CCUCUGCAUGCUCAUGGAA,345,4.124466677084926e-37,0.4,0.3333333333333333,0.2,0.3444444444444445,0.29351869225502014,52.6,68.12349492645103,24.559765880398572,-3.7
TATTTGTGTCTGAGGCTGG,CCAGCCUCAGACACAAAUA,70,3.72278547393677e-44,0.4,0.3333333333333333,0.2,0.3444444444444445,0.29286906123161316,47.4,65.7086100662467,33.84891446274412,-3.4
TGCCGCCCTGCTGAGCCCC,GGGGCUCAGCAGGGCGGCA,407,2.550886007089039e-18,0.4,0.0,0.0,0.20000000000000004,0.2792607545852661,78.9,81.92269297182679,40.21517450874228,-5.8
