Accessibility_Prob,Start_Position,Sense,Antisense,Ui-Tei_Norm,Reynolds_Norm,Amarzguioui_Norm,Confidence_Score
0.403953202,1,ACAGAAGTCCACTCATTCT,AGAAUGAGUGGACUUCUGU,0.8,0.75,0.8,0.7833333333333333
0.3953655,2,CAGAAGTCCACTCATTCTT,AAGAAUGAGUGGACUUCUG,1.0,0.6666666666666666,0.8,0.8555555555555555
0.4341279967999999,3,AGAAGTCCACTCATTCTTG,CAAGAAUGAGUGGACUUCU,0.6,0.5833333333333334,0.4,0.5611111111111111
0.5017381969399999,4,GAAGTCCACTCATTCTTGG,CCAAGAAUGAGUGGACUUC,0.8,0.5833333333333334,0.6,0.6944444444444445
0.56000080804,5,AAGTCCACTCATTCTTGGC,GCCAAGAAUGAGUGGACUU,0.4,0.4166666666666667,0.2,0.3722222222222223
0.60534594621,6,AGTCCACTCATTCTTGGCA,UGCCAAGAAUGAGUGGACU,0.6,0.5833333333333334,0.8,0.6277777777777778
0.6291970489470001,7,GTCCACTCATTCTTGGCAG,CUGCCAAGAAUGAGUGGAC,0.6,0.4166666666666667,0.6,0.5388888888888889
0.6313349834191999,8,TCCACTCATTCTTGGCAGG,CCUGCCAAGAAUGAGUGGA,0.4,0.4166666666666667,0.2,0.3722222222222223
0.632255340341,9,CCACTCATTCTTGGCAGGA,UCCUGCCAAGAAUGAGUGG,0.8,0.5833333333333334,0.6,0.6944444444444445
0.62894547631,10,CACTCATTCTTGGCAGGAT,AUCCUGCCAAGAAUGAGUG,0.8,0.5833333333333334,0.8,0.7277777777777779
0.6219496919292,11,ACTCATTCTTGGCAGGATG,CAUCCUGCCAAGAAUGAGU,0.4,0.5,0.2,0.4000000000000001
0.61600074247888,12,CTCATTCTTGGCAGGATGG,CCAUCCUGCCAAGAAUGAG,0.6,0.4166666666666667,0.4,0.5055555555555555
0.6173371755234098,13,TCATTCTTGGCAGGATGGC,GCCAUCCUGCCAAGAAUGA,0.4,0.4166666666666667,0.2,0.3722222222222223
0.5496087756005998,14,CATTCTTGGCAGGATGGCT,AGCCAUCCUGCCAAGAAUG,0.8,0.4166666666666667,0.6,0.638888888888889
0.46746954770178994,15,ATTCTTGGCAGGATGGCTT,AAGCCAUCCUGCCAAGAAU,0.8,0.5,0.4,0.6333333333333334
0.40022861741838,16,TTCTTGGCAGGATGGCTTC,GAAGCCAUCCUGCCAAGAA,0.4,0.4166666666666667,0.2,0.3722222222222223
0.3205691814426199,17,TCTTGGCAGGATGGCTTCT,AGAAGCCAUCCUGCCAAGA,0.6,0.5,0.6,0.5666666666666667
0.24359488032370996,18,CTTGGCAGGATGGCTTCTC,GAGAAGCCAUCCUGCCAAG,0.6,0.3333333333333333,0.6,0.5111111111111111
0.15784364090390998,19,TTGGCAGGATGGCTTCTCA,UGAGAAGCCAUCCUGCCAA,0.8,0.75,0.8,0.7833333333333333
0.07184811804155,20,TGGCAGGATGGCTTCTCAT,AUGAGAAGCCAUCCUGCCA,0.8,0.5833333333333334,0.6,0.6944444444444445
0.08060604079811999,21,GGCAGGATGGCTTCTCATC,GAUGAGAAGCCAUCCUGCC,0.8,0.4166666666666667,0.6,0.638888888888889
0.07841174936105,22,GCAGGATGGCTTCTCATCG,CGAUGAGAAGCCAUCCUGC,0.6,0.4166666666666667,0.8,0.5722222222222223
0.09614017138799999,23,CAGGATGGCTTCTCATCGT,ACGAUGAGAAGCCAUCCUG,1.0,0.6666666666666666,0.8,0.8555555555555555
0.161119145381,24,AGGATGGCTTCTCATCGTC,GACGAUGAGAAGCCAUCCU,0.4,0.5,0.4,0.43333333333333335
0.246389930386,25,GGATGGCTTCTCATCGTCT,AGACGAUGAGAAGCCAUCC,1.0,0.5833333333333334,0.8,0.8277777777777778
0.337427331996,26,GATGGCTTCTCATCGTCTG,CAGACGAUGAGAAGCCAUC,0.6,0.5,0.6,0.5666666666666667
0.4225523049999999,27,ATGGCTTCTCATCGTCTGC,GCAGACGAUGAGAAGCCAU,0.4,0.4166666666666667,0.2,0.3722222222222223
0.4667563609,28,TGGCTTCTCATCGTCTGCT,AGCAGACGAUGAGAAGCCA,0.6,0.4166666666666667,0.6,0.5388888888888889
0.5086853113,29,GGCTTCTCATCGTCTGCTC,GAGCAGACGAUGAGAAGCC,0.6,0.4166666666666667,0.4,0.5055555555555555
0.5157402488999999,30,GCTTCTCATCGTCTGCTCC,GGAGCAGACGAUGAGAAGC,0.6,0.25,0.4,0.44999999999999996
0.48887416919999993,31,CTTCTCATCGTCTGCTCCT,AGGAGCAGACGAUGAGAAG,0.8,0.5,0.6,0.6666666666666666
0.44147983579999994,32,TTCTCATCGTCTGCTCCTC,GAGGAGCAGACGAUGAGAA,0.4,0.4166666666666667,0.4,0.4055555555555556
0.416286683,33,TCTCATCGTCTGCTCCTCC,GGAGGAGCAGACGAUGAGA,0.4,0.25,0.2,0.3166666666666667
0.39274008699999996,34,CTCATCGTCTGCTCCTCCT,AGGAGGAGCAGACGAUGAG,0.8,0.5,0.6,0.6666666666666666
0.35850138579999996,35,TCATCGTCTGCTCCTCCTC,GAGGAGGAGCAGACGAUGA,0.4,0.4166666666666667,0.2,0.3722222222222223
0.34851382,36,CATCGTCTGCTCCTCCTCT,AGAGGAGGAGCAGACGAUG,0.8,0.4166666666666667,0.6,0.638888888888889
0.32697158400000004,37,ATCGTCTGCTCCTCCTCTG,CAGAGGAGGAGCAGACGAU,0.4,0.4166666666666667,0.2,0.3722222222222223
0.31007416444999997,38,TCGTCTGCTCCTCCTCTGC,GCAGAGGAGGAGCAGACGA,0.4,0.3333333333333333,0.0,0.3111111111111111
0.31560348997000004,39,CGTCTGCTCCTCCTCTGCC,GGCAGAGGAGGAGCAGACG,0.6,0.25,0.2,0.4166666666666667
0.33327135981999995,40,GTCTGCTCCTCCTCTGCCT,AGGCAGAGGAGGAGCAGAC,0.8,0.5,0.6,0.6666666666666666
0.35295163101,41,TCTGCTCCTCCTCTGCCTT,AAGGCAGAGGAGGAGCAGA,0.6,0.4166666666666667,0.4,0.5055555555555555
0.39513962088,42,CTGCTCCTCCTCTGCCTTG,CAAGGCAGAGGAGGAGCAG,0.6,0.3333333333333333,0.4,0.4777777777777777
0.42657806611,43,TGCTCCTCCTCTGCCTTGC,GCAAGGCAGAGGAGGAGCA,0.4,0.3333333333333333,0.2,0.3444444444444445
0.46737014309999997,44,GCTCCTCCTCTGCCTTGCT,AGCAAGGCAGAGGAGGAGC,0.8,0.5,0.6,0.6666666666666666
0.5258122633299999,45,CTCCTCCTCTGCCTTGCTG,CAGCAAGGCAGAGGAGGAG,0.6,0.4166666666666667,0.4,0.5055555555555555
0.54804244275,46,TCCTCCTCTGCCTTGCTGG,CCAGCAAGGCAGAGGAGGA,0.4,0.25,0.0,0.2833333333333334
0.5556272492100001,47,CCTCCTCTGCCTTGCTGGA,UCCAGCAAGGCAGAGGAGG,0.8,0.5,0.6,0.6666666666666666
0.4876971058599999,48,CTCCTCTGCCTTGCTGGAC,GUCCAGCAAGGCAGAGGAG,0.6,0.25,0.4,0.44999999999999996
0.43108901808,49,TCCTCTGCCTTGCTGGACT,AGUCCAGCAAGGCAGAGGA,0.6,0.5,0.6,0.5666666666666667
0.39169561113999996,50,CCTCTGCCTTGCTGGACTG,CAGUCCAGCAAGGCAGAGG,0.6,0.4166666666666667,0.4,0.5055555555555555
0.37761417199999997,51,CTCTGCCTTGCTGGACTGG,CCAGUCCAGCAAGGCAGAG,0.6,0.25,0.2,0.4166666666666667
0.346379163345,52,TCTGCCTTGCTGGACTGGT,ACCAGUCCAGCAAGGCAGA,0.6,0.3333333333333333,0.4,0.4777777777777777
0.334592688672,53,CTGCCTTGCTGGACTGGTA,UACCAGUCCAGCAAGGCAG,1.0,0.6666666666666666,0.8,0.8555555555555555
0.30667760057,54,TGCCTTGCTGGACTGGTAT,AUACCAGUCCAGCAAGGCA,0.8,0.5833333333333334,0.6,0.6944444444444445
0.3668440549,55,GCCTTGCTGGACTGGTATT,AAUACCAGUCCAGCAAGGC,1.0,0.6666666666666666,0.8,0.8555555555555555
0.36347005288999995,56,CCTTGCTGGACTGGTATTT,AAAUACCAGUCCAGCAAGG,1.0,0.6666666666666666,0.8,0.8555555555555555
0.34996369281199996,57,CTTGCTGGACTGGTATTTG,CAAAUACCAGUCCAGCAAG,0.8,0.5,0.6,0.6666666666666666
0.30600520230999995,58,TTGCTGGACTGGTATTTGT,ACAAAUACCAGUCCAGCAA,0.8,0.75,0.6,0.75
0.26759110966,59,TGCTGGACTGGTATTTGTG,CACAAAUACCAGUCCAGCA,0.6,0.5,0.4,0.5333333333333333
0.28871689895999997,60,GCTGGACTGGTATTTGTGT,ACACAAAUACCAGUCCAGC,1.0,0.5833333333333334,1.0,0.8611111111111112
0.28913389836,61,CTGGACTGGTATTTGTGTC,GACACAAAUACCAGUCCAG,0.8,0.5,0.6,0.6666666666666666
0.27427567696,62,TGGACTGGTATTTGTGTCT,AGACACAAAUACCAGUCCA,0.8,0.5833333333333334,0.6,0.6944444444444445
0.32797635043999995,63,GGACTGGTATTTGTGTCTG,CAGACACAAAUACCAGUCC,0.6,0.5,0.6,0.5666666666666667
0.39136602012,64,GACTGGTATTTGTGTCTGA,UCAGACACAAAUACCAGUC,1.0,0.75,0.8,0.8833333333333333
0.46943742612,65,ACTGGTATTTGTGTCTGAG,CUCAGACACAAAUACCAGU,0.4,0.4166666666666667,0.2,0.3722222222222223
0.5377395463149999,66,CTGGTATTTGTGTCTGAGG,CCUCAGACACAAAUACCAG,0.6,0.4166666666666667,0.6,0.5388888888888889
0.5470327092969999,67,TGGTATTTGTGTCTGAGGC,GCCUCAGACACAAAUACCA,0.4,0.4166666666666667,0.2,0.3722222222222223
0.5421842942830001,68,GGTATTTGTGTCTGAGGCT,AGCCUCAGACACAAAUACC,0.8,0.5,0.6,0.6666666666666666
0.535326848003,69,GTATTTGTGTCTGAGGCTG,CAGCCUCAGACACAAAUAC,0.6,0.4166666666666667,0.4,0.5055555555555555
0.470942965451,70,TATTTGTGTCTGAGGCTGG,CCAGCCUCAGACACAAAUA,0.4,0.3333333333333333,0.2,0.3444444444444445
0.3996856590549999,71,ATTTGTGTCTGAGGCTGGC,GCCAGCCUCAGACACAAAU,0.4,0.3333333333333333,0.2,0.3444444444444445
0.323421570316,72,TTTGTGTCTGAGGCTGGCC,GGCCAGCCUCAGACACAAA,0.4,0.16666666666666666,0.2,0.2888888888888889
0.25045716574099997,73,TTGTGTCTGAGGCTGGCCC,GGGCCAGCCUCAGACACAA,0.4,0.16666666666666666,0.0,0.2555555555555556
0.17853498031299997,74,TGTGTCTGAGGCTGGCCCT,AGGGCCAGCCUCAGACACA,0.6,0.3333333333333333,0.2,0.4444444444444444
0.13651140205799997,75,GTGTCTGAGGCTGGCCCTA,UAGGGCCAGCCUCAGACAC,0.8,0.4166666666666667,0.4,0.6055555555555556
0.086067762144,76,TGTCTGAGGCTGGCCCTAC,GUAGGGCCAGCCUCAGACA,0.4,0.25,0.0,0.2833333333333334
0.0826431911,77,GTCTGAGGCTGGCCCTACG,CGUAGGGCCAGCCUCAGAC,0.6,0.4166666666666667,0.4,0.5055555555555555
0.12321885181614999,78,TCTGAGGCTGGCCCTACGG,CCGUAGGGCCAGCCUCAGA,0.4,0.3333333333333333,0.0,0.3111111111111111
0.20549343758756003,79,CTGAGGCTGGCCCTACGGG,CCCGUAGGGCCAGCCUCAG,0.6,0.25,0.2,0.4166666666666667
0.25399219983409,80,TGAGGCTGGCCCTACGGGC,GCCCGUAGGGCCAGCCUCA,0.4,0.25,0.0,0.2833333333333334
0.28868218713346294,81,GAGGCTGGCCCTACGGGCA,UGCCCGUAGGGCCAGCCUC,0.8,0.4166666666666667,0.6,0.638888888888889
0.3333014394194,82,AGGCTGGCCCTACGGGCAC,GUGCCCGUAGGGCCAGCCU,0.4,0.25,0.2,0.3166666666666667
0.35562768219354995,83,GGCTGGCCCTACGGGCACC,GGUGCCCGUAGGGCCAGCC,0.6,0.25,0.4,0.44999999999999996
0.3879281430373309,84,GCTGGCCCTACGGGCACCG,CGGUGCCCGUAGGGCCAGC,0.6,0.16666666666666666,0.2,0.3888888888888889
0.39687640149560005,85,CTGGCCCTACGGGCACCGG,CCGGUGCCCGUAGGGCCAG,0.6,0.16666666666666666,0.2,0.3888888888888889
0.40403881783556,86,TGGCCCTACGGGCACCGGT,ACCGGUGCCCGUAGGGCCA,0.6,0.3333333333333333,0.2,0.4444444444444444
0.40076710736214,87,GGCCCTACGGGCACCGGTG,CACCGGUGCCCGUAGGGCC,0.6,0.25,0.2,0.4166666666666667
0.34990139004584003,88,GCCCTACGGGCACCGGTGA,UCACCGGUGCCCGUAGGGC,0.8,0.5,0.8,0.7000000000000001
0.2863764845551,89,CCCTACGGGCACCGGTGAA,UUCACCGGUGCCCGUAGGG,0.8,0.5833333333333334,0.6,0.6944444444444445
0.25624217671589994,90,CCTACGGGCACCGGTGAAT,AUUCACCGGUGCCCGUAGG,1.0,0.5,0.6,0.7666666666666666
0.2249130177338,91,CTACGGGCACCGGTGAATC,GAUUCACCGGUGCCCGUAG,0.8,0.4166666666666667,0.4,0.6055555555555556
0.18624806185409998,92,TACGGGCACCGGTGAATCC,GGAUUCACCGGUGCCCGUA,0.6,0.4166666666666667,0.2,0.47222222222222227
0.10164391333599998,93,ACGGGCACCGGTGAATCCA,UGGAUUCACCGGUGCCCGU,0.8,0.5,0.4,0.6333333333333334
0.12418241877120001,94,CGGGCACCGGTGAATCCAA,UUGGAUUCACCGGUGCCCG,1.0,0.5833333333333334,0.8,0.8277777777777778
0.1389687837425,95,GGGCACCGGTGAATCCAAG,CUUGGAUUCACCGGUGCCC,0.8,0.4166666666666667,0.4,0.6055555555555556
0.15394663154,96,GGCACCGGTGAATCCAAGT,ACUUGGAUUCACCGGUGCC,1.0,0.5,0.8,0.7999999999999999
0.22326966183299998,97,GCACCGGTGAATCCAAGTG,CACUUGGAUUCACCGGUGC,0.6,0.5,0.6,0.5666666666666667
0.29758780454,98,CACCGGTGAATCCAAGTGT,ACACUUGGAUUCACCGGUG,1.0,0.5833333333333334,0.8,0.8277777777777778
0.36966560973,99,ACCGGTGAATCCAAGTGTC,GACACUUGGAUUCACCGGU,0.6,0.5,0.4,0.5333333333333333
0.44609426339999997,100,CCGGTGAATCCAAGTGTCC,GGACACUUGGAUUCACCGG,0.6,0.3333333333333333,0.4,0.4777777777777777
0.4565517410199999,101,CGGTGAATCCAAGTGTCCT,AGGACACUUGGAUUCACCG,0.8,0.4166666666666667,1.0,0.7055555555555557
0.48279131421000004,102,GGTGAATCCAAGTGTCCTC,GAGGACACUUGGAUUCACC,0.6,0.4166666666666667,0.8,0.5722222222222223
0.50826177022,103,GTGAATCCAAGTGTCCTCT,AGAGGACACUUGGAUUCAC,0.8,0.4166666666666667,0.6,0.638888888888889
0.53417921116,104,TGAATCCAAGTGTCCTCTG,CAGAGGACACUUGGAUUCA,0.4,0.5,0.2,0.4000000000000001
0.5495607926,105,GAATCCAAGTGTCCTCTGA,UCAGAGGACACUUGGAUUC,0.8,0.8333333333333334,0.6,0.7777777777777778
0.5132189857999999,106,AATCCAAGTGTCCTCTGAT,AUCAGAGGACACUUGGAUU,0.8,0.5833333333333334,0.6,0.6944444444444445
0.44308611480999993,107,ATCCAAGTGTCCTCTGATG,CAUCAGAGGACACUUGGAU,0.6,0.5833333333333334,0.4,0.5611111111111111
0.36587478334000006,108,TCCAAGTGTCCTCTGATGG,CCAUCAGAGGACACUUGGA,0.4,0.4166666666666667,0.2,0.3722222222222223
0.3751327502300001,109,CCAAGTGTCCTCTGATGGT,ACCAUCAGAGGACACUUGG,1.0,0.6666666666666666,0.8,0.8555555555555555
0.34054615242999997,110,CAAGTGTCCTCTGATGGTC,GACCAUCAGAGGACACUUG,0.6,0.5,0.6,0.5666666666666667
0.25160443005999994,111,AAGTGTCCTCTGATGGTCA,UGACCAUCAGAGGACACUU,0.8,0.5833333333333334,0.4,0.6611111111111112
0.20472616816999994,112,AGTGTCCTCTGATGGTCAA,UUGACCAUCAGAGGACACU,0.8,0.75,0.6,0.75
0.19853594945,113,GTGTCCTCTGATGGTCAAA,UUUGACCAUCAGAGGACAC,1.0,0.6666666666666666,0.8,0.8555555555555555
0.27056678634000003,114,TGTCCTCTGATGGTCAAAG,CUUUGACCAUCAGAGGACA,0.6,0.4166666666666667,0.4,0.5055555555555555
0.2956077952099999,115,GTCCTCTGATGGTCAAAGT,ACUUUGACCAUCAGAGGAC,1.0,0.75,0.8,0.8833333333333333
0.28321477895999997,116,TCCTCTGATGGTCAAAGTT,AACUUUGACCAUCAGAGGA,0.8,0.6666666666666666,0.6,0.7222222222222222
0.31939732011,117,CCTCTGATGGTCAAAGTTC,GAACUUUGACCAUCAGAGG,0.8,0.5,0.6,0.6666666666666666
0.3268719333,118,CTCTGATGGTCAAAGTTCT,AGAACUUUGACCAUCAGAG,1.0,0.6666666666666666,1.0,0.8888888888888888
0.29510063899999994,119,TCTGATGGTCAAAGTTCTA,UAGAACUUUGACCAUCAGA,0.8,0.75,0.6,0.75
0.3065907557,120,CTGATGGTCAAAGTTCTAG,CUAGAACUUUGACCAUCAG,0.8,0.4166666666666667,0.6,0.638888888888889
0.26328545059999997,121,TGATGGTCAAAGTTCTAGA,UCUAGAACUUUGACCAUCA,0.8,0.75,0.6,0.75
0.2845560333,122,GATGGTCAAAGTTCTAGAT,AUCUAGAACUUUGACCAUC,1.0,0.6666666666666666,0.8,0.8555555555555555
0.33940224010000003,123,ATGGTCAAAGTTCTAGATG,CAUCUAGAACUUUGACCAU,0.6,0.5,0.2,0.5
0.38798329369999995,124,TGGTCAAAGTTCTAGATGC,GCAUCUAGAACUUUGACCA,0.6,0.5,0.6,0.5666666666666667
0.44323508928,125,GGTCAAAGTTCTAGATGCT,AGCAUCUAGAACUUUGACC,1.0,0.6666666666666666,1.0,0.8888888888888888
0.5006788001999999,126,GTCAAAGTTCTAGATGCTG,CAGCAUCUAGAACUUUGAC,0.6,0.3333333333333333,0.6,0.5111111111111111
0.5166929736,127,TCAAAGTTCTAGATGCTGT,ACAGCAUCUAGAACUUUGA,0.8,0.6666666666666666,0.4,0.688888888888889
0.5545099789000001,128,CAAAGTTCTAGATGCTGTC,GACAGCAUCUAGAACUUUG,0.6,0.5,0.4,0.5333333333333333
0.5899882035999999,129,AAAGTTCTAGATGCTGTCC,GGACAGCAUCUAGAACUUU,0.4,0.4166666666666667,0.2,0.3722222222222223
0.5838451863,130,AAGTTCTAGATGCTGTCCG,CGGACAGCAUCUAGAACUU,0.4,0.3333333333333333,0.2,0.3444444444444445
0.5604275002,131,AGTTCTAGATGCTGTCCGA,UCGGACAGCAUCUAGAACU,0.6,0.6666666666666666,0.4,0.5888888888888888
0.56348802928,132,GTTCTAGATGCTGTCCGAG,CUCGGACAGCAUCUAGAAC,0.6,0.25,0.6,0.48333333333333334
0.551998157202,133,TTCTAGATGCTGTCCGAGG,CCUCGGACAGCAUCUAGAA,0.4,0.3333333333333333,0.2,0.3444444444444445
0.500175167274,134,TCTAGATGCTGTCCGAGGC,GCCUCGGACAGCAUCUAGA,0.4,0.3333333333333333,0.4,0.37777777777777777
0.4307124292259999,135,CTAGATGCTGTCCGAGGCA,UGCCUCGGACAGCAUCUAG,0.8,0.5833333333333334,0.6,0.6944444444444445
0.34434098186699996,136,TAGATGCTGTCCGAGGCAG,CUGCCUCGGACAGCAUCUA,0.4,0.25,0.2,0.3166666666666667
0.26845282834799994,137,AGATGCTGTCCGAGGCAGT,ACUGCCUCGGACAGCAUCU,0.6,0.5,0.4,0.5333333333333333
0.22946119382,138,GATGCTGTCCGAGGCAGTC,GACUGCCUCGGACAGCAUC,0.6,0.25,0.2,0.4166666666666667
0.173776464272,139,ATGCTGTCCGAGGCAGTCC,GGACUGCCUCGGACAGCAU,0.4,0.25,0.0,0.2833333333333334
0.200746452344,140,TGCTGTCCGAGGCAGTCCT,AGGACUGCCUCGGACAGCA,0.6,0.4166666666666667,0.4,0.5055555555555555
0.2125606160935,141,GCTGTCCGAGGCAGTCCTG,CAGGACUGCCUCGGACAGC,0.6,0.3333333333333333,0.2,0.4444444444444444
0.23373347972400005,142,CTGTCCGAGGCAGTCCTGC,GCAGGACUGCCUCGGACAG,0.6,0.16666666666666666,0.2,0.3888888888888889
0.23375088340078,143,TGTCCGAGGCAGTCCTGCC,GGCAGGACUGCCUCGGACA,0.4,0.25,0.0,0.2833333333333334
0.2185882508394,144,GTCCGAGGCAGTCCTGCCA,UGGCAGGACUGCCUCGGAC,0.8,0.5,0.8,0.7000000000000001
0.19773591533538995,145,TCCGAGGCAGTCCTGCCAT,AUGGCAGGACUGCCUCGGA,0.6,0.4166666666666667,0.4,0.5055555555555555
0.20233748014151998,146,CCGAGGCAGTCCTGCCATC,GAUGGCAGGACUGCCUCGG,0.6,0.4166666666666667,0.4,0.5055555555555555
0.16579003810100001,147,CGAGGCAGTCCTGCCATCA,UGAUGGCAGGACUGCCUCG,0.8,0.5833333333333334,0.6,0.6944444444444445
0.182678322862,148,GAGGCAGTCCTGCCATCAA,UUGAUGGCAGGACUGCCUC,1.0,0.6666666666666666,1.0,0.8888888888888888
0.2376983399592,149,AGGCAGTCCTGCCATCAAT,AUUGAUGGCAGGACUGCCU,0.8,0.75,0.6,0.75
0.2894348242716,150,GGCAGTCCTGCCATCAATG,CAUUGAUGGCAGGACUGCC,0.8,0.4166666666666667,0.6,0.638888888888889
0.35980638315299995,151,GCAGTCCTGCCATCAATGT,ACAUUGAUGGCAGGACUGC,1.0,0.75,0.8,0.8833333333333333
0.356541663631,152,CAGTCCTGCCATCAATGTG,CACAUUGAUGGCAGGACUG,0.8,0.5,0.6,0.6666666666666666
0.3412261287757,153,AGTCCTGCCATCAATGTGG,CCACAUUGAUGGCAGGACU,0.6,0.4166666666666667,0.4,0.5055555555555555
0.2982078115691,154,GTCCTGCCATCAATGTGGC,GCCACAUUGAUGGCAGGAC,0.6,0.3333333333333333,0.6,0.5111111111111111
0.27184070270559996,155,TCCTGCCATCAATGTGGCC,GGCCACAUUGAUGGCAGGA,0.4,0.25,0.2,0.3166666666666667
0.20338679501999998,156,CCTGCCATCAATGTGGCCG,CGGCCACAUUGAUGGCAGG,0.6,0.08333333333333333,0.4,0.39444444444444443
0.21979008557999996,157,CTGCCATCAATGTGGCCGT,ACGGCCACAUUGAUGGCAG,0.8,0.3333333333333333,0.8,0.6444444444444445
0.23453415702899996,158,TGCCATCAATGTGGCCGTG,CACGGCCACAUUGAUGGCA,0.4,0.25,0.2,0.3166666666666667
0.32563357073399996,159,GCCATCAATGTGGCCGTGC,GCACGGCCACAUUGAUGGC,0.6,0.16666666666666666,0.2,0.3888888888888889
0.41551861295,160,CCATCAATGTGGCCGTGCA,UGCACGGCCACAUUGAUGG,0.8,0.6666666666666666,0.8,0.7555555555555555
0.42640461295399995,161,CATCAATGTGGCCGTGCAT,AUGCACGGCCACAUUGAUG,0.8,0.5833333333333334,0.8,0.7277777777777779
0.40812586662,162,ATCAATGTGGCCGTGCATG,CAUGCACGGCCACAUUGAU,0.4,0.3333333333333333,0.2,0.3444444444444445
0.38822024786,163,TCAATGTGGCCGTGCATGT,ACAUGCACGGCCACAUUGA,0.8,0.6666666666666666,0.4,0.688888888888889
0.31904136161,164,CAATGTGGCCGTGCATGTG,CACAUGCACGGCCACAUUG,0.6,0.4166666666666667,0.4,0.5055555555555555
0.23963503061,165,AATGTGGCCGTGCATGTGT,ACACAUGCACGGCCACAUU,0.8,0.5833333333333334,0.6,0.6944444444444445
0.2098138633,166,ATGTGGCCGTGCATGTGTT,AACACAUGCACGGCCACAU,0.8,0.6666666666666666,0.6,0.7222222222222222
0.17498173683999996,167,TGTGGCCGTGCATGTGTTC,GAACACAUGCACGGCCACA,0.6,0.4166666666666667,0.4,0.5055555555555555
0.24147346329,168,GTGGCCGTGCATGTGTTCA,UGAACACAUGCACGGCCAC,1.0,0.5,0.8,0.7999999999999999
0.29306396613,169,TGGCCGTGCATGTGTTCAG,CUGAACACAUGCACGGCCA,0.6,0.4166666666666667,0.4,0.5055555555555555
0.32251746206,170,GGCCGTGCATGTGTTCAGA,UCUGAACACAUGCACGGCC,1.0,0.5833333333333334,0.8,0.8277777777777778
0.39266812509,171,GCCGTGCATGTGTTCAGAA,UUCUGAACACAUGCACGGC,1.0,0.6666666666666666,0.8,0.8555555555555555
0.442484331,172,CCGTGCATGTGTTCAGAAA,UUUCUGAACACAUGCACGG,1.0,0.8333333333333334,0.8,0.9111111111111111
0.40621630429999994,173,CGTGCATGTGTTCAGAAAG,CUUUCUGAACACAUGCACG,0.8,0.5,0.8,0.7000000000000001
0.4015437203,174,GTGCATGTGTTCAGAAAGG,CCUUUCUGAACACAUGCAC,0.8,0.5833333333333334,0.6,0.6944444444444445
0.3864535703,175,TGCATGTGTTCAGAAAGGC,GCCUUUCUGAACACAUGCA,0.4,0.4166666666666667,0.2,0.3722222222222223
0.3931466162399999,176,GCATGTGTTCAGAAAGGCT,AGCCUUUCUGAACACAUGC,1.0,0.5833333333333334,0.6,0.7944444444444444
0.41976171892999997,177,CATGTGTTCAGAAAGGCTG,CAGCCUUUCUGAACACAUG,0.6,0.3333333333333333,0.4,0.4777777777777777
0.37412641122999996,178,ATGTGTTCAGAAAGGCTGC,GCAGCCUUUCUGAACACAU,0.4,0.3333333333333333,0.2,0.3444444444444445
0.3538928449249999,179,TGTGTTCAGAAAGGCTGCT,AGCAGCCUUUCUGAACACA,0.6,0.4166666666666667,0.4,0.5055555555555555
0.37495803797699995,180,GTGTTCAGAAAGGCTGCTG,CAGCAGCCUUUCUGAACAC,0.6,0.3333333333333333,0.4,0.4777777777777777
0.4041663908319999,181,TGTTCAGAAAGGCTGCTGA,UCAGCAGCCUUUCUGAACA,0.6,0.5833333333333334,0.6,0.5944444444444444
0.421873889683,182,GTTCAGAAAGGCTGCTGAT,AUCAGCAGCCUUUCUGAAC,1.0,0.5833333333333334,0.6,0.7944444444444444
0.4406357867030001,183,TTCAGAAAGGCTGCTGATG,CAUCAGCAGCCUUUCUGAA,0.4,0.4166666666666667,0.4,0.4055555555555556
0.41356974512899997,184,TCAGAAAGGCTGCTGATGA,UCAUCAGCAGCCUUUCUGA,0.8,0.75,0.6,0.75
0.41810961640199995,185,CAGAAAGGCTGCTGATGAC,GUCAUCAGCAGCCUUUCUG,0.8,0.5833333333333334,0.8,0.7277777777777779
0.4184228460069999,186,AGAAAGGCTGCTGATGACA,UGUCAUCAGCAGCCUUUCU,0.8,0.6666666666666666,0.4,0.688888888888889
0.403253534671,187,GAAAGGCTGCTGATGACAC,GUGUCAUCAGCAGCCUUUC,0.8,0.5,0.6,0.6666666666666666
0.3861625895846,188,AAAGGCTGCTGATGACACC,GGUGUCAUCAGCAGCCUUU,0.4,0.5833333333333334,0.4,0.4611111111111112
0.306271862157,189,AAGGCTGCTGATGACACCT,AGGUGUCAUCAGCAGCCUU,0.6,0.4166666666666667,0.6,0.5388888888888889
0.2459065197946,190,AGGCTGCTGATGACACCTG,CAGGUGUCAUCAGCAGCCU,0.4,0.3333333333333333,0.4,0.37777777777777777
0.2459734720132,191,GGCTGCTGATGACACCTGG,CCAGGUGUCAUCAGCAGCC,0.6,0.3333333333333333,0.4,0.4777777777777777
0.274471577554,192,GCTGCTGATGACACCTGGG,CCCAGGUGUCAUCAGCAGC,0.6,0.25,0.2,0.4166666666666667
0.317897821792,193,CTGCTGATGACACCTGGGA,UCCCAGGUGUCAUCAGCAG,0.8,0.5,0.6,0.6666666666666666
0.36223727862,194,TGCTGATGACACCTGGGAG,CUCCCAGGUGUCAUCAGCA,0.4,0.25,0.4,0.35000000000000003
0.35991928466,195,GCTGATGACACCTGGGAGC,GCUCCCAGGUGUCAUCAGC,0.6,0.25,0.2,0.4166666666666667
0.41462203166100003,196,CTGATGACACCTGGGAGCC,GGCUCCCAGGUGUCAUCAG,0.6,0.16666666666666666,0.2,0.3888888888888889
0.45422067267000005,197,TGATGACACCTGGGAGCCA,UGGCUCCCAGGUGUCAUCA,0.6,0.5,0.6,0.5666666666666667
0.46609552384999997,198,GATGACACCTGGGAGCCAT,AUGGCUCCCAGGUGUCAUC,0.8,0.4166666666666667,0.6,0.638888888888889
0.4542430837099999,199,ATGACACCTGGGAGCCATT,AAUGGCUCCCAGGUGUCAU,0.8,0.5833333333333334,0.6,0.6944444444444445
0.39599165459999996,200,TGACACCTGGGAGCCATTT,AAAUGGCUCCCAGGUGUCA,0.8,0.6666666666666666,0.6,0.7222222222222222
0.33961668353999996,201,GACACCTGGGAGCCATTTG,CAAAUGGCUCCCAGGUGUC,0.8,0.5,0.6,0.6666666666666666
0.29327040222999995,202,ACACCTGGGAGCCATTTGC,GCAAAUGGCUCCCAGGUGU,0.6,0.5,0.4,0.5333333333333333
0.27965440011000003,203,CACCTGGGAGCCATTTGCC,GGCAAAUGGCUCCCAGGUG,0.8,0.3333333333333333,0.4,0.5777777777777778
0.25917568550000003,204,ACCTGGGAGCCATTTGCCT,AGGCAAAUGGCUCCCAGGU,0.8,0.4166666666666667,0.6,0.638888888888889
0.22782130493699995,205,CCTGGGAGCCATTTGCCTC,GAGGCAAAUGGCUCCCAGG,0.6,0.25,0.4,0.44999999999999996
0.194451034625,206,CTGGGAGCCATTTGCCTCT,AGAGGCAAAUGGCUCCCAG,0.8,0.4166666666666667,1.0,0.7055555555555557
0.21664996195300001,207,TGGGAGCCATTTGCCTCTG,CAGAGGCAAAUGGCUCCCA,0.4,0.3333333333333333,0.4,0.37777777777777777
0.27768908600979997,208,GGGAGCCATTTGCCTCTGG,CCAGAGGCAAAUGGCUCCC,0.6,0.4166666666666667,0.4,0.5055555555555555
0.336714850891,209,GGAGCCATTTGCCTCTGGG,CCCAGAGGCAAAUGGCUCC,0.6,0.4166666666666667,0.2,0.47222222222222227
0.36885097223,210,GAGCCATTTGCCTCTGGGA,UCCCAGAGGCAAAUGGCUC,0.8,0.5,0.8,0.7000000000000001
0.40697063691,211,AGCCATTTGCCTCTGGGAA,UUCCCAGAGGCAAAUGGCU,0.6,0.5833333333333334,0.4,0.5611111111111111
0.42919160549,212,GCCATTTGCCTCTGGGAAA,UUUCCCAGAGGCAAAUGGC,1.0,0.6666666666666666,0.8,0.8555555555555555
0.45728022721,213,CCATTTGCCTCTGGGAAAA,UUUUCCCAGAGGCAAAUGG,1.0,0.75,0.8,0.8833333333333333
0.45332143925000007,214,CATTTGCCTCTGGGAAAAC,GUUUUCCCAGAGGCAAAUG,0.8,0.4166666666666667,0.4,0.6055555555555556
0.42440665774,215,ATTTGCCTCTGGGAAAACC,GGUUUUCCCAGAGGCAAAU,0.6,0.4166666666666667,0.2,0.47222222222222227
0.3625300616899999,216,TTTGCCTCTGGGAAAACCA,UGGUUUUCCCAGAGGCAAA,0.8,0.5833333333333334,0.4,0.6611111111111112
0.29557574129499997,217,TTGCCTCTGGGAAAACCAG,CUGGUUUUCCCAGAGGCAA,0.6,0.3333333333333333,0.4,0.4777777777777777
0.23199396512789996,218,TGCCTCTGGGAAAACCAGT,ACUGGUUUUCCCAGAGGCA,0.8,0.4166666666666667,0.6,0.638888888888889
0.1975718833154,219,GCCTCTGGGAAAACCAGTG,CACUGGUUUUCCCAGAGGC,0.6,0.25,0.6,0.48333333333333334
0.21164771980349997,220,CCTCTGGGAAAACCAGTGA,UCACUGGUUUUCCCAGAGG,0.8,0.5833333333333334,0.8,0.7277777777777779
0.2697155946068,221,CTCTGGGAAAACCAGTGAG,CUCACUGGUUUUCCCAGAG,0.6,0.3333333333333333,0.6,0.5111111111111111
0.31217909182639997,222,TCTGGGAAAACCAGTGAGT,ACUCACUGGUUUUCCCAGA,0.8,0.5,0.4,0.6333333333333334
0.3933249727711,223,CTGGGAAAACCAGTGAGTC,GACUCACUGGUUUUCCCAG,0.6,0.25,0.6,0.48333333333333334
0.47982558114209994,224,TGGGAAAACCAGTGAGTCT,AGACUCACUGGUUUUCCCA,0.8,0.5,0.6,0.6666666666666666
0.4787001340929999,225,GGGAAAACCAGTGAGTCTG,CAGACUCACUGGUUUUCCC,0.6,0.25,0.8,0.5166666666666666
0.4897484923969999,226,GGAAAACCAGTGAGTCTGG,CCAGACUCACUGGUUUUCC,0.6,0.4166666666666667,0.6,0.5388888888888889
0.447351907863,227,GAAAACCAGTGAGTCTGGA,UCCAGACUCACUGGUUUUC,0.8,0.5833333333333334,0.6,0.6944444444444445
0.35453428274399995,228,AAAACCAGTGAGTCTGGAG,CUCCAGACUCACUGGUUUU,0.4,0.4166666666666667,0.2,0.3722222222222223
0.320683616796,229,AAACCAGTGAGTCTGGAGA,UCUCCAGACUCACUGGUUU,0.6,0.6666666666666666,0.6,0.6222222222222221
0.26188389739400003,230,AACCAGTGAGTCTGGAGAG,CUCUCCAGACUCACUGGUU,0.4,0.4166666666666667,0.2,0.3722222222222223
0.21723633632699996,231,ACCAGTGAGTCTGGAGAGC,GCUCUCCAGACUCACUGGU,0.4,0.3333333333333333,0.2,0.3444444444444445
0.235931497795,232,CCAGTGAGTCTGGAGAGCT,AGCUCUCCAGACUCACUGG,0.8,0.4166666666666667,0.6,0.638888888888889
0.2618409463269,233,CAGTGAGTCTGGAGAGCTG,CAGCUCUCCAGACUCACUG,0.6,0.4166666666666667,0.6,0.5388888888888889
0.28570458504259993,234,AGTGAGTCTGGAGAGCTGC,GCAGCUCUCCAGACUCACU,0.4,0.16666666666666666,0.2,0.2888888888888889
0.297148422885,235,GTGAGTCTGGAGAGCTGCA,UGCAGCUCUCCAGACUCAC,0.8,0.5,0.6,0.6666666666666666
0.251888396729,236,TGAGTCTGGAGAGCTGCAT,AUGCAGCUCUCCAGACUCA,0.6,0.5833333333333334,0.6,0.5944444444444444
0.266152592934,237,GAGTCTGGAGAGCTGCATG,CAUGCAGCUCUCCAGACUC,0.6,0.3333333333333333,0.4,0.4777777777777777
0.30357738514199994,238,AGTCTGGAGAGCTGCATGG,CCAUGCAGCUCUCCAGACU,0.4,0.3333333333333333,0.2,0.3444444444444445
0.31128843412599994,239,GTCTGGAGAGCTGCATGGG,CCCAUGCAGCUCUCCAGAC,0.6,0.25,0.2,0.4166666666666667
0.31788114628110004,240,TCTGGAGAGCTGCATGGGC,GCCCAUGCAGCUCUCCAGA,0.4,0.25,0.2,0.3166666666666667
0.3155536181621,241,CTGGAGAGCTGCATGGGCT,AGCCCAUGCAGCUCUCCAG,0.8,0.4166666666666667,0.6,0.638888888888889
0.32842319296872,242,TGGAGAGCTGCATGGGCTC,GAGCCCAUGCAGCUCUCCA,0.4,0.25,0.2,0.3166666666666667
0.33764081748725,243,GGAGAGCTGCATGGGCTCA,UGAGCCCAUGCAGCUCUCC,0.8,0.5,0.6,0.6666666666666666
0.37436227023429997,244,GAGAGCTGCATGGGCTCAC,GUGAGCCCAUGCAGCUCUC,0.6,0.25,0.4,0.44999999999999996
0.35593150613399993,245,AGAGCTGCATGGGCTCACA,UGUGAGCCCAUGCAGCUCU,0.6,0.6666666666666666,0.4,0.5888888888888888
0.3976984022172,246,GAGCTGCATGGGCTCACAA,UUGUGAGCCCAUGCAGCUC,1.0,0.5833333333333334,0.6,0.7944444444444444
0.4356955554975999,247,AGCTGCATGGGCTCACAAC,GUUGUGAGCCCAUGCAGCU,0.6,0.4166666666666667,0.2,0.47222222222222227
0.4657088738615999,248,GCTGCATGGGCTCACAACT,AGUUGUGAGCCCAUGCAGC,1.0,0.5,1.0,0.8333333333333334
0.453431965173,249,CTGCATGGGCTCACAACTG,CAGUUGUGAGCCCAUGCAG,0.8,0.4166666666666667,0.6,0.638888888888889
0.443485475021,250,TGCATGGGCTCACAACTGA,UCAGUUGUGAGCCCAUGCA,0.8,0.75,0.6,0.75
0.35311539114,251,GCATGGGCTCACAACTGAG,CUCAGUUGUGAGCCCAUGC,0.8,0.4166666666666667,0.6,0.638888888888889
0.28216469218,252,CATGGGCTCACAACTGAGG,CCUCAGUUGUGAGCCCAUG,0.6,0.3333333333333333,0.6,0.5111111111111111
0.19949966880000003,253,ATGGGCTCACAACTGAGGA,UCCUCAGUUGUGAGCCCAU,0.6,0.5833333333333334,0.6,0.5944444444444444
0.17720052979999998,254,TGGGCTCACAACTGAGGAG,CUCCUCAGUUGUGAGCCCA,0.4,0.3333333333333333,0.4,0.37777777777777777
0.14600949891999998,255,GGGCTCACAACTGAGGAGG,CCUCCUCAGUUGUGAGCCC,0.6,0.16666666666666666,0.4,0.4222222222222222
0.20464290845,256,GGCTCACAACTGAGGAGGA,UCCUCCUCAGUUGUGAGCC,0.8,0.5,0.8,0.7000000000000001
0.26570831809,257,GCTCACAACTGAGGAGGAA,UUCCUCCUCAGUUGUGAGC,0.8,0.6666666666666666,0.8,0.7555555555555555
0.32206151618999995,258,CTCACAACTGAGGAGGAAT,AUUCCUCCUCAGUUGUGAG,1.0,0.5,0.8,0.7999999999999999
0.36890845010999995,259,TCACAACTGAGGAGGAATT,AAUUCCUCCUCAGUUGUGA,0.8,0.75,0.8,0.7833333333333333
0.44735787157000007,260,CACAACTGAGGAGGAATTT,AAAUUCCUCCUCAGUUGUG,1.0,0.6666666666666666,0.8,0.8555555555555555
0.47573911099999994,261,ACAACTGAGGAGGAATTTG,CAAAUUCCUCCUCAGUUGU,0.6,0.5833333333333334,0.4,0.5611111111111111
0.51261377,262,CAACTGAGGAGGAATTTGT,ACAAAUUCCUCCUCAGUUG,1.0,0.75,0.8,0.8833333333333333
0.527026456,263,AACTGAGGAGGAATTTGTA,UACAAAUUCCUCCUCAGUU,0.8,0.75,0.8,0.7833333333333333
0.517552789,264,ACTGAGGAGGAATTTGTAG,CUACAAAUUCCUCCUCAGU,0.6,0.5,0.4,0.5333333333333333
0.530710547,265,CTGAGGAGGAATTTGTAGA,UCUACAAAUUCCUCCUCAG,1.0,0.6666666666666666,0.8,0.8555555555555555
0.575858169,266,TGAGGAGGAATTTGTAGAA,UUCUACAAAUUCCUCCUCA,0.8,0.8333333333333334,0.8,0.8111111111111112
0.5929821919999999,267,GAGGAGGAATTTGTAGAAG,CUUCUACAAAUUCCUCCUC,0.8,0.5,0.6,0.6666666666666666
0.604702898,268,AGGAGGAATTTGTAGAAGG,CCUUCUACAAAUUCCUCCU,0.6,0.5,0.4,0.5333333333333333
0.572220377,269,GGAGGAATTTGTAGAAGGG,CCCUUCUACAAAUUCCUCC,0.6,0.5833333333333334,0.6,0.5944444444444444
0.512368889,270,GAGGAATTTGTAGAAGGGA,UCCCUUCUACAAAUUCCUC,0.8,0.5,0.8,0.7000000000000001
0.45352679,271,AGGAATTTGTAGAAGGGAT,AUCCCUUCUACAAAUUCCU,0.8,0.5833333333333334,0.4,0.6611111111111112
0.3984508069999999,272,GGAATTTGTAGAAGGGATA,UAUCCCUUCUACAAAUUCC,1.0,0.75,0.6,0.85
0.31712979199999997,273,GAATTTGTAGAAGGGATAT,AUAUCCCUUCUACAAAUUC,1.0,0.6666666666666666,0.4,0.7888888888888889
0.23621045199999993,274,AATTTGTAGAAGGGATATA,UAUAUCCCUUCUACAAAUU,0.8,0.6666666666666666,0.2,0.6555555555555556
0.22746268499999997,275,ATTTGTAGAAGGGATATAC,GUAUAUCCCUUCUACAAAU,0.6,0.5,0.0,0.4666666666666666
0.277463417,276,TTTGTAGAAGGGATATACA,UGUAUAUCCCUUCUACAAA,0.8,0.75,0.4,0.7166666666666668
0.34454299,277,TTGTAGAAGGGATATACAA,UUGUAUAUCCCUUCUACAA,0.8,0.75,0.4,0.7166666666666668
0.42662015200000003,278,TGTAGAAGGGATATACAAA,UUUGUAUAUCCCUUCUACA,0.8,0.75,0.6,0.75
0.5007436862,279,GTAGAAGGGATATACAAAG,CUUUGUAUAUCCCUUCUAC,0.8,0.5833333333333334,0.8,0.7277777777777779
0.5831886128999999,280,TAGAAGGGATATACAAAGT,ACUUUGUAUAUCCCUUCUA,0.8,0.75,0.4,0.7166666666666668
0.6614939266999998,281,AGAAGGGATATACAAAGTG,CACUUUGUAUAUCCCUUCU,0.6,0.5833333333333334,0.4,0.5611111111111111
0.6624571425999999,282,GAAGGGATATACAAAGTGG,CCACUUUGUAUAUCCCUUC,0.8,0.5833333333333334,0.6,0.6944444444444445
0.6657827559999999,283,AAGGGATATACAAAGTGGA,UCCACUUUGUAUAUCCCUU,0.8,0.5833333333333334,0.6,0.6944444444444445
0.600086412,284,AGGGATATACAAAGTGGAA,UUCCACUUUGUAUAUCCCU,0.8,0.6666666666666666,0.4,0.688888888888889
0.533643792,285,GGGATATACAAAGTGGAAA,UUUCCACUUUGUAUAUCCC,1.0,0.5833333333333334,1.0,0.8611111111111112
0.46658669299999994,286,GGATATACAAAGTGGAAAT,AUUUCCACUUUGUAUAUCC,1.0,0.75,0.6,0.85
0.402390455,287,GATATACAAAGTGGAAATA,UAUUUCCACUUUGUAUAUC,1.0,0.6666666666666666,0.6,0.8222222222222221
0.33987863,288,ATATACAAAGTGGAAATAG,CUAUUUCCACUUUGUAUAU,0.6,0.5,0.0,0.4666666666666666
0.2981911099999999,289,TATACAAAGTGGAAATAGA,UCUAUUUCCACUUUGUAUA,0.8,0.75,0.4,0.7166666666666668
0.230019114,290,ATACAAAGTGGAAATAGAC,GUCUAUUUCCACUUUGUAU,0.6,0.5833333333333334,0.2,0.5277777777777778
0.22453524099999997,291,TACAAAGTGGAAATAGACA,UGUCUAUUUCCACUUUGUA,0.8,0.6666666666666666,0.6,0.7222222222222222
0.22080830649999997,292,ACAAAGTGGAAATAGACAC,GUGUCUAUUUCCACUUUGU,0.6,0.5,0.4,0.5333333333333333
0.2900785017,293,CAAAGTGGAAATAGACACC,GGUGUCUAUUUCCACUUUG,0.6,0.5,0.6,0.5666666666666667
0.35758304910000005,294,AAAGTGGAAATAGACACCA,UGGUGUCUAUUUCCACUUU,0.6,0.5833333333333334,0.4,0.5611111111111111
0.4236117252,295,AAGTGGAAATAGACACCAA,UUGGUGUCUAUUUCCACUU,0.8,0.75,0.4,0.7166666666666668
0.4753238806999999,296,AGTGGAAATAGACACCAAA,UUUGGUGUCUAUUUCCACU,0.8,0.6666666666666666,0.6,0.7222222222222222
0.5415905959999999,297,GTGGAAATAGACACCAAAT,AUUUGGUGUCUAUUUCCAC,1.0,0.6666666666666666,0.8,0.8555555555555555
0.6105253319,298,TGGAAATAGACACCAAATC,GAUUUGGUGUCUAUUUCCA,0.6,0.5833333333333334,0.4,0.5611111111111111
0.6730138521,299,GGAAATAGACACCAAATCT,AGAUUUGGUGUCUAUUUCC,1.0,0.75,0.6,0.85
0.6697708229999999,300,GAAATAGACACCAAATCTT,AAGAUUUGGUGUCUAUUUC,1.0,0.75,0.8,0.8833333333333333
0.608173247,301,AAATAGACACCAAATCTTA,UAAGAUUUGGUGUCUAUUU,0.8,0.75,0.2,0.6833333333333335
0.5512135329999999,302,AATAGACACCAAATCTTAC,GUAAGAUUUGGUGUCUAUU,0.6,0.5,0.4,0.5333333333333333
0.46332320499999996,303,ATAGACACCAAATCTTACT,AGUAAGAUUUGGUGUCUAU,0.8,0.75,0.4,0.7166666666666668
0.430459683,304,TAGACACCAAATCTTACTG,CAGUAAGAUUUGGUGUCUA,0.6,0.5,0.6,0.5666666666666667
0.41070643399999995,305,AGACACCAAATCTTACTGG,CCAGUAAGAUUUGGUGUCU,0.6,0.5,0.4,0.5333333333333333
0.410586421,306,GACACCAAATCTTACTGGA,UCCAGUAAGAUUUGGUGUC,1.0,0.6666666666666666,0.8,0.8555555555555555
0.41747804999999993,307,ACACCAAATCTTACTGGAA,UUCCAGUAAGAUUUGGUGU,0.8,0.75,0.6,0.75
0.44849649399999997,308,CACCAAATCTTACTGGAAG,CUUCCAGUAAGAUUUGGUG,0.6,0.5,0.8,0.6
0.45651133499999996,309,ACCAAATCTTACTGGAAGG,CCUUCCAGUAAGAUUUGGU,0.4,0.5,0.4,0.43333333333333335
0.4948632234,310,CCAAATCTTACTGGAAGGC,GCCUUCCAGUAAGAUUUGG,0.6,0.4166666666666667,0.4,0.5055555555555555
0.5101085509999999,311,CAAATCTTACTGGAAGGCA,UGCCUUCCAGUAAGAUUUG,0.8,0.5833333333333334,0.6,0.6944444444444445
0.521412651,312,AAATCTTACTGGAAGGCAC,GUGCCUUCCAGUAAGAUUU,0.4,0.5,0.2,0.4000000000000001
0.523511011,313,AATCTTACTGGAAGGCACT,AGUGCCUUCCAGUAAGAUU,0.6,0.5,0.4,0.5333333333333333
0.48781870729999993,314,ATCTTACTGGAAGGCACTT,AAGUGCCUUCCAGUAAGAU,0.6,0.5,0.6,0.5666666666666667
0.4579741048999999,315,TCTTACTGGAAGGCACTTG,CAAGUGCCUUCCAGUAAGA,0.4,0.4166666666666667,0.2,0.3722222222222223
0.448487258,316,CTTACTGGAAGGCACTTGG,CCAAGUGCCUUCCAGUAAG,0.6,0.4166666666666667,0.4,0.5055555555555555
0.44529394889999996,317,TTACTGGAAGGCACTTGGC,GCCAAGUGCCUUCCAGUAA,0.4,0.5,0.2,0.4000000000000001
0.44041913260000004,318,TACTGGAAGGCACTTGGCA,UGCCAAGUGCCUUCCAGUA,0.6,0.5833333333333334,0.4,0.5611111111111111
0.40995098099999994,319,ACTGGAAGGCACTTGGCAT,AUGCCAAGUGCCUUCCAGU,0.8,0.5,0.8,0.7000000000000001
0.36939701523,320,CTGGAAGGCACTTGGCATC,GAUGCCAAGUGCCUUCCAG,0.6,0.3333333333333333,0.8,0.5444444444444444
0.365118193,321,TGGAAGGCACTTGGCATCT,AGAUGCCAAGUGCCUUCCA,0.6,0.5,0.6,0.5666666666666667
0.39848456114,322,GGAAGGCACTTGGCATCTC,GAGAUGCCAAGUGCCUUCC,0.6,0.5,0.6,0.5666666666666667
0.40277989515,323,GAAGGCACTTGGCATCTCC,GGAGAUGCCAAGUGCCUUC,0.6,0.5,0.4,0.5333333333333333
0.39197704883,324,AAGGCACTTGGCATCTCCC,GGGAGAUGCCAAGUGCCUU,0.4,0.25,0.4,0.35000000000000003
0.36727806112,325,AGGCACTTGGCATCTCCCC,GGGGAGAUGCCAAGUGCCU,0.4,0.16666666666666666,0.0,0.2555555555555556
0.384172232,326,GGCACTTGGCATCTCCCCA,UGGGGAGAUGCCAAGUGCC,0.8,0.3333333333333333,0.6,0.6111111111111112
0.34563224257999997,327,GCACTTGGCATCTCCCCAT,AUGGGGAGAUGCCAAGUGC,0.8,0.4166666666666667,0.8,0.6722222222222224
0.31478570756999996,328,CACTTGGCATCTCCCCATT,AAUGGGGAGAUGCCAAGUG,0.8,0.5833333333333334,0.8,0.7277777777777779
0.27808802957,329,ACTTGGCATCTCCCCATTC,GAAUGGGGAGAUGCCAAGU,0.4,0.4166666666666667,0.2,0.3722222222222223
0.259948467959,330,CTTGGCATCTCCCCATTCC,GGAAUGGGGAGAUGCCAAG,0.6,0.4166666666666667,0.4,0.5055555555555555
0.246931939481,331,TTGGCATCTCCCCATTCCA,UGGAAUGGGGAGAUGCCAA,0.8,0.5833333333333334,0.6,0.6944444444444445
0.228396621083,332,TGGCATCTCCCCATTCCAT,AUGGAAUGGGGAGAUGCCA,0.8,0.5,0.6,0.6666666666666666
0.17744909166700001,333,GGCATCTCCCCATTCCATG,CAUGGAAUGGGGAGAUGCC,0.8,0.25,0.6,0.5833333333333334
0.246527593948,334,GCATCTCCCCATTCCATGA,UCAUGGAAUGGGGAGAUGC,1.0,0.6666666666666666,0.8,0.8555555555555555
0.29872738349999994,335,CATCTCCCCATTCCATGAG,CUCAUGGAAUGGGGAGAUG,0.6,0.4166666666666667,0.6,0.5388888888888889
0.33504866007,336,ATCTCCCCATTCCATGAGC,GCUCAUGGAAUGGGGAGAU,0.4,0.4166666666666667,0.4,0.4055555555555556
0.392991457,337,TCTCCCCATTCCATGAGCA,UGCUCAUGGAAUGGGGAGA,0.8,0.5833333333333334,0.6,0.6944444444444445
0.4395208402,338,CTCCCCATTCCATGAGCAT,AUGCUCAUGGAAUGGGGAG,1.0,0.5,0.8,0.7999999999999999
0.4943191715,339,TCCCCATTCCATGAGCATG,CAUGCUCAUGGAAUGGGGA,0.4,0.25,0.6,0.38333333333333336
0.5472268408,340,CCCCATTCCATGAGCATGC,GCAUGCUCAUGGAAUGGGG,0.6,0.25,0.6,0.48333333333333334
0.5400977869999999,341,CCCATTCCATGAGCATGCA,UGCAUGCUCAUGGAAUGGG,0.8,0.6666666666666666,0.8,0.7555555555555555
0.5384077274,342,CCATTCCATGAGCATGCAG,CUGCAUGCUCAUGGAAUGG,0.6,0.5,0.4,0.5333333333333333
0.5510153621,343,CATTCCATGAGCATGCAGA,UCUGCAUGCUCAUGGAAUG,1.0,0.5833333333333334,0.6,0.7944444444444444
0.4855227633,344,ATTCCATGAGCATGCAGAG,CUCUGCAUGCUCAUGGAAU,0.4,0.4166666666666667,0.4,0.4055555555555556
0.44019740899999993,345,TTCCATGAGCATGCAGAGG,CCUCUGCAUGCUCAUGGAA,0.4,0.3333333333333333,0.2,0.3444444444444445
0.38276968578,346,TCCATGAGCATGCAGAGGT,ACCUCUGCAUGCUCAUGGA,0.6,0.5,0.6,0.5666666666666667
0.4055183494229999,347,CCATGAGCATGCAGAGGTG,CACCUCUGCAUGCUCAUGG,0.6,0.5,0.6,0.5666666666666667
0.361067868384,348,CATGAGCATGCAGAGGTGG,CCACCUCUGCAUGCUCAUG,0.6,0.16666666666666666,0.4,0.4222222222222222
0.309999729888,349,ATGAGCATGCAGAGGTGGT,ACCACCUCUGCAUGCUCAU,0.6,0.5,0.4,0.5333333333333333
0.252511698783,350,TGAGCATGCAGAGGTGGTA,UACCACCUCUGCAUGCUCA,0.6,0.6666666666666666,0.8,0.6555555555555554
0.267650415345,351,GAGCATGCAGAGGTGGTAT,AUACCACCUCUGCAUGCUC,1.0,0.5,0.8,0.7999999999999999
0.33314834263,352,AGCATGCAGAGGTGGTATT,AAUACCACCUCUGCAUGCU,0.8,0.6666666666666666,0.6,0.7222222222222222
0.35992882906999996,353,GCATGCAGAGGTGGTATTC,GAAUACCACCUCUGCAUGC,0.8,0.5833333333333334,0.6,0.6944444444444445
0.29676546080999994,354,CATGCAGAGGTGGTATTCA,UGAAUACCACCUCUGCAUG,1.0,0.6666666666666666,1.0,0.8888888888888888
0.28050373716999993,355,ATGCAGAGGTGGTATTCAC,GUGAAUACCACCUCUGCAU,0.6,0.5833333333333334,0.4,0.5611111111111111
0.27407949436999995,356,TGCAGAGGTGGTATTCACA,UGUGAAUACCACCUCUGCA,0.8,0.6666666666666666,0.8,0.7555555555555555
0.25699417789,357,GCAGAGGTGGTATTCACAG,CUGUGAAUACCACCUCUGC,0.8,0.5,0.6,0.6666666666666666
0.22894101538999997,358,CAGAGGTGGTATTCACAGC,GCUGUGAAUACCACCUCUG,0.6,0.5,0.6,0.5666666666666667
0.17072843532999998,359,AGAGGTGGTATTCACAGCC,GGCUGUGAAUACCACCUCU,0.4,0.4166666666666667,0.4,0.4055555555555556
0.16344717891,360,GAGGTGGTATTCACAGCCA,UGGCUGUGAAUACCACCUC,0.8,0.6666666666666666,0.8,0.7555555555555555
0.22733384487999994,361,AGGTGGTATTCACAGCCAA,UUGGCUGUGAAUACCACCU,0.6,0.6666666666666666,0.4,0.5888888888888888
0.30924109814,362,GGTGGTATTCACAGCCAAC,GUUGGCUGUGAAUACCACC,0.6,0.4166666666666667,0.4,0.5055555555555555
0.3821296866999999,363,GTGGTATTCACAGCCAACG,CGUUGGCUGUGAAUACCAC,0.6,0.3333333333333333,0.6,0.5111111111111111
0.4636365139999999,364,TGGTATTCACAGCCAACGA,UCGUUGGCUGUGAAUACCA,0.6,0.6666666666666666,0.4,0.5888888888888888
0.5422085690999999,365,GGTATTCACAGCCAACGAC,GUCGUUGGCUGUGAAUACC,0.6,0.4166666666666667,0.4,0.5055555555555555
0.606515362,366,GTATTCACAGCCAACGACT,AGUCGUUGGCUGUGAAUAC,1.0,0.5833333333333334,0.6,0.7944444444444444
0.6688956899999999,367,TATTCACAGCCAACGACTC,GAGUCGUUGGCUGUGAAUA,0.4,0.4166666666666667,0.4,0.4055555555555556
0.587004672,368,ATTCACAGCCAACGACTCC,GGAGUCGUUGGCUGUGAAU,0.4,0.4166666666666667,0.2,0.3722222222222223
0.5125204673,369,TTCACAGCCAACGACTCCG,CGGAGUCGUUGGCUGUGAA,0.4,0.16666666666666666,0.4,0.32222222222222224
0.44910980469999995,370,TCACAGCCAACGACTCCGG,CCGGAGUCGUUGGCUGUGA,0.4,0.3333333333333333,0.0,0.3111111111111111
0.42961616699999994,371,CACAGCCAACGACTCCGGC,GCCGGAGUCGUUGGCUGUG,0.6,0.16666666666666666,0.2,0.3888888888888889
0.4303879043699999,372,ACAGCCAACGACTCCGGCC,GGCCGGAGUCGUUGGCUGU,0.4,0.25,0.0,0.2833333333333334
0.42010610209,373,CAGCCAACGACTCCGGCCC,GGGCCGGAGUCGUUGGCUG,0.6,0.16666666666666666,0.4,0.4222222222222222
0.41571827365,374,AGCCAACGACTCCGGCCCC,GGGGCCGGAGUCGUUGGCU,0.4,0.08333333333333333,0.2,0.2611111111111111
0.48221626327,375,GCCAACGACTCCGGCCCCC,GGGGGCCGGAGUCGUUGGC,0.6,0.08333333333333333,0.2,0.3611111111111111
0.52311873623,376,CCAACGACTCCGGCCCCCG,CGGGGGCCGGAGUCGUUGG,0.2,0.08333333333333333,0.2,0.16111111111111112
0.5594123724,377,CAACGACTCCGGCCCCCGC,GCGGGGGCCGGAGUCGUUG,0.2,0.16666666666666666,0.4,0.22222222222222224
0.567592481493,378,AACGACTCCGGCCCCCGCC,GGCGGGGGCCGGAGUCGUU,0.0,0.08333333333333333,0.0,0.027777777777777776
0.5128253044429999,379,ACGACTCCGGCCCCCGCCG,CGGCGGGGGCCGGAGUCGU,0.0,0.08333333333333333,0.0,0.027777777777777776
0.44433567716700006,380,CGACTCCGGCCCCCGCCGC,GCGGCGGGGGCCGGAGUCG,0.2,0.16666666666666666,0.2,0.18888888888888888
0.35440220174599996,381,GACTCCGGCCCCCGCCGCT,AGCGGCGGGGGCCGGAGUC,0.4,0.25,0.4,0.35000000000000003
0.26076248856400003,382,ACTCCGGCCCCCGCCGCTA,UAGCGGCGGGGGCCGGAGU,0.2,0.3333333333333333,0.2,0.24444444444444444
0.29049763358400005,383,CTCCGGCCCCCGCCGCTAC,GUAGCGGCGGGGGCCGGAG,0.2,0.25,0.4,0.25
0.32087316163799995,384,TCCGGCCCCCGCCGCTACA,UGUAGCGGCGGGGGCCGGA,0.2,0.5,0.4,0.3333333333333333
0.33824579488400003,385,CCGGCCCCCGCCGCTACAC,GUGUAGCGGCGGGGGCCGG,0.2,0.25,0.4,0.25
0.401821216966,386,CGGCCCCCGCCGCTACACC,GGUGUAGCGGCGGGGGCCG,0.2,0.25,0.4,0.25
0.40213074387599995,387,GGCCCCCGCCGCTACACCA,UGGUGUAGCGGCGGGGGCC,0.6,0.4166666666666667,0.6,0.5388888888888889
0.40580404299,388,GCCCCCGCCGCTACACCAT,AUGGUGUAGCGGCGGGGGC,0.6,0.4166666666666667,0.6,0.5388888888888889
0.45231106880000005,389,CCCCCGCCGCTACACCATT,AAUGGUGUAGCGGCGGGGG,0.6,0.4166666666666667,0.6,0.5388888888888889
0.36237934429999996,390,CCCCGCCGCTACACCATTG,CAAUGGUGUAGCGGCGGGG,0.8,0.4166666666666667,0.4,0.6055555555555556
0.3085321591,391,CCCGCCGCTACACCATTGC,GCAAUGGUGUAGCGGCGGG,0.6,0.4166666666666667,0.4,0.5055555555555555
0.30675030629999994,392,CCGCCGCTACACCATTGCC,GGCAAUGGUGUAGCGGCGG,0.6,0.3333333333333333,0.4,0.4777777777777777
0.30719665547,393,CGCCGCTACACCATTGCCG,CGGCAAUGGUGUAGCGGCG,0.6,0.25,0.4,0.44999999999999996
0.3941833029,394,GCCGCTACACCATTGCCGC,GCGGCAAUGGUGUAGCGGC,0.6,0.16666666666666666,0.2,0.3888888888888889
0.4834699825999999,395,CCGCTACACCATTGCCGCC,GGCGGCAAUGGUGUAGCGG,0.6,0.16666666666666666,0.4,0.4222222222222222
0.5322109278,396,CGCTACACCATTGCCGCCC,GGGCGGCAAUGGUGUAGCG,0.6,0.08333333333333333,0.2,0.3611111111111111
0.6223363749999999,397,GCTACACCATTGCCGCCCT,AGGGCGGCAAUGGUGUAGC,0.8,0.4166666666666667,0.6,0.638888888888889
0.6820772940000001,398,CTACACCATTGCCGCCCTG,CAGGGCGGCAAUGGUGUAG,0.6,0.4166666666666667,0.2,0.47222222222222227
0.6839239979999999,399,TACACCATTGCCGCCCTGC,GCAGGGCGGCAAUGGUGUA,0.4,0.16666666666666666,0.0,0.2555555555555556
0.6818371729999999,400,ACACCATTGCCGCCCTGCT,AGCAGGGCGGCAAUGGUGU,0.6,0.5,0.4,0.5333333333333333
0.6058806735000001,401,CACCATTGCCGCCCTGCTG,CAGCAGGGCGGCAAUGGUG,0.6,0.3333333333333333,0.2,0.4444444444444444
0.5329390835,402,ACCATTGCCGCCCTGCTGA,UCAGCAGGGCGGCAAUGGU,0.6,0.5,0.2,0.5
0.5078526576,403,CCATTGCCGCCCTGCTGAG,CUCAGCAGGGCGGCAAUGG,0.6,0.4166666666666667,0.2,0.47222222222222227
0.42635732479999994,404,CATTGCCGCCCTGCTGAGC,GCUCAGCAGGGCGGCAAUG,0.6,0.25,0.2,0.4166666666666667
0.36791687539999995,405,ATTGCCGCCCTGCTGAGCC,GGCUCAGCAGGGCGGCAAU,0.4,0.25,0.0,0.2833333333333334
0.3594058321,406,TTGCCGCCCTGCTGAGCCC,GGGCUCAGCAGGGCGGCAA,0.4,0.3333333333333333,0.2,0.3444444444444445
0.3613064797,407,TGCCGCCCTGCTGAGCCCC,GGGGCUCAGCAGGGCGGCA,0.4,0.0,0.0,0.20000000000000004
0.4151764602,408,GCCGCCCTGCTGAGCCCCT,AGGGGCUCAGCAGGGCGGC,0.8,0.25,0.6,0.5833333333333334
0.41825124420000004,409,CCGCCCTGCTGAGCCCCTA,UAGGGGCUCAGCAGGGCGG,0.8,0.4166666666666667,0.6,0.638888888888889
0.3996860811,410,CGCCCTGCTGAGCCCCTAC,GUAGGGGCUCAGCAGGGCG,0.6,0.25,0.4,0.44999999999999996
0.43650413250000003,411,GCCCTGCTGAGCCCCTACT,AGUAGGGGCUCAGCAGGGC,0.8,0.4166666666666667,0.6,0.638888888888889
0.419308868,412,CCCTGCTGAGCCCCTACTC,GAGUAGGGGCUCAGCAGGG,0.6,0.3333333333333333,0.2,0.4444444444444444
0.362434916,413,CCTGCTGAGCCCCTACTCC,GGAGUAGGGGCUCAGCAGG,0.6,0.25,0.2,0.4166666666666667
0.287591156,414,CTGCTGAGCCCCTACTCCT,AGGAGUAGGGGCUCAGCAG,1.0,0.3333333333333333,0.6,0.7111111111111111
0.28069602,415,TGCTGAGCCCCTACTCCTA,UAGGAGUAGGGGCUCAGCA,0.8,0.5,0.8,0.7000000000000001
0.327257947,416,GCTGAGCCCCTACTCCTAT,AUAGGAGUAGGGGCUCAGC,1.0,0.4166666666666667,0.8,0.7722222222222223
0.373535646,417,CTGAGCCCCTACTCCTATT,AAUAGGAGUAGGGGCUCAG,1.0,0.6666666666666666,0.8,0.8555555555555555
0.42077157299999995,418,TGAGCCCCTACTCCTATTC,GAAUAGGAGUAGGGGCUCA,0.6,0.5833333333333334,0.4,0.5611111111111111
0.49909864799999987,419,GAGCCCCTACTCCTATTCC,GGAAUAGGAGUAGGGGCUC,0.8,0.3333333333333333,0.6,0.6111111111111112
0.5783770830000001,420,AGCCCCTACTCCTATTCCA,UGGAAUAGGAGUAGGGGCU,0.8,0.6666666666666666,0.6,0.7222222222222222
0.6268349879999999,421,GCCCCTACTCCTATTCCAC,GUGGAAUAGGAGUAGGGGC,0.8,0.25,0.6,0.5833333333333334
0.6452271900000001,422,CCCCTACTCCTATTCCACC,GGUGGAAUAGGAGUAGGGG,0.6,0.16666666666666666,0.8,0.48888888888888893
0.64323806,423,CCCTACTCCTATTCCACCA,UGGUGGAAUAGGAGUAGGG,0.8,0.6666666666666666,0.8,0.7555555555555555
0.72487582,424,CCTACTCCTATTCCACCAC,GUGGUGGAAUAGGAGUAGG,0.6,0.4166666666666667,0.6,0.5388888888888889
0.611954453,425,CTACTCCTATTCCACCACG,CGUGGUGGAAUAGGAGUAG,0.6,0.5,0.4,0.5333333333333333
0.603572876,426,TACTCCTATTCCACCACGG,CCGUGGUGGAAUAGGAGUA,0.4,0.4166666666666667,0.2,0.3722222222222223
0.5928941339999999,427,ACTCCTATTCCACCACGGC,GCCGUGGUGGAAUAGGAGU,0.4,0.25,0.2,0.3166666666666667
0.611078358,428,CTCCTATTCCACCACGGCT,AGCCGUGGUGGAAUAGGAG,0.8,0.3333333333333333,0.8,0.6444444444444445
0.6267337617,429,TCCTATTCCACCACGGCTG,CAGCCGUGGUGGAAUAGGA,0.4,0.25,0.2,0.3166666666666667
0.6266325455999999,430,CCTATTCCACCACGGCTGT,ACAGCCGUGGUGGAAUAGG,0.8,0.4166666666666667,0.6,0.638888888888889
0.611176278,431,CTATTCCACCACGGCTGTC,GACAGCCGUGGUGGAAUAG,0.6,0.3333333333333333,0.4,0.4777777777777777
0.6148641103999999,432,TATTCCACCACGGCTGTCG,CGACAGCCGUGGUGGAAUA,0.4,0.25,0.2,0.3166666666666667
0.6051208063999999,433,ATTCCACCACGGCTGTCGT,ACGACAGCCGUGGUGGAAU,0.6,0.4166666666666667,0.6,0.5388888888888889
0.5933639647,434,TTCCACCACGGCTGTCGTC,GACGACAGCCGUGGUGGAA,0.4,0.3333333333333333,0.0,0.3111111111111111
0.5748599915,435,TCCACCACGGCTGTCGTCA,UGACGACAGCCGUGGUGGA,0.6,0.4166666666666667,0.4,0.5055555555555555
0.5007686012999999,436,CCACCACGGCTGTCGTCAC,GUGACGACAGCCGUGGUGG,0.6,0.4166666666666667,0.6,0.5388888888888889
0.44448357459999993,437,CACCACGGCTGTCGTCACC,GGUGACGACAGCCGUGGUG,0.6,0.4166666666666667,0.4,0.5055555555555555
0.3873136282,438,ACCACGGCTGTCGTCACCA,UGGUGACGACAGCCGUGGU,0.6,0.4166666666666667,0.4,0.5055555555555555
0.3465241113,439,CCACGGCTGTCGTCACCAA,UUGGUGACGACAGCCGUGG,1.0,0.75,0.6,0.85
0.3371958249,440,CACGGCTGTCGTCACCAAT,AUUGGUGACGACAGCCGUG,1.0,0.5,0.8,0.7999999999999999
0.3318460039,441,ACGGCTGTCGTCACCAATC,GAUUGGUGACGACAGCCGU,0.6,0.4166666666666667,0.4,0.5055555555555555
0.3334587433,442,CGGCTGTCGTCACCAATCC,GGAUUGGUGACGACAGCCG,0.6,0.5,0.4,0.5333333333333333
0.3766265319,443,GGCTGTCGTCACCAATCCC,GGGAUUGGUGACGACAGCC,0.6,0.3333333333333333,0.4,0.4777777777777777
0.41137332309999997,444,GCTGTCGTCACCAATCCCA,UGGGAUUGGUGACGACAGC,1.0,0.5,0.8,0.7999999999999999
0.4426789435,445,CTGTCGTCACCAATCCCAA,UUGGGAUUGGUGACGACAG,1.0,0.5833333333333334,0.8,0.8277777777777778
0.471698622,446,TGTCGTCACCAATCCCAAG,CUUGGGAUUGGUGACGACA,0.4,0.4166666666666667,0.4,0.4055555555555556
0.450209809,447,GTCGTCACCAATCCCAAGG,CCUUGGGAUUGGUGACGAC,0.6,0.3333333333333333,0.6,0.5111111111111111
0.4196170084,448,TCGTCACCAATCCCAAGGA,UCCUUGGGAUUGGUGACGA,0.6,0.6666666666666666,0.8,0.6555555555555554
0.4261044743,449,CGTCACCAATCCCAAGGAA,UUCCUUGGGAUUGGUGACG,1.0,0.75,0.8,0.8833333333333333
0.46688045589999994,450,GTCACCAATCCCAAGGAAT,AUUCCUUGGGAUUGGUGAC,1.0,0.5833333333333334,0.6,0.7944444444444444
0.46099327979000004,451,TCACCAATCCCAAGGAATG,CAUUCCUUGGGAUUGGUGA,0.6,0.5833333333333334,0.4,0.5611111111111111
0.44516534412000003,452,CACCAATCCCAAGGAATGA,UCAUUCCUUGGGAUUGGUG,1.0,0.6666666666666666,1.0,0.8888888888888888
0.3949953621,453,ACCAATCCCAAGGAATGAG,CUCAUUCCUUGGGAUUGGU,0.6,0.4166666666666667,0.4,0.5055555555555555
0.40551737128,454,CCAATCCCAAGGAATGAGG,CCUCAUUCCUUGGGAUUGG,0.8,0.5,0.6,0.6666666666666666
0.4547043670499999,455,CAATCCCAAGGAATGAGGG,CCCUCAUUCCUUGGGAUUG,0.6,0.4166666666666667,0.4,0.5055555555555555
0.4695419974199999,456,AATCCCAAGGAATGAGGGA,UCCCUCAUUCCUUGGGAUU,0.6,0.5833333333333334,0.4,0.5611111111111111
0.41096599554299995,457,ATCCCAAGGAATGAGGGAC,GUCCCUCAUUCCUUGGGAU,0.4,0.25,0.6,0.38333333333333336
0.40515302208,458,TCCCAAGGAATGAGGGACT,AGUCCCUCAUUCCUUGGGA,0.6,0.5,0.8,0.6
0.42914899295099995,459,CCCAAGGAATGAGGGACTT,AAGUCCCUCAUUCCUUGGG,0.8,0.5833333333333334,0.8,0.7277777777777779
0.4796107570449999,460,CCAAGGAATGAGGGACTTC,GAAGUCCCUCAUUCCUUGG,0.6,0.5,0.4,0.5333333333333333
0.4637616565789999,461,CAAGGAATGAGGGACTTCT,AGAAGUCCCUCAUUCCUUG,1.0,0.5833333333333334,0.8,0.8277777777777778
0.41714943261789994,462,AAGGAATGAGGGACTTCTC,GAGAAGUCCCUCAUUCCUU,0.6,0.5,0.4,0.5333333333333333
0.3956719969488,463,AGGAATGAGGGACTTCTCC,GGAGAAGUCCCUCAUUCCU,0.4,0.4166666666666667,0.2,0.3722222222222223
0.40038130377099995,464,GGAATGAGGGACTTCTCCT,AGGAGAAGUCCCUCAUUCC,1.0,0.5833333333333334,0.8,0.8277777777777778
0.38770182865629993,465,GAATGAGGGACTTCTCCTC,GAGGAGAAGUCCCUCAUUC,0.6,0.5,0.8,0.6
0.35612632238979997,466,AATGAGGGACTTCTCCTCC,GGAGGAGAAGUCCCUCAUU,0.4,0.3333333333333333,0.2,0.3444444444444445
0.32575252786449993,467,ATGAGGGACTTCTCCTCCA,UGGAGGAGAAGUCCCUCAU,0.6,0.6666666666666666,0.6,0.6222222222222221
0.2909007488893,468,TGAGGGACTTCTCCTCCAG,CUGGAGGAGAAGUCCCUCA,0.4,0.5,0.2,0.4000000000000001
0.27694388029789996,469,GAGGGACTTCTCCTCCAGT,ACUGGAGGAGAAGUCCCUC,0.8,0.4166666666666667,0.8,0.6722222222222224
0.23380971140309997,470,AGGGACTTCTCCTCCAGTG,CACUGGAGGAGAAGUCCCU,0.4,0.4166666666666667,0.2,0.3722222222222223
0.219827729851,471,GGGACTTCTCCTCCAGTGG,CCACUGGAGGAGAAGUCCC,0.6,0.3333333333333333,0.2,0.4444444444444444
0.2099356809221,472,GGACTTCTCCTCCAGTGGA,UCCACUGGAGGAGAAGUCC,0.8,0.5833333333333334,0.6,0.6944444444444445
0.18994483646449997,473,GACTTCTCCTCCAGTGGAC,GUCCACUGGAGGAGAAGUC,0.6,0.4166666666666667,0.4,0.5055555555555555
0.150919728701,474,ACTTCTCCTCCAGTGGACC,GGUCCACUGGAGGAGAAGU,0.4,0.16666666666666666,0.2,0.2888888888888889
0.151970550279,475,CTTCTCCTCCAGTGGACCT,AGGUCCACUGGAGGAGAAG,0.8,0.4166666666666667,0.6,0.638888888888889
0.1993028222,476,TTCTCCTCCAGTGGACCTG,CAGGUCCACUGGAGGAGAA,0.4,0.25,0.2,0.3166666666666667
0.18757541210999998,477,TCTCCTCCAGTGGACCTGA,UCAGGUCCACUGGAGGAGA,0.6,0.4166666666666667,0.4,0.5055555555555555
0.18890950433999995,478,CTCCTCCAGTGGACCTGAA,UUCAGGUCCACUGGAGGAG,1.0,0.6666666666666666,0.8,0.8555555555555555
0.20253003964499997,479,TCCTCCAGTGGACCTGAAG,CUUCAGGUCCACUGGAGGA,0.4,0.4166666666666667,0.2,0.3722222222222223
0.28577615075459994,480,CCTCCAGTGGACCTGAAGG,CCUUCAGGUCCACUGGAGG,0.6,0.3333333333333333,0.6,0.5111111111111111
0.34965285640999993,481,CTCCAGTGGACCTGAAGGA,UCCUUCAGGUCCACUGGAG,1.0,0.5833333333333334,0.8,0.8277777777777778
0.41341543847000006,482,TCCAGTGGACCTGAAGGAC,GUCCUUCAGGUCCACUGGA,0.4,0.25,0.2,0.3166666666666667
0.4180436214999999,483,CCAGTGGACCTGAAGGACG,CGUCCUUCAGGUCCACUGG,0.6,0.3333333333333333,0.4,0.4777777777777777
0.48502013907999997,484,CAGTGGACCTGAAGGACGA,UCGUCCUUCAGGUCCACUG,0.8,0.5833333333333334,0.8,0.7277777777777779
0.47433212213,485,AGTGGACCTGAAGGACGAG,CUCGUCCUUCAGGUCCACU,0.4,0.25,0.4,0.35000000000000003
0.46608527341000006,486,GTGGACCTGAAGGACGAGG,CCUCGUCCUUCAGGUCCAC,0.6,0.16666666666666666,0.4,0.4222222222222222
0.396283416288,487,TGGACCTGAAGGACGAGGG,CCCUCGUCCUUCAGGUCCA,0.4,0.25,0.0,0.2833333333333334
0.4105706388582,488,GGACCTGAAGGACGAGGGA,UCCCUCGUCCUUCAGGUCC,0.8,0.5833333333333334,0.4,0.6611111111111112
0.35711403794069996,489,GACCTGAAGGACGAGGGAT,AUCCCUCGUCCUUCAGGUC,0.8,0.3333333333333333,0.6,0.6111111111111112
0.2881610178726,490,ACCTGAAGGACGAGGGATG,CAUCCCUCGUCCUUCAGGU,0.4,0.3333333333333333,0.4,0.37777777777777777
0.23041398379619998,491,CCTGAAGGACGAGGGATGG,CCAUCCCUCGUCCUUCAGG,0.6,0.25,0.4,0.44999999999999996
0.24634086353299997,492,CTGAAGGACGAGGGATGGG,CCCAUCCCUCGUCCUUCAG,0.6,0.25,0.2,0.4166666666666667
0.3143707198923,493,TGAAGGACGAGGGATGGGA,UCCCAUCCCUCGUCCUUCA,0.6,0.5,0.4,0.5333333333333333
0.3285128003121999,494,GAAGGACGAGGGATGGGAT,AUCCCAUCCCUCGUCCUUC,1.0,0.5,0.8,0.7999999999999999
0.2480239387205,495,AAGGACGAGGGATGGGATT,AAUCCCAUCCCUCGUCCUU,0.8,0.5833333333333334,0.6,0.6944444444444445
0.2287559909229,496,AGGACGAGGGATGGGATTT,AAAUCCCAUCCCUCGUCCU,0.8,0.5833333333333334,0.6,0.6944444444444445
0.21676843885562996,497,GGACGAGGGATGGGATTTC,GAAAUCCCAUCCCUCGUCC,0.8,0.5,0.8,0.7000000000000001
0.2282097613668,498,GACGAGGGATGGGATTTCA,UGAAAUCCCAUCCCUCGUC,1.0,0.75,0.8,0.8833333333333333
0.221380035296,499,ACGAGGGATGGGATTTCAT,AUGAAAUCCCAUCCCUCGU,0.8,0.6666666666666666,0.6,0.7222222222222222
0.15363725705599995,500,CGAGGGATGGGATTTCATG,CAUGAAAUCCCAUCCCUCG,0.8,0.5833333333333334,0.6,0.6944444444444445
0.130931916743,501,GAGGGATGGGATTTCATGT,ACAUGAAAUCCCAUCCCUC,1.0,0.5833333333333334,1.0,0.8611111111111112
0.133247340686,502,AGGGATGGGATTTCATGTA,UACAUGAAAUCCCAUCCCU,0.8,0.75,0.6,0.75
0.15193537159999998,503,GGGATGGGATTTCATGTAA,UUACAUGAAAUCCCAUCCC,1.0,0.8333333333333334,0.8,0.9111111111111111
0.17302544381999999,504,GGATGGGATTTCATGTAAC,GUUACAUGAAAUCCCAUCC,0.8,0.6666666666666666,0.6,0.7222222222222222
0.16954271079999997,505,GATGGGATTTCATGTAACC,GGUUACAUGAAAUCCCAUC,0.8,0.5833333333333334,0.6,0.6944444444444445
0.18022682399999995,506,ATGGGATTTCATGTAACCA,UGGUUACAUGAAAUCCCAU,0.8,0.5833333333333334,0.6,0.6944444444444445
0.1834471951,507,TGGGATTTCATGTAACCAA,UUGGUUACAUGAAAUCCCA,0.8,0.6666666666666666,0.6,0.7222222222222222
0.19137259769999995,508,GGGATTTCATGTAACCAAG,CUUGGUUACAUGAAAUCCC,0.8,0.5,0.6,0.6666666666666666
0.2695638963,509,GGATTTCATGTAACCAAGA,UCUUGGUUACAUGAAAUCC,1.0,0.75,0.6,0.85
0.2733600887,510,GATTTCATGTAACCAAGAG,CUCUUGGUUACAUGAAAUC,0.6,0.5833333333333334,0.4,0.5611111111111111
0.2814304619,511,ATTTCATGTAACCAAGAGT,ACUCUUGGUUACAUGAAAU,0.8,0.5833333333333334,0.4,0.6611111111111112
0.34362488080000003,512,TTTCATGTAACCAAGAGTA,UACUCUUGGUUACAUGAAA,0.8,0.6666666666666666,0.2,0.6555555555555556
0.402928121,513,TTCATGTAACCAAGAGTAT,AUACUCUUGGUUACAUGAA,0.8,0.6666666666666666,0.2,0.6555555555555556
0.47671038499999996,514,TCATGTAACCAAGAGTATT,AAUACUCUUGGUUACAUGA,0.8,0.6666666666666666,0.4,0.688888888888889
0.545567461,515,CATGTAACCAAGAGTATTC,GAAUACUCUUGGUUACAUG,0.8,0.5833333333333334,0.8,0.7277777777777779
0.48365210599999997,516,ATGTAACCAAGAGTATTCC,GGAAUACUCUUGGUUACAU,0.6,0.4166666666666667,0.4,0.5055555555555555
0.48447382099999997,517,TGTAACCAAGAGTATTCCA,UGGAAUACUCUUGGUUACA,0.8,0.6666666666666666,0.4,0.688888888888889
0.545345926,518,GTAACCAAGAGTATTCCAT,AUGGAAUACUCUUGGUUAC,1.0,0.6666666666666666,0.8,0.8555555555555555
0.4768588989999999,519,TAACCAAGAGTATTCCATT,AAUGGAAUACUCUUGGUUA,0.8,0.6666666666666666,0.6,0.7222222222222222
0.393676201,520,AACCAAGAGTATTCCATTT,AAAUGGAAUACUCUUGGUU,0.8,0.75,0.6,0.75
0.32121873199999995,521,ACCAAGAGTATTCCATTTT,AAAAUGGAAUACUCUUGGU,0.8,0.6666666666666666,0.4,0.688888888888889
0.317157367,522,CCAAGAGTATTCCATTTTT,AAAAAUGGAAUACUCUUGG,1.0,0.8333333333333334,0.8,0.9111111111111111
0.31297754699999997,523,CAAGAGTATTCCATTTTTA,UAAAAAUGGAAUACUCUUG,1.0,0.8333333333333334,0.6,0.8777777777777778
0.310823327,524,AAGAGTATTCCATTTTTAC,GUAAAAAUGGAAUACUCUU,0.6,0.4166666666666667,0.0,0.4388888888888889
0.24642666499999996,525,AGAGTATTCCATTTTTACT,AGUAAAAAUGGAAUACUCU,0.8,0.5833333333333334,0.6,0.6944444444444445
0.25091683800000003,526,GAGTATTCCATTTTTACTA,UAGUAAAAAUGGAAUACUC,1.0,0.5833333333333334,0.6,0.7944444444444444
0.266198718,527,AGTATTCCATTTTTACTAA,UUAGUAAAAAUGGAAUACU,0.8,0.6666666666666666,0.4,0.688888888888889
0.26973090899999996,528,GTATTCCATTTTTACTAAA,UUUAGUAAAAAUGGAAUAC,1.0,0.75,0.6,0.85
0.2180566594,529,TATTCCATTTTTACTAAAG,CUUUAGUAAAAAUGGAAUA,0.6,0.5,0.2,0.5
0.23254232799999996,530,ATTCCATTTTTACTAAAGC,GCUUUAGUAAAAAUGGAAU,0.6,0.4166666666666667,0.2,0.47222222222222227
0.256381622,531,TTCCATTTTTACTAAAGCA,UGCUUUAGUAAAAAUGGAA,0.8,0.5833333333333334,0.2,0.6277777777777779
0.28132732099999996,532,TCCATTTTTACTAAAGCAG,CUGCUUUAGUAAAAAUGGA,0.6,0.3333333333333333,0.0,0.41111111111111104
0.3005893343999999,533,CCATTTTTACTAAAGCAGT,ACUGCUUUAGUAAAAAUGG,1.0,0.5,0.4,0.7333333333333334
0.3415430400999999,534,CATTTTTACTAAAGCAGTG,CACUGCUUUAGUAAAAAUG,0.6,0.4166666666666667,0.2,0.47222222222222227
0.36866766450000005,535,ATTTTTACTAAAGCAGTGT,ACACUGCUUUAGUAAAAAU,0.6,0.3333333333333333,0.2,0.4444444444444444
0.3914869419,536,TTTTTACTAAAGCAGTGTT,AACACUGCUUUAGUAAAAA,0.8,0.4166666666666667,0.4,0.6055555555555556
0.42246463460000006,537,TTTTACTAAAGCAGTGTTT,AAACACUGCUUUAGUAAAA,0.8,0.5,0.2,0.6000000000000001
0.4471948862,538,TTTACTAAAGCAGTGTTTT,AAAACACUGCUUUAGUAAA,0.8,0.4166666666666667,0.2,0.5722222222222223
0.43284002759999995,539,TTACTAAAGCAGTGTTTTC,GAAAACACUGCUUUAGUAA,0.6,0.5833333333333334,0.2,0.5277777777777778
0.4179724623999999,540,TACTAAAGCAGTGTTTTCA,UGAAAACACUGCUUUAGUA,0.8,0.5833333333333334,0.6,0.6944444444444445
0.383862142,541,ACTAAAGCAGTGTTTTCAC,GUGAAAACACUGCUUUAGU,0.6,0.4166666666666667,0.4,0.5055555555555555
0.3566598959999999,542,CTAAAGCAGTGTTTTCACC,GGUGAAAACACUGCUUUAG,0.8,0.5,0.6,0.6666666666666666
0.3248246751,543,TAAAGCAGTGTTTTCACCT,AGGUGAAAACACUGCUUUA,0.8,0.5,0.4,0.6333333333333334
0.27181206099999994,544,AAAGCAGTGTTTTCACCTC,GAGGUGAAAACACUGCUUU,0.4,0.5,0.6,0.46666666666666673
0.20550591779999997,545,AAGCAGTGTTTTCACCTCA,UGAGGUGAAAACACUGCUU,0.6,0.5833333333333334,0.6,0.5944444444444444
0.25456790439999993,546,AGCAGTGTTTTCACCTCAT,AUGAGGUGAAAACACUGCU,0.8,0.5833333333333334,0.6,0.6944444444444445
0.3166819465,547,GCAGTGTTTTCACCTCATA,UAUGAGGUGAAAACACUGC,1.0,0.8333333333333334,0.8,0.9111111111111111
0.37534215699999995,548,CAGTGTTTTCACCTCATAT,AUAUGAGGUGAAAACACUG,1.0,0.5833333333333334,0.6,0.7944444444444444
0.4377872726,549,AGTGTTTTCACCTCATATG,CAUAUGAGGUGAAAACACU,0.6,0.5,0.2,0.5
0.46616671194,550,GTGTTTTCACCTCATATGC,GCAUAUGAGGUGAAAACAC,0.8,0.4166666666666667,0.4,0.6055555555555556
0.5030532991900001,551,TGTTTTCACCTCATATGCT,AGCAUAUGAGGUGAAAACA,0.8,0.5,0.4,0.6333333333333334
0.54429144467,552,GTTTTCACCTCATATGCTA,UAGCAUAUGAGGUGAAAAC,1.0,0.6666666666666666,0.8,0.8555555555555555
0.5420981899999999,553,TTTTCACCTCATATGCTAT,AUAGCAUAUGAGGUGAAAA,0.8,0.5,0.6,0.6666666666666666
0.53555110433,554,TTTCACCTCATATGCTATG,CAUAGCAUAUGAGGUGAAA,0.6,0.5,0.4,0.5333333333333333
0.48661281473,555,TTCACCTCATATGCTATGT,ACAUAGCAUAUGAGGUGAA,0.8,0.6666666666666666,0.6,0.7222222222222222
0.4458371293699999,556,TCACCTCATATGCTATGTT,AACAUAGCAUAUGAGGUGA,0.8,0.75,0.6,0.75
0.45452484678,557,CACCTCATATGCTATGTTA,UAACAUAGCAUAUGAGGUG,1.0,0.8333333333333334,0.8,0.9111111111111111
0.4952276205,558,ACCTCATATGCTATGTTAG,CUAACAUAGCAUAUGAGGU,0.6,0.5,0.4,0.5333333333333333
0.45334916354,559,CCTCATATGCTATGTTAGA,UCUAACAUAGCAUAUGAGG,1.0,0.75,0.8,0.8833333333333333
0.3688070015,560,CTCATATGCTATGTTAGAA,UUCUAACAUAGCAUAUGAG,1.0,0.75,0.8,0.8833333333333333
0.28218269291,561,TCATATGCTATGTTAGAAG,CUUCUAACAUAGCAUAUGA,0.6,0.5833333333333334,0.2,0.5277777777777778
0.24382098178000003,562,CATATGCTATGTTAGAAGT,ACUUCUAACAUAGCAUAUG,1.0,0.6666666666666666,0.6,0.8222222222222221
0.27822927232999994,563,ATATGCTATGTTAGAAGTC,GACUUCUAACAUAGCAUAU,0.6,0.5833333333333334,0.0,0.49444444444444446
0.28256307612,564,TATGCTATGTTAGAAGTCC,GGACUUCUAACAUAGCAUA,0.4,0.4166666666666667,0.2,0.3722222222222223
0.24400221437999997,565,ATGCTATGTTAGAAGTCCA,UGGACUUCUAACAUAGCAU,0.8,0.6666666666666666,0.6,0.7222222222222222
0.28311865167999994,566,TGCTATGTTAGAAGTCCAG,CUGGACUUCUAACAUAGCA,0.4,0.4166666666666667,0.2,0.3722222222222223
0.31808763065999995,567,GCTATGTTAGAAGTCCAGG,CCUGGACUUCUAACAUAGC,0.6,0.25,0.4,0.44999999999999996
0.3642558176499999,568,CTATGTTAGAAGTCCAGGC,GCCUGGACUUCUAACAUAG,0.6,0.4166666666666667,0.4,0.5055555555555555
0.4041461332,569,TATGTTAGAAGTCCAGGCA,UGCCUGGACUUCUAACAUA,0.6,0.5833333333333334,0.4,0.5611111111111111
0.396158389,570,ATGTTAGAAGTCCAGGCAG,CUGCCUGGACUUCUAACAU,0.4,0.3333333333333333,0.4,0.37777777777777777
0.42118860569999994,571,TGTTAGAAGTCCAGGCAGA,UCUGCCUGGACUUCUAACA,0.6,0.6666666666666666,0.4,0.5888888888888888
0.4216269713999999,572,GTTAGAAGTCCAGGCAGAG,CUCUGCCUGGACUUCUAAC,0.6,0.3333333333333333,0.6,0.5111111111111111
0.4217041741999999,573,TTAGAAGTCCAGGCAGAGA,UCUCUGCCUGGACUUCUAA,0.6,0.6666666666666666,0.6,0.6222222222222221
0.421408583,574,TAGAAGTCCAGGCAGAGAC,GUCUCUGCCUGGACUUCUA,0.4,0.4166666666666667,0.2,0.3722222222222223
0.43782194850000006,575,AGAAGTCCAGGCAGAGACA,UGUCUCUGCCUGGACUUCU,0.8,0.75,0.4,0.7166666666666668
0.47160534419999994,576,GAAGTCCAGGCAGAGACAA,UUGUCUCUGCCUGGACUUC,1.0,0.6666666666666666,0.8,0.8555555555555555
0.4620025438,577,AAGTCCAGGCAGAGACAAT,AUUGUCUCUGCCUGGACUU,0.8,0.6666666666666666,0.6,0.7222222222222222
0.423469687,578,AGTCCAGGCAGAGACAATA,UAUUGUCUCUGCCUGGACU,0.8,0.6666666666666666,0.8,0.7555555555555555
0.4326340549999999,579,GTCCAGGCAGAGACAATAA,UUAUUGUCUCUGCCUGGAC,1.0,0.8333333333333334,0.8,0.9111111111111111
0.44334235869999994,580,TCCAGGCAGAGACAATAAA,UUUAUUGUCUCUGCCUGGA,0.8,0.8333333333333334,0.6,0.7777777777777778
0.4517072578999999,581,CCAGGCAGAGACAATAAAA,UUUUAUUGUCUCUGCCUGG,1.0,0.8333333333333334,0.8,0.9111111111111111
0.46676056050000003,582,CAGGCAGAGACAATAAAAC,GUUUUAUUGUCUCUGCCUG,0.8,0.5,0.8,0.7000000000000001
0.4033354863,583,AGGCAGAGACAATAAAACA,UGUUUUAUUGUCUCUGCCU,0.8,0.6666666666666666,0.6,0.7222222222222222
0.37440339339999995,584,GGCAGAGACAATAAAACAT,AUGUUUUAUUGUCUCUGCC,1.0,0.5833333333333334,1.0,0.8611111111111112
0.3681232128,585,GCAGAGACAATAAAACATT,AAUGUUUUAUUGUCUCUGC,1.0,0.6666666666666666,0.6,0.8222222222222221
0.3983594100000001,586,CAGAGACAATAAAACATTC,GAAUGUUUUAUUGUCUCUG,0.8,0.5,0.6,0.6666666666666666
0.43373134919999995,587,AGAGACAATAAAACATTCC,GGAAUGUUUUAUUGUCUCU,0.6,0.5,0.2,0.5
0.47697984489999995,588,GAGACAATAAAACATTCCT,AGGAAUGUUUUAUUGUCUC,1.0,0.5,0.8,0.7999999999999999
0.4921920035999999,589,AGACAATAAAACATTCCTG,CAGGAAUGUUUUAUUGUCU,0.6,0.4166666666666667,0.2,0.47222222222222227
0.5712462924,590,GACAATAAAACATTCCTGT,ACAGGAAUGUUUUAUUGUC,1.0,0.4166666666666667,0.4,0.7055555555555556
0.6109759947,591,ACAATAAAACATTCCTGTG,CACAGGAAUGUUUUAUUGU,0.4,0.4166666666666667,0.2,0.3722222222222223
0.6354718542,592,CAATAAAACATTCCTGTGA,UCACAGGAAUGUUUUAUUG,0.8,0.6666666666666666,0.6,0.7222222222222222
0.601204077,593,AATAAAACATTCCTGTGAA,UUCACAGGAAUGUUUUAUU,0.8,0.5833333333333334,0.4,0.6611111111111112
0.5704233819999999,594,ATAAAACATTCCTGTGAAA,UUUCACAGGAAUGUUUUAU,0.8,0.75,0.4,0.7166666666666668
0.5305628320000001,595,TAAAACATTCCTGTGAAAG,CUUUCACAGGAAUGUUUUA,0.6,0.4166666666666667,0.0,0.4388888888888889
0.49980656540000007,596,AAAACATTCCTGTGAAAGG,CCUUUCACAGGAAUGUUUU,0.6,0.5,0.4,0.5333333333333333
0.44127872749999997,597,AAACATTCCTGTGAAAGGC,GCCUUUCACAGGAAUGUUU,0.4,0.5,0.2,0.4000000000000001
0.392272603,598,AACATTCCTGTGAAAGGCA,UGCCUUUCACAGGAAUGUU,0.8,0.5833333333333334,0.4,0.6611111111111112
