,Antisense,Start_Position,Accessibility_Prob,Ui_Tei_Norm,Reynolds_Norm,Amarzguioui_Norm,Confidence_Score,Predicted_inhibition,GC Percent,Tm_value
0,AUGAGAAGCCAUCCUGCCA,1,0.9839353,0.8,0.75,0.8,0.7833333333333333,0.6020016670227051,52.6,108.61
1,GAUGAGAAGCCAUCCUGCC,2,0.9298164873789,1.0,0.6666666666666666,0.8,0.8555555555555555,0.5860693454742432,57.9,108.55
2,CGAUGAGAAGCCAUCCUGC,3,0.6450446582896913,0.6,0.5833333333333334,0.4,0.5611111111111111,0.5469049215316772,57.9,110.72
3,ACGAUGAGAAGCCAUCCUG,4,0.37990418023568817,0.8,0.5833333333333334,0.6,0.6944444444444445,0.5488687753677368,52.6,112.11
4,GACGAUGAGAAGCCAUCCU,5,0.2298224297279101,0.4,0.4166666666666667,0.2,0.3722222222222223,0.5034562945365906,52.6,111.9
5,AGACGAUGAGAAGCCAUCC,6,0.000163729653620103,0.6,0.5833333333333334,0.8,0.6277777777777778,0.5304831862449646,52.6,111.55
6,CAGACGAUGAGAAGCCAUC,7,1.7155270052434058e-07,0.6,0.4166666666666667,0.6,0.5388888888888889,0.5467311143875122,52.6,112.97
7,GCAGACGAUGAGAAGCCAU,8,8.286776336612434e-08,0.4,0.4166666666666667,0.2,0.3722222222222223,0.4662694036960602,52.6,111.28
8,AGCAGACGAUGAGAAGCCA,9,3.291039056416023e-08,0.8,0.5833333333333334,0.6,0.6944444444444445,0.4755185842514038,52.6,112.96
9,GAGCAGACGAUGAGAAGCC,10,2.2244103872334103e-08,0.8,0.5833333333333334,0.8,0.7277777777777779,0.5959054231643677,57.9,112.54
10,GGAGCAGACGAUGAGAAGC,11,1.715143043107101e-08,0.4,0.5,0.2,0.4000000000000001,0.5546310544013977,57.9,112.54
11,AGGAGCAGACGAUGAGAAG,12,1.3640506184836321e-08,0.6,0.4166666666666667,0.4,0.5055555555555555,0.4909012019634247,52.6,113.52
12,GAGGAGCAGACGAUGAGAA,13,1.0069181734786861e-08,0.4,0.4166666666666667,0.2,0.3722222222222223,0.4026223123073578,52.6,113.52
13,GGAGGAGCAGACGAUGAGA,14,3.8852946099042654e-09,0.8,0.4166666666666667,0.6,0.638888888888889,0.4096721410751343,57.9,112.93
14,AGGAGGAGCAGACGAUGAG,15,3.3163891855321848e-09,0.8,0.5,0.4,0.6333333333333334,0.5045049786567688,57.9,112.93
15,GAGGAGGAGCAGACGAUGA,16,1.5898028040210413e-09,0.4,0.4166666666666667,0.2,0.3722222222222223,0.4586855471134186,57.9,112.93
16,AGAGGAGGAGCAGACGAUG,17,1.398073463249653e-09,0.6,0.5,0.6,0.5666666666666667,0.44406118988990784,57.9,112.93
17,CAGAGGAGGAGCAGACGAU,18,1.321983814947426e-10,0.6,0.3333333333333333,0.6,0.5111111111111111,0.43697604537010193,57.9,112.81
18,GCAGAGGAGGAGCAGACGA,19,1.229915981367135e-10,0.8,0.75,0.8,0.7833333333333333,0.47352707386016846,63.2,113.47
19,GGCAGAGGAGGAGCAGACG,20,1.7287008481419524e-08,0.8,0.5833333333333334,0.6,0.6944444444444445,0.4187862277030945,68.4,112.54
20,AGGCAGAGGAGGAGCAGAC,21,2.059164295972098e-25,0.8,0.4166666666666667,0.6,0.638888888888889,0.47142744064331055,63.2,111.39
21,AAGGCAGAGGAGGAGCAGA,22,4.6107697812735166e-48,0.6,0.4166666666666667,0.8,0.5722222222222223,0.45146477222442627,57.9,110.58
22,CAAGGCAGAGGAGGAGCAG,23,1.5664362919038836e-46,1.0,0.6666666666666666,0.8,0.8555555555555555,0.36368340253829956,63.2,110.97
23,GCAAGGCAGAGGAGGAGCA,24,5.121704420832061e-55,0.4,0.5,0.4,0.43333333333333335,0.42489704489707947,63.2,110.07
24,AGCAAGGCAGAGGAGGAGC,25,2.903670188271921e-63,1.0,0.5833333333333334,0.8,0.8277777777777778,0.5123633146286011,63.2,109.69
25,CAGCAAGGCAGAGGAGGAG,26,1.6462264098591355e-75,0.6,0.5,0.6,0.5666666666666667,0.42796772718429565,63.2,110.97
26,CCAGCAAGGCAGAGGAGGA,27,2.7719440550855753e-71,0.4,0.4166666666666667,0.2,0.3722222222222223,0.3826005160808563,63.2,110.07
27,UCCAGCAAGGCAGAGGAGG,28,8.907384826072022e-71,0.6,0.4166666666666667,0.6,0.5388888888888889,0.5039179921150208,63.2,110.38
28,GUCCAGCAAGGCAGAGGAG,29,4.375254354978726e-92,0.6,0.4166666666666667,0.4,0.5055555555555555,0.42790740728378296,63.2,111.5
29,AGUCCAGCAAGGCAGAGGA,30,9.164127744064566e-98,0.6,0.25,0.4,0.44999999999999996,0.5026938915252686,57.9,111.5
30,CAGUCCAGCAAGGCAGAGG,31,2.6386264191686638e-92,0.8,0.5,0.6,0.6666666666666666,0.5207105278968811,63.2,111.9
31,CCAGUCCAGCAAGGCAGAG,32,1.2058096474131262e-85,0.4,0.4166666666666667,0.4,0.4055555555555556,0.3807563781738281,63.2,111.9
32,ACCAGUCCAGCAAGGCAGA,33,5.0813548303896685e-79,0.4,0.25,0.2,0.3166666666666667,0.5661747455596924,57.9,112.32
33,UACCAGUCCAGCAAGGCAG,34,1.485112462476782e-72,0.8,0.5,0.6,0.6666666666666666,0.6629568934440613,57.9,112.05
34,AUACCAGUCCAGCAAGGCA,35,7.778616765548492e-68,0.4,0.4166666666666667,0.2,0.3722222222222223,0.5698146820068359,52.6,110.68
35,AAUACCAGUCCAGCAAGGC,36,1.706996872342959e-63,0.8,0.4166666666666667,0.6,0.638888888888889,0.5724939107894897,52.6,110.13
36,AAAUACCAGUCCAGCAAGG,37,4.0577409733731855e-57,0.4,0.4166666666666667,0.2,0.3722222222222223,0.537967324256897,47.4,110.64
37,CAAAUACCAGUCCAGCAAG,38,7.142130818130895e-51,0.4,0.3333333333333333,0.0,0.3111111111111111,0.4706229865550995,47.4,112.15
38,ACAAAUACCAGUCCAGCAA,39,9.278928826961438e-45,0.6,0.25,0.2,0.4166666666666667,0.5367258787155151,42.1,112.63
39,CACAAAUACCAGUCCAGCA,40,2.721131614258827e-39,0.8,0.5,0.6,0.6666666666666666,0.5676304697990417,47.4,113.56
40,ACACAAAUACCAGUCCAGC,41,6.299433790926572e-33,0.6,0.4166666666666667,0.4,0.5055555555555555,0.6337825059890747,47.4,113.56
41,GACACAAAUACCAGUCCAG,42,3.7075919133748095e-28,0.6,0.3333333333333333,0.4,0.4777777777777777,0.5483677387237549,47.4,114.68
42,AGACACAAAUACCAGUCCA,43,2.967631346216637e-23,0.4,0.3333333333333333,0.2,0.3444444444444445,0.5778117775917053,42.1,114.68
43,CAGACACAAAUACCAGUCC,44,8.438713380964094e-24,0.8,0.5,0.6,0.6666666666666666,0.5551950335502625,47.4,114.68
44,UCAGACACAAAUACCAGUC,45,1.5678553826916155e-20,0.6,0.4166666666666667,0.4,0.5055555555555555,0.69866544008255,42.1,116.3
45,CUCAGACACAAAUACCAGU,46,3.7403723943969125e-18,0.4,0.25,0.0,0.2833333333333334,0.4817892611026764,42.1,116.3
46,CCUCAGACACAAAUACCAG,47,2.67225025293456e-16,0.8,0.5,0.6,0.6666666666666666,0.47742459177970886,47.4,114.85
47,GCCUCAGACACAAAUACCA,48,3.950580154607873e-14,0.6,0.25,0.4,0.44999999999999996,0.5231860876083374,47.4,113.72
48,AGCCUCAGACACAAAUACC,49,1.0704407987740893e-12,0.6,0.5,0.6,0.5666666666666667,0.6186527013778687,47.4,113.24
49,CAGCCUCAGACACAAAUAC,50,1.6008547282071587e-11,0.6,0.4166666666666667,0.4,0.5055555555555555,0.5230876207351685,47.4,114.85
50,CCAGCCUCAGACACAAAUA,51,1.6507401978841462e-10,0.6,0.25,0.2,0.4166666666666667,0.29286906123161316,47.4,112.86
51,GCCAGCCUCAGACACAAAU,52,1.3674504767455844e-09,0.6,0.3333333333333333,0.4,0.4777777777777777,0.34882256388664246,52.6,111.73
52,GGCCAGCCUCAGACACAAA,53,6.8955158434240586e-09,1.0,0.6666666666666666,0.8,0.8555555555555555,0.35284191370010376,57.9,112.47
53,GGGCCAGCCUCAGACACAA,54,2.261569000008656e-21,0.8,0.5833333333333334,0.6,0.6944444444444445,0.3468436896800995,63.2,111.91
54,AGGGCCAGCCUCAGACACA,55,3.9122722817833016e-42,1.0,0.6666666666666666,0.8,0.8555555555555555,0.4522889256477356,63.2,112.32
55,UAGGGCCAGCCUCAGACAC,56,1.8135198558969228e-41,1.0,0.6666666666666666,0.8,0.8555555555555555,0.48102375864982605,63.2,111.65
56,GUAGGGCCAGCCUCAGACA,57,1.6782888364472675e-39,0.8,0.5,0.6,0.6666666666666666,0.3852252960205078,63.2,111.77
57,CGUAGGGCCAGCCUCAGAC,58,2.515601316900591e-37,0.8,0.75,0.6,0.75,0.5263503789901733,68.4,112.56
58,CCGUAGGGCCAGCCUCAGA,59,2.1388890979855087e-35,0.6,0.5,0.4,0.5333333333333333,0.4036272168159485,68.4,111.24
59,CCCGUAGGGCCAGCCUCAG,60,2.6871629983819553e-35,1.0,0.5833333333333334,1.0,0.8611111111111112,0.2949349880218506,73.7,110.36
60,GCCCGUAGGGCCAGCCUCA,61,7.4029233939802e-33,0.8,0.5,0.6,0.6666666666666666,0.3486920893192291,73.7,109.5
61,UGCCCGUAGGGCCAGCCUC,62,3.1649979703552193e-32,0.8,0.5833333333333334,0.6,0.6944444444444445,0.4856835603713989,73.7,109.32
62,GUGCCCGUAGGGCCAGCCU,63,6.119016666189348e-63,0.6,0.5,0.6,0.5666666666666667,0.3226231634616852,73.7,109.21
63,GGUGCCCGUAGGGCCAGCC,64,2.0618018714487208e-65,1.0,0.75,0.8,0.8833333333333333,0.3715670704841614,78.9,108.11
64,CGGUGCCCGUAGGGCCAGC,65,1.2406892183123607e-62,0.4,0.4166666666666667,0.2,0.3722222222222223,0.3489716947078705,78.9,110.03
65,CCGGUGCCCGUAGGGCCAG,66,4.471293728696247e-60,0.6,0.4166666666666667,0.6,0.5388888888888889,0.3158492147922516,78.9,110.03
66,ACCGGUGCCCGUAGGGCCA,67,1.6748844966428211e-59,0.4,0.4166666666666667,0.2,0.3722222222222223,0.47954052686691284,73.7,110.39
67,CACCGGUGCCCGUAGGGCC,68,5.3931198221864324e-70,0.8,0.5,0.6,0.6666666666666666,0.37910589575767517,78.9,110.39
68,UCACCGGUGCCCGUAGGGC,69,2.335069322441182e-66,0.6,0.4166666666666667,0.4,0.5055555555555555,0.44668278098106384,73.7,111.56
69,UUCACCGGUGCCCGUAGGG,70,6.773373860172222e-62,0.4,0.3333333333333333,0.2,0.3444444444444445,0.4845723807811737,68.4,112.07
70,AUUCACCGGUGCCCGUAGG,71,3.243156546876958e-57,0.4,0.3333333333333333,0.2,0.3444444444444445,0.43842750787734985,63.2,111.38
71,GAUUCACCGGUGCCCGUAG,72,2.9142400459597144e-52,0.4,0.16666666666666666,0.2,0.2888888888888889,0.43927356600761414,63.2,112.66
72,GGAUUCACCGGUGCCCGUA,73,2.0942810406260362e-47,0.4,0.16666666666666666,0.0,0.2555555555555556,0.48306870460510254,63.2,111.38
73,UGGAUUCACCGGUGCCCGU,74,1.5493495425450198e-42,0.6,0.3333333333333333,0.2,0.4444444444444444,0.5416140556335449,63.2,111.85
74,UUGGAUUCACCGGUGCCCG,75,1.7012134833162215e-58,0.8,0.4166666666666667,0.4,0.6055555555555556,0.5477217435836792,63.2,111.23
75,CUUGGAUUCACCGGUGCCC,76,1.6822438542913633e-53,0.4,0.25,0.0,0.2833333333333334,0.4602011740207672,63.2,110.33
76,ACUUGGAUUCACCGGUGCC,77,2.8359443071688795e-63,0.6,0.4166666666666667,0.4,0.5055555555555555,0.5494236946105957,57.9,111.71
77,CACUUGGAUUCACCGGUGC,78,7.17245101584886e-63,0.4,0.3333333333333333,0.0,0.3111111111111111,0.47621840238571167,57.9,113.16
78,ACACUUGGAUUCACCGGUG,79,4.5358866288659016e-62,0.6,0.25,0.2,0.4166666666666667,0.5482138991355896,52.6,114.69
79,GACACUUGGAUUCACCGGU,80,9.873459677969806e-60,0.4,0.25,0.0,0.2833333333333334,0.566285252571106,52.6,114.45
80,GGACACUUGGAUUCACCGG,81,2.1226092397080767e-62,0.8,0.4166666666666667,0.6,0.638888888888889,0.4586215317249298,57.9,113.16
81,AGGACACUUGGAUUCACCG,82,1.0738559435335085e-58,0.4,0.25,0.2,0.3166666666666667,0.6594344973564148,52.6,114.21
82,GAGGACACUUGGAUUCACC,83,5.973452212567233e-60,0.6,0.25,0.4,0.44999999999999996,0.6350414752960205,52.6,112.91
83,AGAGGACACUUGGAUUCAC,84,3.852449255008e-62,0.6,0.16666666666666666,0.2,0.3888888888888889,0.5835686326026917,47.4,113.98
84,CAGAGGACACUUGGAUUCA,85,1.37812047867278e-57,0.6,0.16666666666666666,0.2,0.3888888888888889,0.42328011989593506,47.4,113.98
85,UCAGAGGACACUUGGAUUC,86,6.199140797725317e-67,0.6,0.3333333333333333,0.2,0.4444444444444444,0.7082578539848328,47.4,113.9
86,AUCAGAGGACACUUGGAUU,87,1.316464803406286e-76,0.6,0.25,0.2,0.4166666666666667,0.6191300749778748,42.1,111.69
87,CAUCAGAGGACACUUGGAU,88,8.49592202245844e-81,0.8,0.5,0.8,0.7000000000000001,0.48543938994407654,47.4,112.6
88,CCAUCAGAGGACACUUGGA,89,2.9165651061764045e-76,0.8,0.5833333333333334,0.6,0.6944444444444445,0.5015814900398254,52.6,113.33
89,ACCAUCAGAGGACACUUGG,90,1.417291313906371e-75,1.0,0.5,0.6,0.7666666666666666,0.6287083029747009,52.6,113.79
90,GACCAUCAGAGGACACUUG,91,2.0911171456536419e-72,0.8,0.4166666666666667,0.4,0.6055555555555556,0.5552995800971985,52.6,114.86
91,UGACCAUCAGAGGACACUU,92,4.069495643669542e-67,0.6,0.4166666666666667,0.2,0.47222222222222227,0.6262468695640564,47.4,114.86
92,UUGACCAUCAGAGGACACU,93,1.0937213711063332e-61,0.8,0.5,0.4,0.6333333333333334,0.6846946477890015,47.4,114.86
93,UUUGACCAUCAGAGGACAC,94,3.0169043263865525e-57,1.0,0.5833333333333334,0.8,0.8277777777777778,0.6576411724090576,47.4,114.06
94,CUUUGACCAUCAGAGGACA,95,6.935120778123804e-92,0.8,0.4166666666666667,0.4,0.6055555555555556,0.41409024596214294,47.4,113.98
95,ACUUUGACCAUCAGAGGAC,96,3.2115934563210354e-109,1.0,0.5,0.8,0.7999999999999999,0.6345012784004211,47.4,113.98
96,AACUUUGACCAUCAGAGGA,97,7.965911504599813e-124,0.6,0.5,0.6,0.5666666666666667,0.64338618516922,42.1,113.08
97,GAACUUUGACCAUCAGAGG,98,2.918055989573248e-122,1.0,0.5833333333333334,0.8,0.8277777777777778,0.5539499521255493,47.4,113.08
98,AGAACUUUGACCAUCAGAG,99,2.459461199154897e-115,0.6,0.5,0.4,0.5333333333333333,0.7147752642631531,42.1,114.19
99,UAGAACUUUGACCAUCAGA,100,6.125821777585964e-111,0.6,0.3333333333333333,0.4,0.4777777777777777,0.6905881762504578,36.8,113.92
100,CUAGAACUUUGACCAUCAG,101,2.15320164624317e-105,0.8,0.4166666666666667,1.0,0.7055555555555557,0.5148337483406067,42.1,114.76
101,UCUAGAACUUUGACCAUCA,102,1.4691920723833265e-106,0.6,0.4166666666666667,0.8,0.5722222222222223,0.687213659286499,36.8,115.2
102,AUCUAGAACUUUGACCAUC,103,1.200665560020433e-100,0.8,0.4166666666666667,0.6,0.638888888888889,0.6841422915458679,36.8,112.71
103,CAUCUAGAACUUUGACCAU,104,6.774135331391622e-94,0.4,0.5,0.2,0.4000000000000001,0.4249017834663391,36.8,112.8
104,GCAUCUAGAACUUUGACCA,105,6.280067656818458e-88,0.8,0.8333333333333334,0.6,0.7777777777777778,0.5854525566101074,42.1,113.59
105,AGCAUCUAGAACUUUGACC,106,9.166501234524364e-80,0.8,0.5833333333333334,0.6,0.6944444444444445,0.6886096000671387,42.1,113.1
106,CAGCAUCUAGAACUUUGAC,107,4.2323295375096276e-72,0.6,0.5833333333333334,0.4,0.5611111111111111,0.5289158225059509,42.1,114.76
107,ACAGCAUCUAGAACUUUGA,108,1.3036854098995659e-64,0.4,0.4166666666666667,0.2,0.3722222222222223,0.6428195834159851,36.8,114.76
108,GACAGCAUCUAGAACUUUG,109,2.241600921486354e-62,1.0,0.6666666666666666,0.8,0.8555555555555555,0.5482482314109802,42.1,114.76
109,GGACAGCAUCUAGAACUUU,110,4.936011415753307e-59,0.6,0.5,0.6,0.5666666666666667,0.4371505677700043,42.1,113.34
110,CGGACAGCAUCUAGAACUU,111,1.5027820442134986e-51,0.8,0.5833333333333334,0.4,0.6611111111111112,0.4558831751346588,47.4,115.12
111,UCGGACAGCAUCUAGAACU,112,2.5029468515215368e-46,0.8,0.75,0.6,0.75,0.7736788392066956,47.4,115.91
112,CUCGGACAGCAUCUAGAAC,113,1.927025170951344e-46,1.0,0.6666666666666666,0.8,0.8555555555555555,0.5804812908172607,52.6,115.91
113,CCUCGGACAGCAUCUAGAA,114,2.5102885182409013e-48,0.6,0.4166666666666667,0.4,0.5055555555555555,0.37026453018188477,52.6,114.33
114,GCCUCGGACAGCAUCUAGA,115,1.751965460241752e-48,1.0,0.75,0.8,0.8833333333333333,0.4594535827636719,57.9,113.69
115,UGCCUCGGACAGCAUCUAG,116,5.847576779707689e-44,0.8,0.6666666666666666,0.6,0.7222222222222222,0.5468780994415283,57.9,113.91
116,CUGCCUCGGACAGCAUCUA,117,1.6637387519033562e-48,0.8,0.5,0.6,0.6666666666666666,0.35782238841056824,57.9,113.93
117,ACUGCCUCGGACAGCAUCU,118,1.6900108483406029e-47,1.0,0.6666666666666666,1.0,0.8888888888888888,0.6641056537628174,57.9,114.62
118,GACUGCCUCGGACAGCAUC,119,8.400453277640252e-44,0.8,0.75,0.6,0.75,0.5797821283340454,63.2,114.24
119,GGACUGCCUCGGACAGCAU,120,1.4140302650846622e-40,0.8,0.4166666666666667,0.6,0.638888888888889,0.4139399826526642,63.2,112.56
120,AGGACUGCCUCGGACAGCA,121,2.66430360624325e-46,0.8,0.75,0.6,0.75,0.5117550492286682,63.2,114.19
121,CAGGACUGCCUCGGACAGC,122,1.8466892755026072e-54,1.0,0.6666666666666666,0.8,0.8555555555555555,0.4070407450199127,68.4,114.19
122,GCAGGACUGCCUCGGACAG,123,1.7485278111972605e-53,0.6,0.5,0.2,0.5,0.36064812541007996,68.4,114.19
123,GGCAGGACUGCCUCGGACA,124,2.9065220588511483e-52,0.6,0.5,0.6,0.5666666666666667,0.39997538924217224,68.4,113.23
124,UGGCAGGACUGCCUCGGAC,125,1.137332328168691e-66,1.0,0.6666666666666666,1.0,0.8888888888888888,0.545244574546814,68.4,113.02
125,AUGGCAGGACUGCCUCGGA,126,3.7985685818984844e-66,0.6,0.3333333333333333,0.6,0.5111111111111111,0.38913092017173767,63.2,111.02
126,GAUGGCAGGACUGCCUCGG,127,1.6748491672400218e-62,0.8,0.6666666666666666,0.4,0.688888888888889,0.356926828622818,68.4,111.34
127,UGAUGGCAGGACUGCCUCG,128,3.4022682092377935e-59,0.6,0.5,0.4,0.5333333333333333,0.4951220452785492,63.2,112.48
128,UUGAUGGCAGGACUGCCUC,129,1.4758596538108126e-54,0.4,0.4166666666666667,0.2,0.3722222222222223,0.6650339961051941,57.9,110.83
129,AUUGAUGGCAGGACUGCCU,130,2.7309835146740464e-50,0.4,0.3333333333333333,0.2,0.3444444444444445,0.5728078484535217,52.6,108.8
130,CAUUGAUGGCAGGACUGCC,131,1.211078118081904e-47,0.6,0.6666666666666666,0.4,0.5888888888888888,0.4498080909252167,57.9,109.2
131,ACAUUGAUGGCAGGACUGC,132,9.297549304370964e-45,0.6,0.25,0.6,0.48333333333333334,0.5199418663978577,52.6,110.56
132,CACAUUGAUGGCAGGACUG,133,1.9451274719583587e-44,0.4,0.3333333333333333,0.2,0.3444444444444445,0.4788246154785156,52.6,112.0
133,CCACAUUGAUGGCAGGACU,134,8.267126198763819e-42,0.4,0.3333333333333333,0.4,0.37777777777777777,0.4708239436149597,52.6,110.77
134,GCCACAUUGAUGGCAGGAC,135,2.839602562111348e-38,0.8,0.5833333333333334,0.6,0.6944444444444445,0.42249587178230286,57.9,109.47
135,GGCCACAUUGAUGGCAGGA,136,1.4787860036642607e-36,0.4,0.25,0.2,0.3166666666666667,0.37304168939590454,57.9,108.17
136,CGGCCACAUUGAUGGCAGG,137,5.9833247449602304e-36,0.6,0.5,0.4,0.5333333333333333,0.3713712990283966,63.2,109.4
137,ACGGCCACAUUGAUGGCAG,138,5.317206113213e-36,0.6,0.25,0.2,0.4166666666666667,0.4954836666584015,57.9,110.73
138,CACGGCCACAUUGAUGGCA,139,5.369992139220539e-33,0.4,0.25,0.0,0.2833333333333334,0.391142874956131,57.9,111.14
139,GCACGGCCACAUUGAUGGC,140,4.498696984126702e-31,0.6,0.4166666666666667,0.4,0.5055555555555555,0.40378472208976746,63.2,109.79
140,UGCACGGCCACAUUGAUGG,141,3.370044152034376e-38,0.6,0.3333333333333333,0.2,0.4444444444444444,0.6247378587722778,57.9,110.93
141,AUGCACGGCCACAUUGAUG,142,1.5670245265294288e-37,0.6,0.16666666666666666,0.2,0.3888888888888889,0.5052840113639832,52.6,110.17
142,CAUGCACGGCCACAUUGAU,143,1.361228013902328e-35,0.4,0.25,0.0,0.2833333333333334,0.40392616391181946,52.6,110.38
143,ACAUGCACGGCCACAUUGA,144,4.51450351174876e-33,0.8,0.5,0.8,0.7000000000000001,0.4524519741535187,52.6,112.56
144,CACAUGCACGGCCACAUUG,145,4.3974744995707987e-32,0.6,0.4166666666666667,0.4,0.5055555555555555,0.5541747808456421,57.9,113.01
145,ACACAUGCACGGCCACAUU,146,3.510446385404649e-31,0.6,0.4166666666666667,0.4,0.5055555555555555,0.5179987549781799,52.6,113.23
146,AACACAUGCACGGCCACAU,147,4.419244431020194e-29,0.8,0.5833333333333334,0.6,0.6944444444444445,0.616834282875061,52.6,112.88
147,GAACACAUGCACGGCCACA,148,1.1403308783305847e-36,1.0,0.6666666666666666,1.0,0.8888888888888888,0.49614232778549194,57.9,114.62
148,UGAACACAUGCACGGCCAC,149,1.5842825681722135e-34,0.8,0.75,0.6,0.75,0.5410193204879761,57.9,114.39
149,CUGAACACAUGCACGGCCA,150,1.1433121196831042e-60,0.8,0.4166666666666667,0.6,0.638888888888889,0.5591890811920166,57.9,114.32
150,UCUGAACACAUGCACGGCC,151,1.6435628646445568e-61,1.0,0.75,0.8,0.8833333333333333,0.5747290253639221,57.9,114.24
151,UUCUGAACACAUGCACGGC,152,1.3783531348796554e-74,0.8,0.5,0.6,0.6666666666666666,0.5006895065307617,52.6,114.93
152,UUUCUGAACACAUGCACGG,153,3.863215287576415e-74,0.6,0.4166666666666667,0.4,0.5055555555555555,0.6446478366851807,47.4,115.68
153,CUUUCUGAACACAUGCACG,154,2.232693177944654e-71,0.6,0.3333333333333333,0.6,0.5111111111111111,0.6258048415184021,47.4,117.33
154,CCUUUCUGAACACAUGCAC,155,5.03016680246271e-68,0.4,0.25,0.2,0.3166666666666667,0.5502927899360657,47.4,114.74
155,GCCUUUCUGAACACAUGCA,156,1.4908080944152826e-64,0.6,0.08333333333333333,0.4,0.39444444444444443,0.4807625114917755,47.4,113.1
156,AGCCUUUCUGAACACAUGC,157,1.215246795936162e-60,0.8,0.3333333333333333,0.8,0.6444444444444445,0.6754634976387024,47.4,112.62
157,CAGCCUUUCUGAACACAUG,158,4.437578665573226e-58,0.4,0.25,0.2,0.3166666666666667,0.6016393303871155,47.4,114.22
158,GCAGCCUUUCUGAACACAU,159,8.590012536140817e-63,0.6,0.16666666666666666,0.2,0.3888888888888889,0.3943066895008087,47.4,112.48
159,AGCAGCCUUUCUGAACACA,160,1.0231226610037596e-59,0.8,0.6666666666666666,0.8,0.7555555555555555,0.5810635685920715,47.4,114.33
160,CAGCAGCCUUUCUGAACAC,161,2.2452734470161645e-59,0.8,0.5833333333333334,0.8,0.7277777777777779,0.5510830283164978,52.6,114.33
161,UCAGCAGCCUUUCUGAACA,162,5.795047198191078e-55,0.4,0.3333333333333333,0.2,0.3444444444444445,0.7575182914733887,47.4,114.25
162,AUCAGCAGCCUUUCUGAAC,163,1.304989159566346e-50,0.8,0.6666666666666666,0.4,0.688888888888889,0.6229079365730286,47.4,111.93
163,CAUCAGCAGCCUUUCUGAA,164,4.351692508409361e-46,0.6,0.4166666666666667,0.4,0.5055555555555555,0.3627942204475403,47.4,112.31
164,UCAUCAGCAGCCUUUCUGA,165,5.138797776605121e-41,0.8,0.5833333333333334,0.6,0.6944444444444445,0.6081222295761108,47.4,113.14
165,GUCAUCAGCAGCCUUUCUG,166,4.6607520113837244e-36,0.8,0.6666666666666666,0.6,0.7222222222222222,0.6155480146408081,52.6,113.37
166,UGUCAUCAGCAGCCUUUCU,167,5.730040178037536e-37,0.6,0.4166666666666667,0.4,0.5055555555555555,0.5461047291755676,47.4,113.37
167,GUGUCAUCAGCAGCCUUUC,168,2.15801870882023e-41,1.0,0.5,0.8,0.7999999999999999,0.5915629863739014,52.6,113.22
168,GGUGUCAUCAGCAGCCUUU,169,5.844093298474422e-40,0.6,0.4166666666666667,0.4,0.5055555555555555,0.36764779686927795,52.6,111.79
169,AGGUGUCAUCAGCAGCCUU,170,4.205699923468937e-47,1.0,0.5833333333333334,0.8,0.8277777777777778,0.5031766295433044,52.6,112.23
170,CAGGUGUCAUCAGCAGCCU,171,1.7417064943429828e-53,1.0,0.6666666666666666,0.8,0.8555555555555555,0.4872000217437744,57.9,113.09
171,CCAGGUGUCAUCAGCAGCC,172,1.2440371803003347e-76,1.0,0.8333333333333334,0.8,0.9111111111111111,0.5720201730728149,63.2,111.75
172,CCCAGGUGUCAUCAGCAGC,173,4.117615755674732e-75,0.8,0.5,0.8,0.7000000000000001,0.5474584698677063,63.2,111.75
173,UCCCAGGUGUCAUCAGCAG,174,4.173859206476372e-72,0.8,0.5833333333333334,0.6,0.6944444444444445,0.47488877177238464,57.9,113.09
174,CUCCCAGGUGUCAUCAGCA,175,5.515646976725308e-69,0.4,0.4166666666666667,0.2,0.3722222222222223,0.467907577753067,57.9,113.45
175,GCUCCCAGGUGUCAUCAGC,176,1.3616069393087073e-68,1.0,0.5833333333333334,0.6,0.7944444444444444,0.4942375421524048,63.2,112.03
176,GGCUCCCAGGUGUCAUCAG,177,1.1697390312657026e-71,0.6,0.3333333333333333,0.4,0.4777777777777777,0.44706490635871887,63.2,112.03
177,UGGCUCCCAGGUGUCAUCA,178,3.743819741190236e-67,0.4,0.3333333333333333,0.2,0.3444444444444445,0.5161073207855225,57.9,112.24
178,AUGGCUCCCAGGUGUCAUC,179,2.5884794721318395e-65,0.6,0.4166666666666667,0.4,0.5055555555555555,0.6710938811302185,57.9,110.13
179,AAUGGCUCCCAGGUGUCAU,180,9.868433033371658e-63,0.6,0.3333333333333333,0.4,0.4777777777777777,0.5082486867904663,52.6,109.32
180,AAAUGGCUCCCAGGUGUCA,181,8.971293403780161e-60,0.6,0.5833333333333334,0.6,0.5944444444444444,0.4685054421424866,52.6,110.57
181,CAAAUGGCUCCCAGGUGUC,182,1.7410571735538882e-55,1.0,0.5833333333333334,0.6,0.7944444444444444,0.4898744523525238,57.9,110.57
182,GCAAAUGGCUCCCAGGUGU,183,1.0378994107132283e-51,0.4,0.4166666666666667,0.4,0.4055555555555556,0.4052855372428894,57.9,109.28
183,GGCAAAUGGCUCCCAGGUG,184,9.53950396973783e-48,0.8,0.75,0.6,0.75,0.40899965167045593,63.2,108.17
184,AGGCAAAUGGCUCCCAGGU,185,3.830949335660623e-47,0.8,0.5833333333333334,0.8,0.7277777777777779,0.4412228465080261,57.9,107.99
185,GAGGCAAAUGGCUCCCAGG,186,3.755700630488265e-43,0.8,0.6666666666666666,0.4,0.688888888888889,0.42111214995384216,63.2,107.8
186,AGAGGCAAAUGGCUCCCAG,187,8.565439648677773e-40,0.8,0.5,0.6,0.6666666666666666,0.4702979028224945,57.9,108.7
187,CAGAGGCAAAUGGCUCCCA,188,3.5115973200329613e-35,0.4,0.5833333333333334,0.4,0.4611111111111112,0.3685797452926636,57.9,109.09
188,CCAGAGGCAAAUGGCUCCC,189,1.1551736405706929e-30,0.6,0.4166666666666667,0.6,0.5388888888888889,0.43535301089286804,63.2,107.8
189,CCCAGAGGCAAAUGGCUCC,190,7.707197076638144e-28,0.4,0.3333333333333333,0.4,0.37777777777777777,0.484526664018631,63.2,107.8
190,UCCCAGAGGCAAAUGGCUC,191,1.693050715576484e-35,0.6,0.3333333333333333,0.4,0.4777777777777777,0.5529486536979675,57.9,109.02
191,UUCCCAGAGGCAAAUGGCU,192,1.1332134857911669e-36,0.6,0.25,0.2,0.4166666666666667,0.49973049759864807,52.6,108.19
192,UUUCCCAGAGGCAAAUGGC,193,1.991224532208402e-38,0.8,0.5,0.6,0.6666666666666666,0.5550872087478638,52.6,107.34
193,UUUUCCCAGAGGCAAAUGG,194,7.421119099257596e-39,0.4,0.25,0.4,0.35000000000000003,0.5720643997192383,47.4,107.72
194,GUUUUCCCAGAGGCAAAUG,195,1.1238788327450578e-39,0.6,0.25,0.2,0.4166666666666667,0.4343383312225342,47.4,108.92
195,GGUUUUCCCAGAGGCAAAU,196,9.321875431410036e-60,0.6,0.16666666666666666,0.2,0.3888888888888889,0.3664519190788269,47.4,107.37
196,UGGUUUUCCCAGAGGCAAA,197,8.317831791752748e-60,0.6,0.5,0.6,0.5666666666666667,0.5308542251586914,47.4,109.41
197,CUGGUUUUCCCAGAGGCAA,198,3.2211078505883305e-59,0.8,0.4166666666666667,0.6,0.638888888888889,0.4175643026828766,52.6,110.26
198,ACUGGUUUUCCCAGAGGCA,199,2.76264825018901e-57,0.8,0.5833333333333334,0.6,0.6944444444444445,0.4213266968727112,52.6,111.16
199,CACUGGUUUUCCCAGAGGC,200,6.619565040368878e-57,0.8,0.6666666666666666,0.6,0.7222222222222222,0.43210190534591675,57.9,111.16
200,UCACUGGUUUUCCCAGAGG,201,4.400417472359657e-55,0.8,0.5,0.6,0.6666666666666666,0.4428752064704895,52.6,112.55
201,CUCACUGGUUUUCCCAGAG,202,7.545330813167969e-51,0.6,0.5,0.4,0.5333333333333333,0.43915653228759766,52.6,114.01
202,ACUCACUGGUUUUCCCAGA,203,5.026046874299464e-47,0.8,0.3333333333333333,0.4,0.5777777777777778,0.4105730950832367,47.4,114.49
203,GACUCACUGGUUUUCCCAG,204,9.511287529901105e-43,0.8,0.4166666666666667,0.6,0.638888888888889,0.5087462067604065,52.6,114.49
204,AGACUCACUGGUUUUCCCA,205,1.0210848861896846e-44,0.6,0.25,0.4,0.44999999999999996,0.6326193809509277,47.4,114.49
205,CAGACUCACUGGUUUUCCC,206,3.1728093453712797e-49,0.8,0.4166666666666667,1.0,0.7055555555555557,0.5883399248123169,52.6,114.49
206,CCAGACUCACUGGUUUUCC,207,3.3826832445263412e-50,0.4,0.3333333333333333,0.4,0.37777777777777777,0.641533374786377,52.6,114.49
207,UCCAGACUCACUGGUUUUC,208,1.3763206552620168e-53,0.6,0.4166666666666667,0.4,0.5055555555555555,0.6018618941307068,47.4,116.07
208,CUCCAGACUCACUGGUUUU,209,8.957353906724494e-56,0.6,0.4166666666666667,0.2,0.47222222222222227,0.48222994804382324,47.4,116.07
209,UCUCCAGACUCACUGGUUU,210,6.527575461146135e-53,0.8,0.5,0.8,0.7000000000000001,0.6464619636535645,47.4,116.87
210,CUCUCCAGACUCACUGGUU,211,6.637431864253825e-56,0.6,0.5833333333333334,0.4,0.5611111111111111,0.5270359516143799,52.6,117.64
211,GCUCUCCAGACUCACUGGU,212,2.0942834423954252e-54,1.0,0.6666666666666666,0.8,0.8555555555555555,0.44477978348731995,57.9,116.83
212,AGCUCUCCAGACUCACUGG,213,3.9106038643352964e-56,1.0,0.75,0.8,0.8833333333333333,0.6075894236564636,57.9,116.58
213,CAGCUCUCCAGACUCACUG,214,1.8500107576800992e-55,0.8,0.4166666666666667,0.4,0.6055555555555556,0.6361607909202576,57.9,118.21
214,GCAGCUCUCCAGACUCACU,215,6.694988781024217e-52,0.6,0.4166666666666667,0.2,0.47222222222222227,0.5290138721466064,57.9,116.82
215,UGCAGCUCUCCAGACUCAC,216,7.588675375799934e-49,0.8,0.5833333333333334,0.4,0.6611111111111112,0.6812323331832886,57.9,116.66
216,AUGCAGCUCUCCAGACUCA,217,1.9995289117319546e-46,0.6,0.3333333333333333,0.4,0.4777777777777777,0.5516766905784607,52.6,114.44
217,CAUGCAGCUCUCCAGACUC,218,3.7658982099396465e-43,0.8,0.4166666666666667,0.6,0.638888888888889,0.5972882509231567,57.9,114.8
218,CCAUGCAGCUCUCCAGACU,219,2.8492252174939273e-42,0.6,0.25,0.6,0.48333333333333334,0.5001373887062073,57.9,113.38
219,CCCAUGCAGCUCUCCAGAC,220,7.602877958718686e-48,0.8,0.5833333333333334,0.8,0.7277777777777779,0.4200589656829834,63.2,112.03
220,GCCCAUGCAGCUCUCCAGA,221,1.1261530618499338e-51,0.6,0.3333333333333333,0.6,0.5111111111111111,0.3958364725112915,63.2,110.67
221,AGCCCAUGCAGCUCUCCAG,222,1.7396349299763647e-50,0.8,0.5,0.4,0.6333333333333334,0.5125909447669983,63.2,110.67
222,GAGCCCAUGCAGCUCUCCA,223,2.779413914840411e-58,0.6,0.25,0.6,0.48333333333333334,0.42369022965431213,63.2,110.67
223,UGAGCCCAUGCAGCUCUCC,224,3.6883891014688573e-59,0.8,0.5,0.6,0.6666666666666666,0.53532475233078,63.2,110.48
224,GUGAGCCCAUGCAGCUCUC,225,1.1968878055763126e-57,0.6,0.25,0.8,0.5166666666666666,0.496410995721817,63.2,111.61
225,UGUGAGCCCAUGCAGCUCU,226,1.6047854981014796e-54,0.6,0.4166666666666667,0.6,0.5388888888888889,0.5045908689498901,57.9,111.48
226,UUGUGAGCCCAUGCAGCUC,227,5.933744554726681e-49,0.8,0.5833333333333334,0.6,0.6944444444444445,0.5481163263320923,57.9,110.7
227,GUUGUGAGCCCAUGCAGCU,228,5.705711198619205e-44,0.4,0.4166666666666667,0.2,0.3722222222222223,0.521213710308075,57.9,110.57
228,AGUUGUGAGCCCAUGCAGC,229,1.871045266843518e-39,0.6,0.6666666666666666,0.6,0.6222222222222221,0.5559408664703369,57.9,110.24
229,CAGUUGUGAGCCCAUGCAG,230,3.3283898043409024e-35,0.4,0.4166666666666667,0.2,0.3722222222222223,0.511208176612854,57.9,111.6
230,UCAGUUGUGAGCCCAUGCA,231,4.23951144114357e-31,0.4,0.3333333333333333,0.2,0.3444444444444445,0.6406612992286682,52.6,111.95
231,CUCAGUUGUGAGCCCAUGC,232,4.746510781583604e-56,0.8,0.4166666666666667,0.6,0.638888888888889,0.5730199813842773,57.9,111.87
232,CCUCAGUUGUGAGCCCAUG,233,4.6803092649602315e-64,0.6,0.4166666666666667,0.6,0.5388888888888889,0.4352785050868988,57.9,111.87
233,UCCUCAGUUGUGAGCCCAU,234,6.927169217772931e-62,0.4,0.16666666666666666,0.2,0.2888888888888889,0.4499787986278534,52.6,111.67
234,CUCCUCAGUUGUGAGCCCA,235,4.621858565119599e-65,0.8,0.5,0.6,0.6666666666666666,0.5166228413581848,57.9,113.75
235,CCUCCUCAGUUGUGAGCCC,236,4.803304250336059e-61,0.6,0.5833333333333334,0.6,0.5944444444444444,0.4942280650138855,63.2,112.32
236,UCCUCCUCAGUUGUGAGCC,237,8.038388186153934e-59,0.6,0.3333333333333333,0.4,0.4777777777777777,0.7258290648460388,57.9,113.67
237,UUCCUCCUCAGUUGUGAGC,238,1.9322977686863494e-54,0.4,0.3333333333333333,0.2,0.3444444444444445,0.6554391384124756,52.6,114.33
238,AUUCCUCCUCAGUUGUGAG,239,6.181630600242551e-50,0.6,0.25,0.2,0.4166666666666667,0.6002905368804932,47.4,113.61
239,AAUUCCUCCUCAGUUGUGA,240,6.510756075000169e-51,0.4,0.25,0.2,0.3166666666666667,0.578932523727417,42.1,113.56
240,AAAUUCCUCCUCAGUUGUG,241,1.120121236735596e-61,0.8,0.4166666666666667,0.6,0.638888888888889,0.5964942574501038,42.1,113.12
241,CAAAUUCCUCCUCAGUUGU,242,1.2844431068405583e-59,0.4,0.25,0.2,0.3166666666666667,0.5785762667655945,42.1,113.37
242,ACAAAUUCCUCCUCAGUUG,243,6.119039284134335e-59,0.8,0.5,0.6,0.6666666666666666,0.740955650806427,42.1,113.62
243,UACAAAUUCCUCCUCAGUU,244,9.127590706323483e-58,0.6,0.25,0.4,0.44999999999999996,0.7154488563537598,36.8,113.07
244,CUACAAAUUCCUCCUCAGU,245,3.1238176623282493e-59,0.6,0.6666666666666666,0.4,0.5888888888888888,0.546092689037323,42.1,114.36
245,UCUACAAAUUCCUCCUCAG,246,1.5910382071484755e-63,1.0,0.5833333333333334,0.6,0.7944444444444444,0.6727938652038574,42.1,114.54
246,UUCUACAAAUUCCUCCUCA,247,2.2497664954693143e-61,0.6,0.4166666666666667,0.2,0.47222222222222227,0.6629174947738647,36.8,114.1
247,CUUCUACAAAUUCCUCCUC,248,1.815996944982071e-59,1.0,0.5,1.0,0.8333333333333334,0.6522107124328613,42.1,114.01
248,CCUUCUACAAAUUCCUCCU,249,5.630467093893993e-57,0.8,0.4166666666666667,0.6,0.638888888888889,0.5948367118835449,42.1,112.39
249,CCCUUCUACAAAUUCCUCC,250,1.3482766610691969e-55,0.8,0.75,0.6,0.75,0.6177200078964233,47.4,110.87
250,UCCCUUCUACAAAUUCCUC,251,1.630718091176627e-58,0.8,0.4166666666666667,0.6,0.638888888888889,0.6553336977958679,42.1,112.39
251,AUCCCUUCUACAAAUUCCU,252,2.033586128670499e-60,0.6,0.3333333333333333,0.6,0.5111111111111111,0.6515336036682129,36.8,110.01
252,UAUCCCUUCUACAAAUUCC,253,2.922536622469902e-54,0.6,0.5833333333333334,0.6,0.5944444444444444,0.7084110379219055,36.8,109.64
253,AUAUCCCUUCUACAAAUUC,254,1.3342966060680487e-51,0.4,0.3333333333333333,0.4,0.37777777777777777,0.693012535572052,31.6,109.11
254,UAUAUCCCUUCUACAAAUU,255,5.396341865426836e-53,0.6,0.16666666666666666,0.4,0.4222222222222222,0.658979594707489,26.3,108.71
255,GUAUAUCCCUUCUACAAAU,256,3.475857955041434e-60,0.8,0.5,0.8,0.7000000000000001,0.47147926688194275,31.6,109.56
256,UGUAUAUCCCUUCUACAAA,257,3.601325428860824e-65,0.8,0.6666666666666666,0.8,0.7555555555555555,0.6961461901664734,31.6,111.87
257,UUGUAUAUCCCUUCUACAA,258,8.953049007773224e-88,1.0,0.5,0.8,0.7999999999999999,0.692598819732666,31.6,111.87
258,UUUGUAUAUCCCUUCUACA,259,7.257931349441839e-86,0.8,0.75,0.8,0.7833333333333333,0.7596086859703064,31.6,111.87
259,CUUUGUAUAUCCCUUCUAC,260,2.8024160768507113e-83,1.0,0.6666666666666666,0.8,0.8555555555555555,0.6856849789619446,36.8,111.78
260,ACUUUGUAUAUCCCUUCUA,261,1.766675910163324e-77,0.6,0.5833333333333334,0.4,0.5611111111111111,0.543506383895874,31.6,111.37
261,CACUUUGUAUAUCCCUUCU,262,3.6029379439498065e-72,1.0,0.75,0.8,0.8833333333333333,0.6318113803863525,36.8,112.21
262,CCACUUUGUAUAUCCCUUC,263,5.48652147357394e-66,0.8,0.75,0.8,0.7833333333333333,0.6982482671737671,42.1,110.67
263,UCCACUUUGUAUAUCCCUU,264,5.03635394058902e-60,0.6,0.5,0.4,0.5333333333333333,0.7382201552391052,36.8,110.67
264,UUCCACUUUGUAUAUCCCU,265,3.241868636932504e-57,1.0,0.6666666666666666,0.8,0.8555555555555555,0.6985510587692261,36.8,110.67
265,UUUCCACUUUGUAUAUCCC,266,3.383844890672773e-54,0.8,0.8333333333333334,0.8,0.8111111111111112,0.7608802318572998,36.8,109.73
266,AUUUCCACUUUGUAUAUCC,267,5.825384382401074e-50,0.8,0.5,0.6,0.6666666666666666,0.7924752235412598,31.6,108.8
267,UAUUUCCACUUUGUAUAUC,268,9.057799548931577e-47,0.6,0.5,0.4,0.5333333333333333,0.7599479556083679,26.3,109.97
268,CUAUUUCCACUUUGUAUAU,269,4.243013890004383e-43,0.6,0.5833333333333334,0.6,0.5944444444444444,0.5113992691040039,26.3,109.97
269,UCUAUUUCCACUUUGUAUA,270,3.3241829505520714e-39,0.8,0.5,0.8,0.7000000000000001,0.7457382082939148,26.3,112.12
270,GUCUAUUUCCACUUUGUAU,271,2.9363842119330146e-36,0.8,0.5833333333333334,0.4,0.6611111111111112,0.5848963260650635,31.6,112.3
271,UGUCUAUUUCCACUUUGUA,272,3.850498005683766e-33,1.0,0.75,0.6,0.85,0.7219060063362122,31.6,114.23
272,GUGUCUAUUUCCACUUUGU,273,7.091006249629796e-29,1.0,0.6666666666666666,0.4,0.7888888888888889,0.5809686183929443,36.8,114.78
273,GGUGUCUAUUUCCACUUUG,274,1.2168718840639795e-24,0.8,0.6666666666666666,0.2,0.6555555555555556,0.6331478953361511,42.1,113.31
274,UGGUGUCUAUUUCCACUUU,275,2.674446384742202e-21,0.6,0.5,0.0,0.4666666666666666,0.6518589854240417,36.8,113.31
275,UUGGUGUCUAUUUCCACUU,276,4.134898307509687e-25,0.8,0.75,0.4,0.7166666666666668,0.7650941610336304,36.8,113.31
276,UUUGGUGUCUAUUUCCACU,277,1.5325057686799098e-27,0.8,0.75,0.4,0.7166666666666668,0.7297608256340027,36.8,113.31
277,AUUUGGUGUCUAUUUCCAC,278,1.093809707201322e-28,0.8,0.75,0.6,0.75,0.660643994808197,36.8,110.89
278,GAUUUGGUGUCUAUUUCCA,279,6.597735448306566e-28,0.8,0.5833333333333334,0.8,0.7277777777777779,0.483921617269516,36.8,110.81
279,AGAUUUGGUGUCUAUUUCC,280,1.1725294261468832e-26,0.8,0.75,0.4,0.7166666666666668,0.6394319534301758,36.8,110.33
280,AAGAUUUGGUGUCUAUUUC,281,2.857810454240484e-25,0.6,0.5833333333333334,0.4,0.5611111111111111,0.697975754737854,31.6,110.92
281,UAAGAUUUGGUGUCUAUUU,282,2.6345210021342644e-24,0.8,0.5833333333333334,0.6,0.6944444444444445,0.7247523665428162,26.3,110.14
282,GUAAGAUUUGGUGUCUAUU,283,3.425073147610867e-23,0.8,0.5833333333333334,0.6,0.6944444444444445,0.548568069934845,31.6,111.35
283,AGUAAGAUUUGGUGUCUAU,284,3.33473634516266e-22,0.8,0.6666666666666666,0.4,0.688888888888889,0.44838887453079224,31.6,111.47
284,CAGUAAGAUUUGGUGUCUA,285,2.086296310835689e-24,1.0,0.5833333333333334,1.0,0.8611111111111112,0.4326893091201782,36.8,113.54
285,CCAGUAAGAUUUGGUGUCU,286,5.951534448145848e-24,1.0,0.75,0.6,0.85,0.5236295461654663,42.1,112.69
286,UCCAGUAAGAUUUGGUGUC,287,6.667004209925101e-23,1.0,0.6666666666666666,0.6,0.8222222222222221,0.6658561825752258,42.1,112.69
287,UUCCAGUAAGAUUUGGUGU,288,8.718402015860731e-22,0.6,0.5,0.0,0.4666666666666666,0.6630083918571472,36.8,111.82
288,CUUCCAGUAAGAUUUGGUG,289,7.477380291952688e-21,0.8,0.75,0.4,0.7166666666666668,0.5948002934455872,42.1,111.98
289,CCUUCCAGUAAGAUUUGGU,290,1.0178757459097224e-19,0.6,0.5833333333333334,0.2,0.5277777777777778,0.4867195188999176,42.1,110.65
290,GCCUUCCAGUAAGAUUUGG,291,1.3996078525267293e-27,0.8,0.6666666666666666,0.6,0.7222222222222222,0.49937766790390015,47.4,109.39
291,UGCCUUCCAGUAAGAUUUG,292,2.857448051282932e-28,0.6,0.5,0.4,0.5333333333333333,0.6380529403686523,42.1,110.65
292,GUGCCUUCCAGUAAGAUUU,293,2.109533096573299e-29,0.6,0.5,0.6,0.5666666666666667,0.6100757122039795,42.1,110.65
293,AGUGCCUUCCAGUAAGAUU,294,1.0265079876139958e-28,0.6,0.5833333333333334,0.4,0.5611111111111111,0.6057655215263367,42.1,111.15
294,AAGUGCCUUCCAGUAAGAU,295,9.279443195940206e-29,0.8,0.75,0.4,0.7166666666666668,0.5484790802001953,42.1,110.79
295,CAAGUGCCUUCCAGUAAGA,296,1.4916581520917649e-27,0.8,0.6666666666666666,0.6,0.7222222222222222,0.4965602159500122,47.4,113.08
296,CCAAGUGCCUUCCAGUAAG,297,3.2727409848367996e-39,1.0,0.6666666666666666,0.8,0.8555555555555555,0.6344981789588928,52.6,112.02
297,GCCAAGUGCCUUCCAGUAA,298,3.729825437996837e-42,0.6,0.5833333333333334,0.4,0.5611111111111111,0.4117949903011322,52.6,110.99
298,UGCCAAGUGCCUUCCAGUA,299,1.899919351840426e-42,1.0,0.75,0.6,0.85,0.5997275710105896,52.6,111.32
299,AUGCCAAGUGCCUUCCAGU,300,4.137109302970026e-40,1.0,0.75,0.8,0.8833333333333333,0.646337628364563,52.6,109.89
300,GAUGCCAAGUGCCUUCCAG,301,1.1904728530990158e-37,0.8,0.75,0.2,0.6833333333333335,0.5695421099662781,57.9,110.03
301,AGAUGCCAAGUGCCUUCCA,302,3.5173126291229246e-35,0.6,0.5,0.4,0.5333333333333333,0.4771711528301239,52.6,110.03
302,GAGAUGCCAAGUGCCUUCC,303,2.664089790103959e-33,0.8,0.75,0.4,0.7166666666666668,0.5638903975486755,57.9,109.62
303,GGAGAUGCCAAGUGCCUUC,304,2.342181648799321e-31,0.6,0.5,0.6,0.5666666666666667,0.5029280781745911,57.9,109.62
304,GGGAGAUGCCAAGUGCCUU,305,8.622091573460147e-30,0.6,0.5,0.4,0.5333333333333333,0.46277880668640137,57.9,108.39
305,GGGGAGAUGCCAAGUGCCU,306,6.388377241828471e-28,1.0,0.6666666666666666,0.8,0.8555555555555555,0.42351359128952026,63.2,108.01
306,UGGGGAGAUGCCAAGUGCC,307,3.0106802292940106e-26,0.8,0.75,0.6,0.75,0.6508934497833252,63.2,107.89
307,AUGGGGAGAUGCCAAGUGC,308,2.5317407765023315e-28,0.6,0.5,0.8,0.6,0.6284145712852478,57.9,107.12
308,AAUGGGGAGAUGCCAAGUG,309,3.76498288852659e-26,0.4,0.5,0.4,0.43333333333333335,0.5419387817382812,52.6,107.8
309,GAAUGGGGAGAUGCCAAGU,310,5.863300606060481e-34,0.6,0.4166666666666667,0.4,0.5055555555555555,0.44678041338920593,52.6,107.61
310,GGAAUGGGGAGAUGCCAAG,311,9.886589667664124e-32,0.8,0.5833333333333334,0.6,0.6944444444444445,0.4273695647716522,57.9,106.54
311,UGGAAUGGGGAGAUGCCAA,312,6.910133482580981e-29,0.4,0.5,0.2,0.4000000000000001,0.569793164730072,52.6,106.72
312,AUGGAAUGGGGAGAUGCCA,313,5.357143565546497e-26,0.6,0.5,0.4,0.5333333333333333,0.560285747051239,52.6,105.59
313,CAUGGAAUGGGGAGAUGCC,314,1.047798249400737e-23,0.6,0.5,0.6,0.5666666666666667,0.5184164643287659,57.9,105.9
314,UCAUGGAAUGGGGAGAUGC,315,8.716628715511514e-23,0.4,0.4166666666666667,0.2,0.3722222222222223,0.558293879032135,52.6,107.06
315,CUCAUGGAAUGGGGAGAUG,316,4.963258780272161e-25,0.6,0.4166666666666667,0.4,0.5055555555555555,0.39323872327804565,52.6,108.28
316,GCUCAUGGAAUGGGGAGAU,317,3.5530854272067915e-23,0.4,0.5,0.2,0.4000000000000001,0.33395880460739136,52.6,106.85
317,UGCUCAUGGAAUGGGGAGA,318,5.078768441049225e-21,0.6,0.5833333333333334,0.4,0.5611111111111111,0.4535300135612488,52.6,108.74
318,AUGCUCAUGGAAUGGGGAG,319,2.1597290326926122e-19,0.8,0.5,0.8,0.7000000000000001,0.5328357219696045,52.6,107.04
319,CAUGCUCAUGGAAUGGGGA,320,2.1005954068755304e-24,0.6,0.3333333333333333,0.8,0.5444444444444444,0.4476351737976074,52.6,107.74
320,GCAUGCUCAUGGAAUGGGG,321,4.594022459722037e-27,0.6,0.5,0.6,0.5666666666666667,0.44613412022590637,57.9,106.84
321,UGCAUGCUCAUGGAAUGGG,322,1.9649729412382323e-28,0.6,0.5,0.6,0.5666666666666667,0.558682382106781,52.6,107.93
322,CUGCAUGCUCAUGGAAUGG,323,5.925514374882739e-28,0.6,0.5,0.4,0.5333333333333333,0.5313668847084045,52.6,109.2
323,UCUGCAUGCUCAUGGAAUG,324,5.305736285916387e-28,0.4,0.25,0.4,0.35000000000000003,0.6876358985900879,47.4,110.55
324,CUCUGCAUGCUCAUGGAAU,325,6.358228485454105e-28,0.4,0.16666666666666666,0.0,0.2555555555555556,0.41466301679611206,47.4,110.33
325,CCUCUGCAUGCUCAUGGAA,326,2.176720356058601e-28,0.8,0.3333333333333333,0.6,0.6111111111111112,0.29351869225502014,52.6,111.12
326,ACCUCUGCAUGCUCAUGGA,327,2.9977758059637035e-28,0.8,0.4166666666666667,0.8,0.6722222222222224,0.522459864616394,52.6,112.0
327,CACCUCUGCAUGCUCAUGG,328,1.0158630354306886e-39,0.8,0.5833333333333334,0.8,0.7277777777777779,0.549477756023407,57.9,112.44
328,CCACCUCUGCAUGCUCAUG,329,1.2035850733921137e-36,0.4,0.4166666666666667,0.2,0.3722222222222223,0.4076303243637085,57.9,112.44
329,ACCACCUCUGCAUGCUCAU,330,1.2591897858072119e-35,0.6,0.4166666666666667,0.4,0.5055555555555555,0.446489155292511,52.6,112.31
330,UACCACCUCUGCAUGCUCA,331,3.4661082397196945e-38,0.8,0.5833333333333334,0.6,0.6944444444444445,0.6158038377761841,52.6,113.81
331,AUACCACCUCUGCAUGCUC,332,4.5264385139648715e-39,0.8,0.5,0.6,0.6666666666666666,0.6589936017990112,52.6,111.94
332,AAUACCACCUCUGCAUGCU,333,6.366374032689213e-39,0.8,0.25,0.6,0.5833333333333334,0.626629114151001,47.4,111.47
333,GAAUACCACCUCUGCAUGC,334,3.395397543799015e-40,1.0,0.6666666666666666,0.8,0.8555555555555555,0.5272994041442871,52.6,111.1
334,UGAAUACCACCUCUGCAUG,335,9.004445603710246e-39,0.6,0.4166666666666667,0.6,0.5388888888888889,0.6649072170257568,47.4,112.37
335,GUGAAUACCACCUCUGCAU,336,9.498941654453754e-37,0.4,0.4166666666666667,0.4,0.4055555555555556,0.5581156015396118,47.4,112.0
336,UGUGAAUACCACCUCUGCA,337,4.6862911614072083e-36,0.8,0.5833333333333334,0.6,0.6944444444444445,0.6960430145263672,47.4,114.06
337,CUGUGAAUACCACCUCUGC,338,2.686440305444337e-36,1.0,0.5,0.8,0.7999999999999999,0.6323286294937134,52.6,113.98
338,GCUGUGAAUACCACCUCUG,339,4.8960251262118507e-36,0.4,0.25,0.6,0.38333333333333336,0.652745246887207,52.6,113.98
339,GGCUGUGAAUACCACCUCU,340,3.26655450977156e-34,0.6,0.25,0.6,0.48333333333333334,0.5145193934440613,52.6,112.68
340,UGGCUGUGAAUACCACCUC,341,1.0987415925568167e-30,0.8,0.6666666666666666,0.8,0.7555555555555555,0.6965076327323914,52.6,112.53
341,UUGGCUGUGAAUACCACCU,342,1.1509275097307508e-33,0.6,0.5,0.4,0.5333333333333333,0.7240830063819885,47.4,111.71
342,GUUGGCUGUGAAUACCACC,343,1.4338723337576327e-31,1.0,0.5833333333333334,0.6,0.7944444444444444,0.6752099394798279,52.6,111.56
343,CGUUGGCUGUGAAUACCAC,344,3.895622796458223e-29,0.4,0.4166666666666667,0.4,0.4055555555555556,0.5955341458320618,52.6,113.94
344,UCGUUGGCUGUGAAUACCA,345,2.945637068326053e-31,0.4,0.3333333333333333,0.2,0.3444444444444445,0.6826968193054199,47.4,113.86
345,GUCGUUGGCUGUGAAUACC,346,2.672192119283956e-29,0.6,0.5,0.6,0.5666666666666667,0.6927695274353027,52.6,113.62
346,AGUCGUUGGCUGUGAAUAC,347,1.4665894467575274e-27,0.6,0.5,0.6,0.5666666666666667,0.6959669589996338,47.4,114.71
347,GAGUCGUUGGCUGUGAAUA,348,4.4061708684065e-25,0.6,0.16666666666666666,0.4,0.4222222222222222,0.37519732117652893,47.4,113.86
348,GGAGUCGUUGGCUGUGAAU,349,1.2540865771796854e-22,0.6,0.5,0.4,0.5333333333333333,0.40906375646591187,52.6,112.71
349,CGGAGUCGUUGGCUGUGAA,350,1.8698426552935205e-20,0.6,0.6666666666666666,0.8,0.6555555555555554,0.419644832611084,57.9,115.67
350,CCGGAGUCGUUGGCUGUGA,351,9.737669318630927e-27,1.0,0.5,0.8,0.7999999999999999,0.34770360589027405,63.2,114.99
351,GCCGGAGUCGUUGGCUGUG,352,8.505284391797347e-25,0.8,0.6666666666666666,0.6,0.7222222222222222,0.3657631576061249,68.4,114.01
352,GGCCGGAGUCGUUGGCUGU,353,1.4502014184456754e-25,0.8,0.5833333333333334,0.6,0.6944444444444445,0.40533551573753357,68.4,112.85
353,GGGCCGGAGUCGUUGGCUG,354,5.970587441884969e-27,1.0,0.6666666666666666,1.0,0.8888888888888888,0.3623923063278198,73.7,111.74
354,GGGGCCGGAGUCGUUGGCU,355,5.0121956237101744e-26,0.6,0.5833333333333334,0.4,0.5611111111111111,0.35203275084495544,73.7,110.67
355,GGGGGCCGGAGUCGUUGGC,356,1.720963119967389e-24,0.8,0.6666666666666666,0.8,0.7555555555555555,0.3382861614227295,78.9,109.53
356,CGGGGGCCGGAGUCGUUGG,357,6.093108316238076e-44,0.8,0.5,0.6,0.6666666666666666,0.30386868119239807,78.9,111.49
357,GCGGGGGCCGGAGUCGUUG,358,1.1483358743691546e-44,0.6,0.5,0.6,0.5666666666666667,0.35715463757514954,78.9,111.49
358,GGCGGGGGCCGGAGUCGUU,359,9.029157441285381e-43,0.4,0.4166666666666667,0.4,0.4055555555555556,0.33493921160697937,78.9,110.46
359,CGGCGGGGGCCGGAGUCGU,360,9.599884415185448e-46,0.8,0.6666666666666666,0.8,0.7555555555555555,0.3039170503616333,84.2,111.92
360,GCGGCGGGGGCCGGAGUCG,361,2.266304590477318e-45,0.6,0.6666666666666666,0.4,0.5888888888888888,0.3145497143268585,89.5,110.93
361,AGCGGCGGGGGCCGGAGUC,362,2.6780972744416958e-55,0.6,0.4166666666666667,0.4,0.5055555555555555,0.3687967360019684,84.2,109.88
362,UAGCGGCGGGGGCCGGAGU,363,7.402752482258741e-60,0.6,0.3333333333333333,0.6,0.5111111111111111,0.3712327480316162,78.9,109.33
363,GUAGCGGCGGGGGCCGGAG,364,4.432376603645852e-68,0.6,0.6666666666666666,0.4,0.5888888888888888,0.3476126790046692,84.2,109.62
364,UGUAGCGGCGGGGGCCGGA,365,2.691545185793237e-76,0.6,0.4166666666666667,0.4,0.5055555555555555,0.3614755868911743,78.9,109.78
365,GUGUAGCGGCGGGGGCCGG,366,6.349932626129022e-75,1.0,0.5833333333333334,0.6,0.7944444444444444,0.3537016808986664,84.2,109.95
366,GGUGUAGCGGCGGGGGCCG,367,1.2758183864733269e-72,0.4,0.4166666666666667,0.4,0.4055555555555556,0.3588089048862457,84.2,109.95
367,UGGUGUAGCGGCGGGGGCC,368,1.6715504755934448e-69,0.4,0.4166666666666667,0.2,0.3722222222222223,0.4925965666770935,78.9,109.04
368,AUGGUGUAGCGGCGGGGGC,369,1.0091998925763084e-67,0.4,0.16666666666666666,0.4,0.32222222222222224,0.5882158875465393,73.7,108.35
369,AAUGGUGUAGCGGCGGGGG,370,7.292245880229219e-66,0.4,0.3333333333333333,0.0,0.3111111111111111,0.4005086123943329,68.4,109.02
370,CAAUGGUGUAGCGGCGGGG,371,1.1181233623146635e-61,0.6,0.16666666666666666,0.2,0.3888888888888889,0.4693393409252167,68.4,110.27
371,GCAAUGGUGUAGCGGCGGG,372,6.875906481728963e-57,0.4,0.25,0.0,0.2833333333333334,0.4166804254055023,68.4,110.27
372,GGCAAUGGUGUAGCGGCGG,373,1.8258358542851604e-52,0.6,0.16666666666666666,0.4,0.4222222222222222,0.40840500593185425,68.4,110.27
373,CGGCAAUGGUGUAGCGGCG,374,2.2768862834889348e-49,0.4,0.08333333333333333,0.2,0.2611111111111111,0.43253615498542786,68.4,112.35
374,GCGGCAAUGGUGUAGCGGC,375,1.2709965684511584e-49,0.6,0.08333333333333333,0.2,0.3611111111111111,0.4521764814853668,68.4,110.27
375,GGCGGCAAUGGUGUAGCGG,376,1.4550015429512314e-45,0.2,0.08333333333333333,0.2,0.16111111111111112,0.4015694856643677,68.4,110.27
376,GGGCGGCAAUGGUGUAGCG,377,3.430939387169531e-41,0.2,0.16666666666666666,0.4,0.22222222222222224,0.3801663815975189,68.4,110.27
377,AGGGCGGCAAUGGUGUAGC,378,2.799001772619649e-36,0.0,0.08333333333333333,0.0,0.027777777777777776,0.4781738221645355,63.2,109.08
378,CAGGGCGGCAAUGGUGUAG,379,1.2952312969029546e-31,0.0,0.08333333333333333,0.0,0.027777777777777776,0.42445290088653564,63.2,110.36
379,GCAGGGCGGCAAUGGUGUA,380,5.6811348360784256e-27,0.2,0.16666666666666666,0.2,0.18888888888888888,0.3201884329319,63.2,109.13
380,AGCAGGGCGGCAAUGGUGU,381,1.3172244142274011e-23,0.4,0.25,0.4,0.35000000000000003,0.41145944595336914,63.2,109.44
381,CAGCAGGGCGGCAAUGGUG,382,1.086620803132883e-19,0.2,0.3333333333333333,0.2,0.24444444444444444,0.4415318965911865,68.4,109.63
382,UCAGCAGGGCGGCAAUGGU,383,6.67349433810803e-17,0.2,0.25,0.4,0.25,0.4588867723941803,63.2,109.75
383,CUCAGCAGGGCGGCAAUGG,384,4.2268725551780195e-13,0.2,0.5,0.4,0.3333333333333333,0.37910035252571106,68.4,109.88
384,GCUCAGCAGGGCGGCAAUG,385,4.4489913371521084e-11,0.2,0.25,0.4,0.25,0.31194186210632324,68.4,109.88
385,GGCUCAGCAGGGCGGCAAU,386,4.754410970410541e-25,0.2,0.25,0.4,0.25,0.3098633289337158,68.4,108.51
386,GGGCUCAGCAGGGCGGCAA,387,3.928476485410132e-45,0.6,0.4166666666666667,0.6,0.5388888888888889,0.3468204736709595,73.7,109.23
387,GGGGCUCAGCAGGGCGGCA,388,1.6003527986438785e-48,0.6,0.4166666666666667,0.6,0.5388888888888889,0.2792607545852661,78.9,108.84
388,AGGGGCUCAGCAGGGCGGC,389,1.2345901550965337e-47,0.6,0.4166666666666667,0.6,0.5388888888888889,0.38731494545936584,78.9,108.51
389,UAGGGGCUCAGCAGGGCGG,390,7.029847018698939e-45,0.8,0.4166666666666667,0.4,0.6055555555555556,0.5125057697296143,73.7,109.03
390,GUAGGGGCUCAGCAGGGCG,391,3.8906358980531205e-42,0.6,0.4166666666666667,0.4,0.5055555555555555,0.5076943635940552,73.7,110.36
391,AGUAGGGGCUCAGCAGGGC,392,6.359322157793326e-41,0.6,0.3333333333333333,0.4,0.4777777777777777,0.4560565650463104,68.4,109.2
392,GAGUAGGGGCUCAGCAGGG,393,5.633199270066098e-41,0.6,0.25,0.4,0.44999999999999996,0.4414626657962799,68.4,110.08
393,GGAGUAGGGGCUCAGCAGG,394,5.298173046659972e-47,0.6,0.16666666666666666,0.2,0.3888888888888889,0.4046338200569153,68.4,110.08
394,AGGAGUAGGGGCUCAGCAG,395,4.739426885152799e-47,0.6,0.16666666666666666,0.4,0.4222222222222222,0.5375688672065735,63.2,110.98
395,UAGGAGUAGGGGCUCAGCA,396,7.457319810144775e-46,0.6,0.08333333333333333,0.2,0.3611111111111111,0.6850345730781555,57.9,110.69
396,AUAGGAGUAGGGGCUCAGC,397,7.544166973778382e-60,0.8,0.4166666666666667,0.6,0.638888888888889,0.6692110300064087,57.9,108.97
397,AAUAGGAGUAGGGGCUCAG,398,1.2796741152734655e-56,0.6,0.4166666666666667,0.2,0.47222222222222227,0.6065236330032349,52.6,109.74
398,GAAUAGGAGUAGGGGCUCA,399,7.043267877980237e-53,0.4,0.16666666666666666,0.0,0.2555555555555556,0.4167564809322357,52.6,109.74
399,GGAAUAGGAGUAGGGGCUC,400,7.686786362827464e-49,0.6,0.5,0.4,0.5333333333333333,0.41830578446388245,57.9,108.42
400,UGGAAUAGGAGUAGGGGCU,401,5.950715558352144e-46,0.6,0.3333333333333333,0.2,0.4444444444444444,0.5746493935585022,52.6,108.3
401,GUGGAAUAGGAGUAGGGGC,402,6.127338465258187e-42,0.6,0.5,0.2,0.5,0.5530501008033752,57.9,108.18
402,GGUGGAAUAGGAGUAGGGG,403,4.0862188294966553e-38,0.6,0.4166666666666667,0.2,0.47222222222222227,0.47722524404525757,57.9,108.18
403,UGGUGGAAUAGGAGUAGGG,404,3.291888394236436e-34,0.6,0.25,0.2,0.4166666666666667,0.5553154349327087,52.6,109.28
404,GUGGUGGAAUAGGAGUAGG,405,1.5289914757468607e-30,0.4,0.25,0.0,0.2833333333333334,0.5705281496047974,52.6,110.43
405,CGUGGUGGAAUAGGAGUAG,406,1.4070145042390593e-26,0.4,0.3333333333333333,0.2,0.3444444444444445,0.4611721932888031,52.6,112.69
406,CCGUGGUGGAAUAGGAGUA,407,3.8582264897288657e-29,0.4,0.0,0.0,0.20000000000000004,0.40159478783607483,52.6,111.36
407,GCCGUGGUGGAAUAGGAGU,408,2.7181549888713296e-38,0.8,0.25,0.6,0.5833333333333334,0.4084322154521942,57.9,110.69
408,AGCCGUGGUGGAAUAGGAG,409,8.860804506331112e-37,0.8,0.4166666666666667,0.6,0.638888888888889,0.4742395877838135,57.9,110.5
409,CAGCCGUGGUGGAAUAGGA,410,2.471944553377054e-34,0.6,0.25,0.4,0.44999999999999996,0.4958935081958771,57.9,110.9
410,ACAGCCGUGGUGGAAUAGG,411,8.757462545266853e-41,0.8,0.4166666666666667,0.6,0.638888888888889,0.573074460029602,57.9,111.3
411,GACAGCCGUGGUGGAAUAG,412,1.2680014500954748e-38,0.6,0.3333333333333333,0.2,0.4444444444444444,0.4609605371952057,57.9,112.27
412,CGACAGCCGUGGUGGAAUA,413,1.629642675329309e-35,0.6,0.25,0.2,0.4166666666666667,0.38935816287994385,57.9,113.16
413,ACGACAGCCGUGGUGGAAU,414,3.1463588452038304e-33,1.0,0.3333333333333333,0.6,0.7111111111111111,0.4804317355155945,57.9,113.5
414,GACGACAGCCGUGGUGGAA,415,9.128705541370447e-32,0.8,0.5,0.8,0.7000000000000001,0.4227616488933563,63.2,115.13
415,UGACGACAGCCGUGGUGGA,416,1.2703813116165312e-34,1.0,0.4166666666666667,0.8,0.7722222222222223,0.48436930775642395,63.2,115.69
416,GUGACGACAGCCGUGGUGG,417,6.086214240782116e-33,1.0,0.6666666666666666,0.8,0.8555555555555555,0.5821740627288818,68.4,115.91
417,GGUGACGACAGCCGUGGUG,418,1.1887060860002097e-31,0.6,0.5833333333333334,0.4,0.5611111111111111,0.4541242718696594,68.4,115.91
418,UGGUGACGACAGCCGUGGU,419,2.270746641281158e-32,0.8,0.3333333333333333,0.6,0.6111111111111112,0.51780766248703,63.2,115.91
419,UUGGUGACGACAGCCGUGG,420,5.126766632704977e-31,0.8,0.6666666666666666,0.6,0.7222222222222222,0.6627953052520752,63.2,115.36
420,AUUGGUGACGACAGCCGUG,421,2.62194801321535e-30,0.8,0.25,0.6,0.5833333333333334,0.6679531335830688,57.9,114.72
421,GAUUGGUGACGACAGCCGU,422,1.1834735894726226e-28,0.6,0.16666666666666666,0.8,0.48888888888888893,0.522363543510437,57.9,114.84
422,GGAUUGGUGACGACAGCCG,423,1.6256419768730766e-43,0.8,0.6666666666666666,0.8,0.7555555555555555,0.5265156626701355,63.2,113.62
423,GGGAUUGGUGACGACAGCC,424,1.536164738593823e-43,0.6,0.4166666666666667,0.6,0.5388888888888889,0.5164552927017212,63.2,111.46
424,UGGGAUUGGUGACGACAGC,425,2.406183328621681e-40,0.6,0.5,0.4,0.5333333333333333,0.5729885697364807,57.9,112.62
425,UUGGGAUUGGUGACGACAG,426,3.039615171028389e-37,0.4,0.4166666666666667,0.2,0.3722222222222223,0.5843032598495483,52.6,113.21
426,CUUGGGAUUGGUGACGACA,427,9.573290919678686e-34,0.4,0.25,0.2,0.3166666666666667,0.5031232237815857,52.6,113.59
427,CCUUGGGAUUGGUGACGAC,428,2.8479565990435037e-31,0.8,0.3333333333333333,0.8,0.6444444444444445,0.44423243403434753,57.9,112.13
428,UCCUUGGGAUUGGUGACGA,429,1.4946941046807939e-33,0.4,0.25,0.2,0.3166666666666667,0.568618893623352,52.6,112.06
429,UUCCUUGGGAUUGGUGACG,430,1.7105360690495986e-32,0.8,0.4166666666666667,0.6,0.638888888888889,0.5496816635131836,52.6,111.61
430,AUUCCUUGGGAUUGGUGAC,431,6.055429545161669e-30,0.6,0.3333333333333333,0.4,0.4777777777777777,0.5887258052825928,47.4,108.51
431,CAUUCCUUGGGAUUGGUGA,432,1.5285946129469333e-27,0.4,0.25,0.2,0.3166666666666667,0.4760805070400238,47.4,108.86
432,UCAUUCCUUGGGAUUGGUG,433,1.017704365172298e-24,0.6,0.4166666666666667,0.6,0.5388888888888889,0.5945369005203247,47.4,109.2
433,CUCAUUCCUUGGGAUUGGU,434,5.531282687370911e-22,0.4,0.3333333333333333,0.0,0.3111111111111111,0.554587721824646,47.4,109.34
434,CCUCAUUCCUUGGGAUUGG,435,1.8864327940556204e-20,0.6,0.4166666666666667,0.4,0.5055555555555555,0.5300090909004211,52.6,108.15
435,CCCUCAUUCCUUGGGAUUG,436,1.5521125171501189e-18,0.6,0.4166666666666667,0.6,0.5388888888888889,0.3906010091304779,52.6,108.15
436,UCCCUCAUUCCUUGGGAUU,437,2.2561622668493218e-17,0.6,0.4166666666666667,0.4,0.5055555555555555,0.44226378202438354,47.4,108.28
437,GUCCCUCAUUCCUUGGGAU,438,1.3489147739811727e-15,0.6,0.4166666666666667,0.4,0.5055555555555555,0.3838261365890503,52.6,108.67
438,AGUCCCUCAUUCCUUGGGA,439,5.0830845410648626e-15,1.0,0.75,0.6,0.85,0.4134814739227295,52.6,110.43
439,AAGUCCCUCAUUCCUUGGG,440,1.724284149919039e-13,1.0,0.5,0.8,0.7999999999999999,0.5726401805877686,52.6,109.94
440,GAAGUCCCUCAUUCCUUGG,441,3.6139175488763214e-12,0.6,0.4166666666666667,0.4,0.5055555555555555,0.5349845290184021,52.6,110.95
441,AGAAGUCCCUCAUUCCUUG,442,4.558988787382816e-11,0.6,0.5,0.4,0.5333333333333333,0.622143030166626,47.4,112.0
442,GAGAAGUCCCUCAUUCCUU,443,1.5965244864931538e-29,0.6,0.3333333333333333,0.4,0.4777777777777777,0.5036338567733765,47.4,111.77
443,GGAGAAGUCCCUCAUUCCU,444,4.4660669126326173e-32,1.0,0.5,0.8,0.7999999999999999,0.4921122193336487,52.6,111.21
444,AGGAGAAGUCCCUCAUUCC,445,2.065212078677805e-35,1.0,0.5833333333333334,0.8,0.8277777777777778,0.6216927170753479,52.6,110.85
445,GAGGAGAAGUCCCUCAUUC,446,4.946517243338277e-36,0.4,0.4166666666666667,0.4,0.4055555555555556,0.43665048480033875,52.6,111.86
446,GGAGGAGAAGUCCCUCAUU,447,1.8682827646475875e-35,0.6,0.3333333333333333,0.6,0.5111111111111111,0.31572192907333374,52.6,110.51
447,UGGAGGAGAAGUCCCUCAU,448,3.640377423419868e-36,0.6,0.6666666666666666,0.8,0.6555555555555554,0.5060795545578003,52.6,110.84
448,CUGGAGGAGAAGUCCCUCA,449,1.7623350508106434e-34,1.0,0.75,0.8,0.8833333333333333,0.419151246547699,57.9,112.87
449,ACUGGAGGAGAAGUCCCUC,450,3.880133286760745e-37,1.0,0.5833333333333334,0.6,0.7944444444444444,0.5607516765594482,57.9,112.87
450,CACUGGAGGAGAAGUCCCU,451,2.7486843615261793e-35,0.6,0.5833333333333334,0.4,0.5611111111111111,0.5297031998634338,57.9,112.94
451,CCACUGGAGGAGAAGUCCC,452,1.6879304991940616e-34,1.0,0.6666666666666666,1.0,0.8888888888888888,0.5067636966705322,63.2,111.63
452,UCCACUGGAGGAGAAGUCC,453,4.17294108701862e-32,0.6,0.4166666666666667,0.4,0.5055555555555555,0.610602855682373,57.9,112.94
453,GUCCACUGGAGGAGAAGUC,454,4.0231343016397035e-31,0.8,0.5,0.6,0.6666666666666666,0.5221642255783081,57.9,114.17
454,GGUCCACUGGAGGAGAAGU,455,1.1310861363245752e-29,0.6,0.4166666666666667,0.4,0.5055555555555555,0.4223702549934387,57.9,112.8
455,AGGUCCACUGGAGGAGAAG,456,2.8282030580507134e-27,0.6,0.5833333333333334,0.4,0.5611111111111111,0.5235906839370728,57.9,112.59
456,CAGGUCCACUGGAGGAGAA,457,1.738315365578392e-25,0.4,0.25,0.6,0.38333333333333336,0.41490626335144043,57.9,113.02
457,UCAGGUCCACUGGAGGAGA,458,1.859475152746495e-26,0.6,0.5,0.8,0.6,0.5325289368629456,57.9,113.76
458,UUCAGGUCCACUGGAGGAG,459,7.697353709858475e-26,0.8,0.5833333333333334,0.8,0.7277777777777779,0.609288215637207,57.9,113.38
459,CUUCAGGUCCACUGGAGGA,460,6.235241318262819e-25,0.6,0.5,0.4,0.5333333333333333,0.4679265022277832,57.9,113.75
460,CCUUCAGGUCCACUGGAGG,461,3.331840461977785e-23,1.0,0.5833333333333334,0.8,0.8277777777777778,0.4155520796775818,63.2,112.74
461,UCCUUCAGGUCCACUGGAG,462,1.824623056858227e-21,0.6,0.5,0.4,0.5333333333333333,0.5550926327705383,57.9,114.13
462,GUCCUUCAGGUCCACUGGA,463,5.0521670825137757e-23,0.4,0.4166666666666667,0.2,0.3722222222222223,0.41399872303009033,57.9,114.36
463,CGUCCUUCAGGUCCACUGG,464,1.426791390841551e-31,1.0,0.5833333333333334,0.8,0.8277777777777778,0.464104026556015,63.2,115.61
464,UCGUCCUUCAGGUCCACUG,465,2.0573009578794826e-32,0.6,0.5,0.8,0.6,0.695206880569458,57.9,117.1
465,CUCGUCCUUCAGGUCCACU,466,3.2223500958586496e-31,0.4,0.3333333333333333,0.2,0.3444444444444445,0.43187272548675537,57.9,117.27
466,CCUCGUCCUUCAGGUCCAC,467,3.8312197092036336e-34,0.6,0.6666666666666666,0.6,0.6222222222222221,0.39434218406677246,63.2,115.77
467,CCCUCGUCCUUCAGGUCCA,468,1.1584340605107867e-33,0.4,0.5,0.2,0.4000000000000001,0.46408769488334656,63.2,114.27
468,UCCCUCGUCCUUCAGGUCC,469,1.5793752506615335e-38,0.8,0.4166666666666667,0.8,0.6722222222222224,0.6428112387657166,63.2,114.19
469,AUCCCUCGUCCUUCAGGUC,470,2.0538331132119298e-36,0.4,0.4166666666666667,0.2,0.3722222222222223,0.5576696991920471,57.9,113.51
470,CAUCCCUCGUCCUUCAGGU,471,3.198310835412705e-52,0.6,0.3333333333333333,0.2,0.4444444444444444,0.450959712266922,57.9,113.94
471,CCAUCCCUCGUCCUUCAGG,472,8.090414909300112e-54,0.8,0.5833333333333334,0.6,0.6944444444444445,0.3798399865627289,63.2,112.7
472,CCCAUCCCUCGUCCUUCAG,473,2.076111039565347e-54,0.6,0.4166666666666667,0.4,0.5055555555555555,0.320773720741272,63.2,112.7
473,UCCCAUCCCUCGUCCUUCA,474,3.368869897123013e-50,0.4,0.16666666666666666,0.2,0.2888888888888889,0.5565758943557739,57.9,113.07
474,AUCCCAUCCCUCGUCCUUC,475,5.59360611033121e-62,0.8,0.4166666666666667,0.6,0.638888888888889,0.7494097352027893,57.9,110.92
475,AAUCCCAUCCCUCGUCCUU,476,8.580338943638513e-59,0.4,0.25,0.2,0.3166666666666667,0.4996729791164398,52.6,110.45
476,AAAUCCCAUCCCUCGUCCU,477,1.384419223572669e-60,0.6,0.4166666666666667,0.4,0.5055555555555555,0.524316132068634,52.6,110.45
477,GAAAUCCCAUCCCUCGUCC,478,9.480340838349336e-59,1.0,0.6666666666666666,0.8,0.8555555555555555,0.4704548120498657,57.9,110.1
478,UGAAAUCCCAUCCCUCGUC,479,3.9278885000161705e-64,0.4,0.4166666666666667,0.2,0.3722222222222223,0.6925493478775024,52.6,111.3
479,AUGAAAUCCCAUCCCUCGU,480,2.3673107300532284e-66,0.6,0.3333333333333333,0.6,0.5111111111111111,0.5655984282493591,47.4,109.17
480,CAUGAAAUCCCAUCCCUCG,481,5.154330241411747e-62,1.0,0.5833333333333334,0.8,0.8277777777777778,0.4546760320663452,52.6,109.73
481,ACAUGAAAUCCCAUCCCUC,482,1.2383396460319931e-59,0.4,0.25,0.2,0.3166666666666667,0.6037065982818604,47.4,108.81
482,UACAUGAAAUCCCAUCCCU,483,1.3457578053969824e-57,0.6,0.3333333333333333,0.4,0.4777777777777777,0.6844533085823059,42.1,108.1
483,UUACAUGAAAUCCCAUCCC,484,9.54436328991283e-53,0.8,0.5833333333333334,0.8,0.7277777777777779,0.7000342011451721,42.1,107.55
484,GUUACAUGAAAUCCCAUCC,485,3.2012637825347516e-48,0.4,0.25,0.4,0.35000000000000003,0.5797923803329468,42.1,108.78
485,GGUUACAUGAAAUCCCAUC,486,3.689350601278997e-54,0.6,0.16666666666666666,0.4,0.4222222222222222,0.41525033116340637,42.1,108.78
486,UGGUUACAUGAAAUCCCAU,487,3.6777198660267604e-51,0.4,0.25,0.0,0.2833333333333334,0.4867110550403595,36.8,108.27
487,UUGGUUACAUGAAAUCCCA,488,3.1752969885424713e-55,0.8,0.5833333333333334,0.4,0.6611111111111112,0.689665675163269,36.8,109.64
488,CUUGGUUACAUGAAAUCCC,489,1.7015517079072685e-63,0.8,0.3333333333333333,0.6,0.6111111111111112,0.6739353537559509,42.1,109.56
489,UCUUGGUUACAUGAAAUCC,490,1.5975913369149985e-58,0.4,0.3333333333333333,0.4,0.37777777777777777,0.6776351928710938,36.8,111.05
490,CUCUUGGUUACAUGAAAUC,491,5.579285887854112e-55,0.6,0.25,0.4,0.44999999999999996,0.5096744894981384,36.8,112.63
491,ACUCUUGGUUACAUGAAAU,492,1.4340605693804238e-56,0.6,0.25,0.2,0.4166666666666667,0.5014104843139648,31.6,112.3
492,UACUCUUGGUUACAUGAAA,493,3.2278657467360195e-55,0.6,0.5,0.4,0.5333333333333333,0.5980836153030396,31.6,114.04
493,AUACUCUUGGUUACAUGAA,494,1.1436589401021556e-56,1.0,0.5,0.8,0.7999999999999999,0.6820811629295349,31.6,112.89
494,AAUACUCUUGGUUACAUGA,495,2.468188067100695e-53,0.8,0.5833333333333334,0.6,0.6944444444444445,0.7016310691833496,31.6,113.31
495,GAAUACUCUUGGUUACAUG,496,2.13871354158221e-56,0.8,0.5833333333333334,0.6,0.6944444444444445,0.6926885843276978,36.8,113.31
496,GGAAUACUCUUGGUUACAU,497,2.1388211206005146e-63,0.8,0.5,0.8,0.7000000000000001,0.3926721513271332,36.8,111.48
497,UGGAAUACUCUUGGUUACA,498,3.1283388899253196e-72,1.0,0.75,0.8,0.8833333333333333,0.6634694337844849,36.8,113.71
498,AUGGAAUACUCUUGGUUAC,499,1.149744895110377e-68,0.8,0.6666666666666666,0.6,0.7222222222222222,0.7555381655693054,36.8,111.23
499,AAUGGAAUACUCUUGGUUA,500,3.196869878227997e-65,0.8,0.5833333333333334,0.6,0.6944444444444445,0.6825211644172668,31.6,110.21
500,AAAUGGAAUACUCUUGGUU,501,2.207383479643481e-61,1.0,0.5833333333333334,1.0,0.8611111111111112,0.595487654209137,31.6,110.02
501,AAAAUGGAAUACUCUUGGU,502,2.094816706610972e-64,0.8,0.75,0.6,0.75,0.5893052220344543,31.6,110.02
502,AAAAAUGGAAUACUCUUGG,503,4.964055695362333e-75,1.0,0.8333333333333334,0.8,0.9111111111111111,0.6787109375,31.6,109.19
503,UAAAAAUGGAAUACUCUUG,504,6.01802556893098e-78,0.8,0.6666666666666666,0.6,0.7222222222222222,0.7097204923629761,26.3,109.96
504,GUAAAAAUGGAAUACUCUU,505,1.408563985540509e-82,0.8,0.5833333333333334,0.6,0.6944444444444445,0.5545710325241089,26.3,110.39
505,AGUAAAAAUGGAAUACUCU,506,5.997851631828962e-83,0.8,0.5833333333333334,0.6,0.6944444444444445,0.6764426827430725,26.3,110.97
506,UAGUAAAAAUGGAAUACUC,507,6.480102623009027e-87,0.8,0.6666666666666666,0.6,0.7222222222222222,0.7036837339401245,26.3,110.17
507,UUAGUAAAAAUGGAAUACU,508,1.2329901528239425e-95,0.8,0.5,0.6,0.6666666666666666,0.7422486543655396,21.099999999999998,109.57
508,UUUAGUAAAAAUGGAAUAC,509,1.0234052962551162e-102,1.0,0.75,0.6,0.85,0.7108012437820435,21.099999999999998,108.5
509,CUUUAGUAAAAAUGGAAUA,510,5.823644850817875e-100,0.6,0.5833333333333334,0.4,0.5611111111111111,0.4041234254837036,21.099999999999998,107.98
510,GCUUUAGUAAAAAUGGAAU,511,8.659255935610904e-94,0.8,0.5833333333333334,0.4,0.6611111111111112,0.36107316613197327,26.3,106.87
511,UGCUUUAGUAAAAAUGGAA,512,4.5803980895099375e-87,0.8,0.6666666666666666,0.2,0.6555555555555556,0.5120111703872681,26.3,109.25
512,CUGCUUUAGUAAAAAUGGA,513,1.0277900702858851e-80,0.8,0.6666666666666666,0.2,0.6555555555555556,0.5725700259208679,31.6,110.24
513,ACUGCUUUAGUAAAAAUGG,514,1.9797662008459593e-75,0.8,0.6666666666666666,0.4,0.688888888888889,0.7279089689254761,31.6,110.74
514,CACUGCUUUAGUAAAAAUG,515,1.7950780945783792e-69,0.8,0.5833333333333334,0.8,0.7277777777777779,0.6691852807998657,31.6,112.49
515,ACACUGCUUUAGUAAAAAU,516,5.894319218941312e-62,0.6,0.4166666666666667,0.4,0.5055555555555555,0.4578103721141815,26.3,112.32
516,AACACUGCUUUAGUAAAAA,517,1.375383408693011e-56,0.8,0.6666666666666666,0.4,0.688888888888889,0.5391032099723816,26.3,113.98
517,AAACACUGCUUUAGUAAAA,518,2.9704173909850974e-51,1.0,0.6666666666666666,0.8,0.8555555555555555,0.43833574652671814,26.3,113.98
518,AAAACACUGCUUUAGUAAA,519,1.657704305493236e-45,0.8,0.6666666666666666,0.6,0.7222222222222222,0.4387079179286957,26.3,113.98
519,GAAAACACUGCUUUAGUAA,520,8.497228659830114e-40,0.8,0.75,0.6,0.75,0.42245325446128845,31.6,114.46
520,UGAAAACACUGCUUUAGUA,521,1.0395961474131421e-34,0.8,0.6666666666666666,0.4,0.688888888888889,0.5743687748908997,31.6,114.76
521,GUGAAAACACUGCUUUAGU,522,1.226506984030237e-32,1.0,0.8333333333333334,0.8,0.9111111111111111,0.5641860365867615,36.8,115.31
522,GGUGAAAACACUGCUUUAG,523,1.3536895787114623e-31,1.0,0.8333333333333334,0.6,0.8777777777777778,0.5140446424484253,42.1,113.82
523,AGGUGAAAACACUGCUUUA,524,5.078710895700056e-29,0.6,0.4166666666666667,0.0,0.4388888888888889,0.4510127007961273,36.8,113.41
524,GAGGUGAAAACACUGCUUU,525,2.9323287578882826e-27,0.8,0.5833333333333334,0.6,0.6944444444444445,0.4560575783252716,42.1,113.7
525,UGAGGUGAAAACACUGCUU,526,7.224149633802437e-32,1.0,0.5833333333333334,0.6,0.7944444444444444,0.6761703491210938,42.1,114.38
526,AUGAGGUGAAAACACUGCU,527,8.839018840658662e-32,0.8,0.6666666666666666,0.4,0.688888888888889,0.6465477347373962,42.1,112.94
527,UAUGAGGUGAAAACACUGC,528,4.208200129400114e-31,1.0,0.75,0.6,0.85,0.6918495893478394,42.1,112.63
528,AUAUGAGGUGAAAACACUG,529,2.1507512811191224e-29,0.6,0.5,0.2,0.5,0.6105835437774658,36.8,112.22
529,CAUAUGAGGUGAAAACACU,530,1.3103585350536905e-32,0.6,0.4166666666666667,0.2,0.47222222222222227,0.5597860217094421,36.8,112.86
530,GCAUAUGAGGUGAAAACAC,531,4.872535250589658e-35,0.8,0.5833333333333334,0.2,0.6277777777777779,0.49538886547088623,42.1,111.33
531,AGCAUAUGAGGUGAAAACA,532,1.0309082576438408e-37,0.6,0.3333333333333333,0.0,0.41111111111111104,0.5810330510139465,36.8,110.87
532,UAGCAUAUGAGGUGAAAAC,533,1.5700803592462906e-42,1.0,0.5,0.4,0.7333333333333334,0.6369207501411438,36.8,110.07
533,AUAGCAUAUGAGGUGAAAA,534,1.4596295351863626e-50,0.6,0.4166666666666667,0.2,0.47222222222222227,0.6301560997962952,31.6,108.06
534,CAUAGCAUAUGAGGUGAAA,535,2.7907837958035714e-50,0.6,0.3333333333333333,0.2,0.4444444444444444,0.3673632740974426,36.8,109.44
535,ACAUAGCAUAUGAGGUGAA,536,1.2650221059963145e-49,0.8,0.4166666666666667,0.4,0.6055555555555556,0.42831048369407654,36.8,110.41
536,AACAUAGCAUAUGAGGUGA,537,9.99504504427858e-49,0.8,0.5,0.2,0.6000000000000001,0.54515141248703,36.8,110.41
537,UAACAUAGCAUAUGAGGUG,538,2.016073525329005e-46,0.8,0.4166666666666667,0.2,0.5722222222222223,0.6376169919967651,36.8,110.07
538,CUAACAUAGCAUAUGAGGU,539,5.602208071407432e-44,0.6,0.5833333333333334,0.2,0.5277777777777778,0.5798438787460327,36.8,110.6
539,UCUAACAUAGCAUAUGAGG,540,9.039380877656283e-45,0.8,0.5833333333333334,0.6,0.6944444444444445,0.6274582147598267,36.8,110.75
540,UUCUAACAUAGCAUAUGAG,541,1.6364965723545165e-42,0.6,0.4166666666666667,0.4,0.5055555555555555,0.6115788221359253,31.6,111.35
541,CUUCUAACAUAGCAUAUGA,542,1.081472642366636e-41,0.8,0.5,0.6,0.6666666666666666,0.5583466291427612,31.6,111.76
542,ACUUCUAACAUAGCAUAUG,543,5.4873502393002296e-39,0.8,0.5,0.4,0.6333333333333334,0.5877053141593933,31.6,112.27
543,GACUUCUAACAUAGCAUAU,544,4.289976948395112e-36,0.4,0.5,0.6,0.46666666666666673,0.4484671652317047,31.6,111.61
544,GGACUUCUAACAUAGCAUA,545,6.1208144872704256e-33,0.6,0.5833333333333334,0.6,0.5944444444444444,0.4091082215309143,36.8,112.06
545,UGGACUUCUAACAUAGCAU,546,7.833052416045748e-35,0.8,0.5833333333333334,0.6,0.6944444444444445,0.641445517539978,36.8,112.22
546,CUGGACUUCUAACAUAGCA,547,4.785930561042052e-33,1.0,0.8333333333333334,0.8,0.9111111111111111,0.6180304288864136,42.1,114.57
547,CCUGGACUUCUAACAUAGC,548,1.9317020951172735e-29,1.0,0.5833333333333334,0.6,0.7944444444444444,0.5820438265800476,47.4,112.94
548,GCCUGGACUUCUAACAUAG,549,1.1423499736684912e-27,0.6,0.5,0.2,0.5,0.43797314167022705,47.4,112.94
549,UGCCUGGACUUCUAACAUA,550,4.1506134886023704e-30,0.8,0.4166666666666667,0.4,0.6055555555555556,0.5981483459472656,42.1,112.79
550,CUGCCUGGACUUCUAACAU,551,2.017128700442063e-28,0.8,0.5,0.4,0.6333333333333334,0.4546554684638977,47.4,113.1
551,UCUGCCUGGACUUCUAACA,552,3.95699604481871e-27,1.0,0.6666666666666666,0.8,0.8555555555555555,0.6751648187637329,47.4,115.37
552,CUCUGCCUGGACUUCUAAC,553,9.844490811663818e-24,0.8,0.5,0.6,0.6666666666666666,0.6326998472213745,52.6,115.28
553,UCUCUGCCUGGACUUCUAA,554,1.1548391476670313e-21,0.6,0.5,0.4,0.5333333333333333,0.5760930180549622,47.4,115.2
554,GUCUCUGCCUGGACUUCUA,555,4.0861818706741594e-20,0.8,0.6666666666666666,0.6,0.7222222222222222,0.5053412318229675,52.6,115.45
555,UGUCUCUGCCUGGACUUCU,556,4.476604987373805e-22,0.8,0.75,0.6,0.75,0.6473758220672607,52.6,115.92
556,UUGUCUCUGCCUGGACUUC,557,3.139247385723113e-23,1.0,0.8333333333333334,0.8,0.9111111111111111,0.7017813920974731,52.6,115.14
557,AUUGUCUCUGCCUGGACUU,558,8.736847931283451e-23,0.6,0.5,0.4,0.5333333333333333,0.743881344795227,47.4,112.92
558,UAUUGUCUCUGCCUGGACU,559,3.7519212526233215e-26,1.0,0.75,0.8,0.8833333333333333,0.7044298648834229,47.4,113.45
