qseqid,total_hits,avg_bitscore,max_bitscore,avg_length,avg_mismatch
siRNA_423,3,30.26666666666667,38.2,15.0,0.0
siRNA_424,6,28.283333333333335,38.2,14.0,0.0
siRNA_409,28,26.928571428571427,38.2,13.321428571428571,0.0
siRNA_26,42,28.697619047619046,38.2,15.952380952380953,0.42857142857142855
siRNA_13,43,26.667441860465118,38.2,13.279069767441861,0.023255813953488372
siRNA_21,49,26.86122448979592,38.2,13.306122448979592,0.0
siRNA_369,51,26.311764705882354,38.2,13.803921568627452,0.19607843137254902
siRNA_550,60,27.016666666666666,38.2,13.433333333333334,0.016666666666666666
siRNA_33,66,29.684848484848487,38.2,15.166666666666666,0.10606060606060606
siRNA_89,72,27.341666666666665,38.2,13.652777777777779,0.027777777777777776
siRNA_90,73,27.21643835616438,38.2,13.808219178082192,0.0821917808219178
siRNA_368,73,25.86986301369863,38.2,13.287671232876713,0.1232876712328767
siRNA_22,77,26.075324675324676,38.2,14.467532467532468,0.38961038961038963
siRNA_32,78,29.507692307692306,38.2,15.012820512820513,0.08974358974358974
siRNA_91,78,27.011538461538464,38.2,13.474358974358974,0.02564102564102564
siRNA_370,79,25.575949367088608,38.2,13.151898734177216,0.12658227848101267
siRNA_434,86,26.75232558139535,38.2,13.232558139534884,0.0
siRNA_14,86,26.36627906976744,38.2,13.034883720930232,0.0
siRNA_15,86,26.53488372093023,38.2,13.593023255813954,0.11627906976744186
siRNA_88,87,27.02988505747126,38.2,13.471264367816092,0.022988505747126436
siRNA_122,88,25.26590909090909,38.2,12.943181818181818,0.11363636363636363
siRNA_383,90,26.74888888888889,38.2,13.322222222222223,0.022222222222222223
siRNA_23,90,24.652222222222225,38.2,14.366666666666667,0.5444444444444444
siRNA_357,92,25.18586956521739,38.2,12.619565217391305,0.043478260869565216
siRNA_24,94,24.424468085106383,38.2,14.329787234042554,0.5638297872340425
siRNA_36,95,27.106315789473683,38.2,13.757894736842106,0.08421052631578947
siRNA_25,98,24.659183673469386,38.2,14.438775510204081,0.5612244897959183
siRNA_448,98,27.08877551020408,38.2,13.459183673469388,0.01020408163265306
siRNA_452,100,27.385,38.2,13.61,0.01
siRNA_259,104,26.465384615384615,38.2,15.663461538461538,0.6442307692307693
siRNA_94,107,25.95514018691589,38.2,13.130841121495328,0.07476635514018691
siRNA_35,109,27.53302752293578,38.2,13.926605504587156,0.07339449541284404
siRNA_403,111,27.677477477477474,38.2,13.855855855855856,0.036036036036036036
siRNA_348,111,26.593693693693695,38.2,13.153153153153154,0.0
siRNA_449,114,27.1,38.2,13.421052631578947,0.0
siRNA_447,116,26.599999999999998,38.2,13.155172413793103,0.0
siRNA_349,117,26.072649572649574,38.2,12.88888888888889,0.0
siRNA_138,117,27.6991452991453,38.2,13.726495726495726,0.0
siRNA_27,119,27.857142857142858,38.2,14.46218487394958,0.15966386554621848
siRNA_93,120,26.173333333333336,38.2,12.941666666666666,0.0
siRNA_119,120,26.90583333333333,38.2,13.316666666666666,0.0
siRNA_451,121,27.227272727272727,38.2,13.520661157024794,0.008264462809917356
siRNA_446,122,27.003278688524592,38.2,13.368852459016393,0.0
siRNA_92,125,26.4008,38.2,13.056,0.0
siRNA_338,126,27.873015873015873,38.2,13.88888888888889,0.015873015873015872
siRNA_190,129,26.42170542635659,38.2,13.131782945736434,0.015503875968992248
siRNA_20,132,27.433333333333334,38.2,13.606060606060606,0.0
siRNA_55,132,27.13560606060606,38.2,13.81060606060606,0.09090909090909091
siRNA_54,133,27.453383458646616,38.2,15.210526315789474,0.39849624060150374
siRNA_189,135,26.415555555555557,38.2,13.125925925925927,0.014814814814814815
siRNA_410,135,26.04740740740741,38.2,12.874074074074073,0.0
siRNA_450,137,27.151094890510947,38.2,13.474452554744525,0.0072992700729927005
siRNA_314,140,26.135,38.2,12.928571428571429,0.0
siRNA_17,141,26.424822695035463,38.2,13.340425531914894,0.06382978723404255
siRNA_34,142,27.572535211267606,38.2,13.880281690140846,0.056338028169014086
siRNA_422,142,24.933098591549296,38.2,12.626760563380282,0.07746478873239436
siRNA_342,146,28.086301369863016,38.2,13.945205479452055,0.00684931506849315
siRNA_28,151,27.39271523178808,38.2,14.841059602649006,0.31788079470198677
siRNA_413,151,25.84900662251656,38.2,12.774834437086092,0.0
siRNA_412,151,25.84900662251656,38.2,12.774834437086092,0.0
siRNA_414,151,25.84900662251656,38.2,12.774834437086092,0.0
siRNA_31,151,27.85430463576159,38.2,13.907284768211921,0.026490066225165563
siRNA_38,151,25.521854304635763,38.2,12.933774834437086,0.07947019867549669
siRNA_436,154,25.987662337662336,38.2,13.188311688311689,0.08441558441558442
siRNA_358,154,25.12792207792208,38.2,12.415584415584416,0.0
siRNA_411,155,25.86064516129032,38.2,12.780645161290323,0.0
siRNA_435,155,25.81483870967742,38.2,12.916129032258064,0.03870967741935484
siRNA_425,156,24.425641025641028,38.2,12.474358974358974,0.10256410256410256
siRNA_417,157,26.620382165605093,38.2,13.171974522292993,0.0
siRNA_16,157,25.960509554140128,38.2,13.070063694267516,0.05732484076433121
siRNA_421,159,26.41509433962264,38.2,13.345911949685535,0.06918238993710692
siRNA_18,159,26.64088050314465,38.2,13.20125786163522,0.0
siRNA_12,159,25.128930817610062,38.2,13.748427672955975,0.3333333333333333
siRNA_6,159,25.641509433962263,38.2,13.182389937106919,0.12578616352201258
siRNA_345,160,26.810000000000002,38.2,13.26875,0.0
siRNA_135,160,26.826249999999998,38.2,13.55,0.06875
siRNA_30,161,27.567080745341617,38.2,13.658385093167702,0.0
siRNA_418,162,26.351234567901233,38.2,13.037037037037036,0.0
siRNA_19,162,26.70740740740741,38.2,13.234567901234568,0.0
siRNA_261,162,25.450617283950617,38.2,13.0,0.10493827160493827
siRNA_76,162,23.494444444444444,38.2,11.845679012345679,0.06172839506172839
siRNA_343,162,27.704938271604938,38.2,13.753086419753087,0.006172839506172839
siRNA_136,165,27.004242424242424,38.2,13.63030303030303,0.06666666666666667
siRNA_258,168,25.617261904761904,38.2,14.327380952380953,0.4166666666666667
siRNA_502,170,27.615882352941174,38.2,13.723529411764705,0.011764705882352941
siRNA_130,171,26.41169590643275,38.2,13.105263157894736,0.011695906432748537
siRNA_433,171,25.61812865497076,38.2,12.730994152046783,0.017543859649122806
siRNA_445,174,26.83793103448276,38.2,13.281609195402298,0.0
siRNA_37,174,25.451724137931038,38.2,12.902298850574713,0.08045977011494253
siRNA_396,177,26.046892655367234,38.2,13.152542372881356,0.06779661016949153
siRNA_454,179,27.077653631284914,38.2,13.519553072625698,0.027932960893854747
siRNA_408,180,25.07388888888889,38.2,12.522222222222222,0.03333333333333333
siRNA_477,181,27.246408839779008,38.2,13.679558011049723,0.04419889502762431
siRNA_126,182,25.62197802197802,38.2,13.763736263736265,0.27472527472527475
siRNA_344,182,27.046153846153842,38.2,13.395604395604396,0.0
siRNA_551,184,25.519021739130434,38.2,12.744565217391305,0.03260869565217391
siRNA_161,184,26.032065217391306,38.2,13.28804347826087,0.10326086956521739
siRNA_42,185,26.55351351351351,38.2,13.394594594594595,0.06486486486486487
siRNA_255,185,25.754594594594597,38.2,13.324324324324325,0.14594594594594595
siRNA_77,186,24.71666666666667,38.2,12.553763440860216,0.08602150537634409
siRNA_29,189,27.143915343915342,38.2,13.544973544973544,0.026455026455026454
siRNA_359,190,25.484736842105264,38.2,13.026315789473685,0.10526315789473684
siRNA_49,191,27.217277486910994,38.2,13.486910994764397,0.0
siRNA_453,192,27.16197916666667,38.2,13.536458333333334,0.020833333333333332
siRNA_191,192,26.235937500000002,38.2,13.140625,0.041666666666666664
siRNA_489,192,27.201562499999998,38.2,13.5,0.005208333333333333
siRNA_426,193,24.666321243523317,38.2,12.186528497409327,0.0
siRNA_407,193,25.030569948186532,38.2,12.367875647668393,0.0
siRNA_503,194,27.388659793814437,38.2,13.768041237113403,0.05154639175257732
siRNA_346,194,26.02422680412371,38.2,12.8659793814433,0.0
siRNA_429,195,25.132820512820516,38.2,12.543589743589743,0.03076923076923077
siRNA_151,195,27.12923076923077,38.2,13.943589743589744,0.1282051282051282
siRNA_253,195,26.563076923076924,38.2,13.528205128205128,0.09743589743589744
siRNA_263,196,26.194387755102042,38.2,13.056122448979592,0.025510204081632654
siRNA_234,196,25.66122448979592,38.2,12.974489795918368,0.07142857142857142
siRNA_437,196,26.09285714285714,38.2,13.229591836734693,0.08163265306122448
siRNA_382,197,26.44111675126904,38.2,13.238578680203046,0.04060913705583756
siRNA_347,198,25.65606060606061,38.2,12.681818181818182,0.0
siRNA_544,198,24.934848484848487,38.2,12.3989898989899,0.020202020202020204
siRNA_188,199,26.22311557788945,38.2,13.130653266331658,0.04020100502512563
siRNA_58,200,26.835500000000003,38.2,13.28,0.0
siRNA_274,201,26.38407960199005,38.2,13.08457711442786,0.009950248756218905
siRNA_50,201,27.03830845771144,38.2,13.393034825870647,0.0
siRNA_335,201,25.80597014925373,38.2,12.865671641791044,0.024875621890547265
siRNA_57,202,26.61980198019802,38.2,13.371287128712872,0.04950495049504951
siRNA_192,202,26.35049504950495,38.2,13.193069306930694,0.039603960396039604
siRNA_127,202,25.916336633663366,38.2,12.851485148514852,0.009900990099009901
siRNA_53,207,27.587439613526573,38.2,14.473429951690822,0.19806763285024154
siRNA_132,207,26.47536231884058,38.2,13.11111111111111,0.004830917874396135
siRNA_10,207,25.629468599033817,38.2,14.352657004830919,0.42028985507246375
siRNA_48,208,27.36730769230769,38.2,13.620192307692308,0.014423076923076924
siRNA_129,208,25.936057692307692,38.2,12.975961538461538,0.038461538461538464
siRNA_337,208,26.15576923076923,38.2,13.076923076923077,0.03365384615384615
siRNA_99,209,24.94401913875598,38.2,12.574162679425838,0.06220095693779904
siRNA_52,209,27.12870813397129,38.2,14.263157894736842,0.20574162679425836
siRNA_484,209,26.531578947368423,38.2,13.129186602870814,0.0
siRNA_395,209,25.97177033492823,38.2,13.110047846889952,0.06698564593301436
siRNA_79,210,25.228571428571428,38.2,12.471428571428572,0.0
siRNA_323,211,26.034123222748814,38.2,12.914691943127963,0.009478672985781991
siRNA_194,212,26.631603773584906,38.2,13.533018867924529,0.08962264150943396
siRNA_59,213,26.593896713615024,38.2,13.15962441314554,0.0
siRNA_549,213,24.83990610328639,38.2,12.309859154929578,0.009389671361502348
siRNA_333,215,25.85767441860465,38.2,12.809302325581395,0.004651162790697674
siRNA_381,215,25.88046511627907,38.2,12.925581395348837,0.03255813953488372
siRNA_528,215,26.044186046511626,38.2,13.637209302325582,0.19069767441860466
siRNA_367,216,26.150000000000002,38.2,13.078703703703704,0.037037037037037035
siRNA_51,216,27.185185185185187,38.2,14.300925925925926,0.20833333333333334
siRNA_254,216,25.989814814814817,38.2,12.981481481481481,0.032407407407407406
siRNA_305,217,26.44331797235023,38.2,13.129032258064516,0.013824884792626729
siRNA_193,218,26.391284403669726,38.2,13.275229357798166,0.05504587155963303
siRNA_324,218,26.025229357798164,38.2,12.908256880733944,0.009174311926605505
siRNA_133,218,26.474770642201836,38.2,13.110091743119266,0.0045871559633027525
siRNA_336,218,25.81422018348624,38.2,12.935779816513762,0.04128440366972477
siRNA_281,219,26.65342465753425,38.2,13.187214611872147,0.0
siRNA_394,220,26.492727272727276,38.2,13.354545454545455,0.06363636363636363
siRNA_310,221,26.538914027149325,38.2,13.235294117647058,0.027149321266968326
siRNA_81,221,25.29004524886878,38.2,12.502262443438914,0.0
siRNA_334,221,25.850678733031675,38.2,12.877828054298643,0.02262443438914027
siRNA_483,221,26.22941176470588,38.2,12.968325791855204,0.0
siRNA_39,222,25.265765765765767,38.2,12.864864864864865,0.0945945945945946
siRNA_125,222,25.437837837837836,38.2,13.653153153153154,0.2702702702702703
siRNA_535,222,24.67792792792793,38.2,12.243243243243244,0.013513513513513514
siRNA_455,223,26.5152466367713,38.2,13.26457399103139,0.03587443946188341
siRNA_7,224,25.787946428571427,38.2,14.535714285714286,0.44642857142857145
siRNA_100,224,24.84642857142857,38.2,12.383928571428571,0.026785714285714284
siRNA_427,224,24.837500000000002,38.2,12.272321428571429,0.0
siRNA_304,224,26.287053571428572,38.2,13.049107142857142,0.013392857142857142
siRNA_45,224,26.301339285714285,38.2,13.102678571428571,0.022321428571428572
siRNA_372,225,24.029333333333334,38.2,11.937777777777777,0.017777777777777778
siRNA_354,226,24.3858407079646,38.2,12.132743362831858,0.022123893805309734
siRNA_11,226,25.31637168141593,38.2,14.013274336283185,0.37610619469026546
siRNA_371,226,23.63982300884956,38.2,11.920353982300885,0.061946902654867256
siRNA_237,227,26.037444933920703,38.2,13.863436123348018,0.24669603524229075
siRNA_5,227,26.54669603524229,38.2,13.13215859030837,0.0
siRNA_315,227,25.308370044052865,38.2,12.54625550660793,0.00881057268722467
siRNA_533,228,25.219736842105263,38.2,12.93421052631579,0.11842105263157894
siRNA_74,229,24.308296943231444,38.2,12.14410480349345,0.034934497816593885
siRNA_542,230,24.992173913043477,38.2,12.486956521739131,0.034782608695652174
siRNA_543,230,24.855652173913043,38.2,12.382608695652173,0.02608695652173913
siRNA_545,231,24.87012987012987,38.2,12.285714285714286,0.0
siRNA_552,231,25.946753246753246,38.2,13.316017316017316,0.12121212121212122
siRNA_508,232,26.037068965517243,38.2,13.288793103448276,0.10344827586206896
siRNA_444,232,26.719827586206897,38.2,13.806034482758621,0.14655172413793102
siRNA_529,232,26.095258620689656,38.2,13.71551724137931,0.2025862068965517
siRNA_548,232,24.804310344827588,38.2,12.288793103448276,0.008620689655172414
siRNA_124,233,25.476394849785407,38.2,13.622317596566523,0.2575107296137339
siRNA_306,234,26.522222222222222,38.2,13.2008547008547,0.021367521367521368
siRNA_541,234,24.971794871794874,38.2,12.542735042735043,0.05128205128205128
siRNA_75,234,24.359401709401713,38.2,12.166666666666666,0.03418803418803419
siRNA_8,235,25.862978723404257,38.2,14.574468085106384,0.44680851063829785
siRNA_419,235,25.71404255319149,38.2,12.731914893617022,0.00425531914893617
siRNA_527,236,26.072881355932203,38.2,13.279661016949152,0.09745762711864407
siRNA_78,236,24.914406779661018,38.2,12.44915254237288,0.03389830508474576
siRNA_443,237,26.982700421940926,38.2,14.118143459915611,0.189873417721519
siRNA_56,238,26.701260504201684,38.2,13.415966386554622,0.05042016806722689
siRNA_174,239,26.408368200836822,38.2,13.430962343096235,0.09205020920502092
siRNA_73,240,24.299583333333334,38.2,12.0,0.0
siRNA_185,240,26.540416666666665,38.2,13.191666666666666,0.0125
siRNA_311,240,26.585833333333333,38.2,13.270833333333334,0.029166666666666667
siRNA_540,241,24.6701244813278,38.2,12.385892116182573,0.04979253112033195
siRNA_316,241,25.572199170124485,38.2,12.643153526970954,0.0
siRNA_515,242,25.817768595041326,38.2,13.314049586776859,0.13636363636363635
siRNA_536,244,24.10081967213115,38.2,12.081967213114755,0.045081967213114756
siRNA_356,245,24.583673469387755,38.2,12.208163265306123,0.0163265306122449
siRNA_442,246,26.96829268292683,38.2,14.670731707317072,0.32926829268292684
siRNA_531,246,26.038211382113822,38.2,14.268292682926829,0.34959349593495936
siRNA_86,246,25.014634146341464,38.2,12.361788617886178,0.0
siRNA_546,247,24.821862348178136,38.2,12.263157894736842,0.0
siRNA_71,247,24.591093117408906,38.2,12.145748987854251,0.0
siRNA_229,247,26.756680161943322,38.2,13.639676113360323,0.10121457489878542
siRNA_420,248,25.63991935483871,38.2,13.274193548387096,0.14919354838709678
siRNA_312,248,26.358064516129033,38.2,13.040322580645162,0.0
siRNA_72,249,24.588755020080324,38.2,12.144578313253012,0.0
siRNA_355,249,24.50843373493976,38.2,12.168674698795181,0.01606425702811245
siRNA_504,250,27.281200000000002,38.2,14.672,0.292
siRNA_539,250,24.4968,38.2,12.324,0.056
siRNA_384,250,25.3392,38.2,12.588,0.016
siRNA_69,250,24.587600000000002,38.2,12.144,0.0
siRNA_537,250,24.520799999999998,38.2,12.32,0.052
siRNA_211,251,26.66972111553785,38.2,13.418326693227092,0.055776892430278883
siRNA_313,251,26.118725099601594,38.2,12.91633466135458,0.0
siRNA_195,251,26.370916334661356,38.2,13.394422310756973,0.08764940239043825
siRNA_309,251,26.56733067729084,38.2,13.219123505976096,0.0199203187250996
siRNA_172,252,26.199603174603176,38.2,13.547619047619047,0.14682539682539683
siRNA_456,253,26.743478260869566,38.2,13.494071146245059,0.06324110671936758
siRNA_397,253,25.525691699604742,38.2,12.727272727272727,0.02766798418972332
siRNA_2,254,27.111417322834647,38.2,13.4251968503937,0.0
siRNA_319,255,25.36549019607843,38.2,13.258823529411766,0.1803921568627451
siRNA_3,255,26.87333333333333,38.2,13.301960784313726,0.0
siRNA_415,255,26.040784313725492,38.2,12.870588235294118,0.0
siRNA_82,256,25.22578125,38.2,12.484375,0.00390625
siRNA_160,256,25.616796875000002,38.2,12.7421875,0.01953125
siRNA_325,256,25.84375,38.2,12.91796875,0.03515625
siRNA_168,257,25.924513618677043,38.2,12.817120622568094,0.0
siRNA_186,257,26.266536964980546,38.2,13.233463035019454,0.058365758754863814
siRNA_514,257,26.180544747081715,38.2,13.264591439688717,0.07782101167315175
siRNA_68,259,24.569884169884173,38.2,12.135135135135135,0.0
siRNA_513,260,26.15423076923077,38.2,13.23076923076923,0.07307692307692308
siRNA_520,260,27.464230769230767,38.2,13.626923076923077,0.0038461538461538464
siRNA_230,260,26.48769230769231,38.2,13.453846153846154,0.08846153846153847
siRNA_457,261,27.20727969348659,38.2,13.720306513409962,0.06130268199233716
siRNA_307,261,26.67088122605364,38.2,13.25287356321839,0.01532567049808429
siRNA_226,262,26.87251908396947,38.2,13.427480916030534,0.030534351145038167
siRNA_46,262,25.86832061068702,38.2,12.885496183206106,0.022900763358778626
siRNA_40,263,25.15893536121673,38.2,12.904942965779467,0.11787072243346007
siRNA_506,263,27.152471482889734,38.2,14.346007604562738,0.22433460076045628
siRNA_67,263,23.265399239543726,38.2,11.695817490494296,0.053231939163498096
siRNA_507,263,26.468060836501902,38.2,13.828897338403042,0.18250950570342206
siRNA_83,263,25.20114068441065,38.2,12.486692015209126,0.0076045627376425855
siRNA_80,263,25.048669201520912,38.2,12.38022813688213,0.0
siRNA_4,264,26.731060606060606,38.2,13.227272727272727,0.0
siRNA_432,264,25.129545454545454,38.2,12.734848484848484,0.07954545454545454
siRNA_441,264,26.650757575757577,38.2,14.087121212121213,0.22348484848484848
siRNA_317,265,25.276603773584906,38.2,12.671698113207547,0.045283018867924525
siRNA_458,265,27.167924528301885,38.2,13.709433962264152,0.06415094339622641
siRNA_252,265,26.369811320754717,38.2,13.222641509433963,0.045283018867924525
siRNA_373,265,24.64679245283019,38.2,12.218867924528302,0.011320754716981131
siRNA_538,265,24.364905660377357,38.2,12.245283018867925,0.052830188679245285
siRNA_512,265,26.12679245283019,38.2,12.984905660377358,0.01509433962264151
siRNA_416,265,25.99924528301887,38.2,12.856603773584906,0.0
siRNA_481,267,25.632958801498127,38.2,12.760299625468164,0.02247191011235955
siRNA_524,267,27.18614232209738,38.2,13.584269662921349,0.0299625468164794
siRNA_519,267,27.04044943820225,38.2,13.426966292134832,0.00749063670411985
siRNA_400,267,26.252808988764045,38.2,13.363295880149813,0.09363295880149813
siRNA_509,268,25.85858208955224,38.2,12.802238805970148,0.0037313432835820895
siRNA_169,268,26.38022388059702,38.2,13.328358208955224,0.0708955223880597
siRNA_553,268,26.75037313432836,38.2,13.33955223880597,0.026119402985074626
siRNA_332,269,25.893680297397772,38.2,12.82899628252788,0.007434944237918215
siRNA_128,269,25.58066914498141,38.2,12.657992565055762,0.0037174721189591076
siRNA_137,269,25.995910780669146,38.2,13.018587360594795,0.040892193308550186
siRNA_173,269,26.30111524163569,38.2,13.293680297397769,0.07063197026022305
siRNA_162,270,25.694444444444443,38.2,14.125925925925927,0.35555555555555557
siRNA_123,270,24.903703703703705,38.2,12.807407407407407,0.1259259259259259
siRNA_260,270,24.74888888888889,38.2,13.322222222222223,0.2740740740740741
siRNA_438,271,25.81217712177122,38.2,13.107011070110701,0.08487084870848709
siRNA_511,271,26.108118081180812,38.2,12.959409594095941,0.01107011070110701
siRNA_231,272,26.197058823529414,38.2,13.246323529411764,0.07352941176470588
siRNA_120,272,25.05698529411765,38.2,12.378676470588236,0.0
siRNA_131,272,25.87169117647059,38.2,12.992647058823529,0.051470588235294115
siRNA_505,273,27.214652014652017,38.2,14.578754578754578,0.27472527472527475
siRNA_64,273,24.206959706959708,38.2,12.531135531135531,0.14285714285714285
siRNA_322,274,25.414233576642335,38.2,12.682481751824817,0.029197080291970802
siRNA_318,274,25.06970802919708,38.2,12.576642335766424,0.04744525547445255
siRNA_480,275,25.325818181818182,38.2,12.603636363636364,0.02181818181818182
siRNA_330,277,26.10072202166065,38.2,13.411552346570398,0.1263537906137184
siRNA_97,277,25.484115523465704,38.2,13.938628158844764,0.33574007220216606
siRNA_70,277,24.56678700361011,38.2,12.133574007220217,0.0
siRNA_225,278,26.87553956834532,38.2,13.381294964028777,0.017985611510791366
siRNA_521,278,27.438489208633094,38.2,13.640287769784173,0.01079136690647482
siRNA_522,279,27.43512544802867,38.2,13.68100358422939,0.021505376344086023
siRNA_9,279,25.838709677419356,38.2,14.637992831541219,0.4659498207885305
siRNA_385,279,25.498566308243728,38.2,12.616487455197133,0.0035842293906810036
siRNA_142,280,25.621785714285714,38.2,12.842857142857143,0.04285714285714286
siRNA_167,281,25.862633451957297,38.2,12.786476868327401,0.0
siRNA_518,281,26.385053380782917,38.2,13.11032028469751,0.014234875444839857
siRNA_207,282,25.780851063829786,38.2,12.861702127659575,0.028368794326241134
siRNA_386,282,26.757801418439715,38.2,13.28014184397163,0.010638297872340425
siRNA_475,282,26.213475177304964,38.2,13.797872340425531,0.20567375886524822
siRNA_166,282,25.508156028368795,38.2,12.609929078014185,0.0
siRNA_365,283,26.627208480565372,38.2,13.190812720848056,0.0
siRNA_303,283,26.42897526501767,38.2,13.06713780918728,0.0
siRNA_308,283,26.571024734982334,38.2,13.197879858657243,0.014134275618374558
siRNA_431,283,25.086219081272088,38.2,12.918727915194346,0.13074204946996468
siRNA_134,283,25.55159010600707,38.2,12.72791519434629,0.024734982332155476
siRNA_523,284,27.408450704225352,38.2,13.665492957746478,0.02112676056338028
siRNA_1,284,27.067957746478875,38.2,13.401408450704226,0.0
siRNA_405,284,25.40985915492958,38.2,12.661971830985916,0.02464788732394366
siRNA_163,286,26.20909090909091,38.2,14.29020979020979,0.32867132867132864
siRNA_321,287,25.342160278745645,38.2,12.735191637630662,0.05226480836236934
siRNA_104,288,24.742708333333336,38.2,12.26388888888889,0.010416666666666666
siRNA_196,288,26.64236111111111,38.2,13.38888888888889,0.052083333333333336
siRNA_63,288,24.51111111111111,38.2,12.694444444444445,0.14583333333333334
siRNA_171,288,26.51388888888889,38.2,13.364583333333334,0.0625
siRNA_331,288,26.050694444444446,38.2,13.368055555555555,0.12152777777777778
siRNA_95,288,25.33159722222222,38.2,13.67013888888889,0.2881944444444444
siRNA_228,289,26.528719723183393,38.2,13.328719723183392,0.05190311418685121
siRNA_271,289,26.59757785467128,38.2,13.560553633217992,0.10034602076124567
siRNA_439,289,25.817993079584777,38.2,12.993079584775087,0.05536332179930796
siRNA_227,289,26.93529411764706,38.2,13.460207612456747,0.031141868512110725
siRNA_366,290,26.35448275862069,38.2,13.051724137931034,0.0
siRNA_482,290,25.499310344827588,38.2,12.686206896551724,0.020689655172413793
siRNA_283,290,25.88137931034483,38.2,12.810344827586206,0.0034482758620689655
siRNA_353,291,23.91993127147766,38.2,12.237113402061855,0.10652920962199312
siRNA_121,291,24.86323024054983,38.2,12.419243986254296,0.03436426116838488
siRNA_479,291,25.63470790378007,38.2,12.670103092783505,0.0
siRNA_212,291,27.24604810996564,38.2,13.731958762886597,0.058419243986254296
siRNA_404,292,25.623972602739727,38.2,12.808219178082192,0.03424657534246575
siRNA_525,292,26.531849315068495,38.2,13.373287671232877,0.06164383561643835
siRNA_278,293,25.07952218430034,38.2,12.556313993174061,0.040955631399317405
siRNA_145,293,24.953242320819115,38.2,12.863481228668942,0.13310580204778158
siRNA_440,294,25.927891156462586,38.2,13.003401360544217,0.04421768707482993
siRNA_554,294,26.756462585034015,38.2,13.387755102040817,0.03741496598639456
siRNA_65,294,23.79387755102041,38.2,12.4421768707483,0.17346938775510204
siRNA_559,294,26.57619047619048,38.2,13.241496598639456,0.023809523809523808
siRNA_224,295,26.94677966101695,38.2,13.450847457627118,0.02711864406779661
siRNA_141,295,25.731525423728815,38.2,12.905084745762712,0.04406779661016949
siRNA_170,295,26.257966101694915,38.2,13.227118644067797,0.061016949152542375
siRNA_488,296,26.13581081081081,38.2,13.003378378378379,0.016891891891891893
siRNA_351,296,24.642567567567568,38.2,12.942567567567568,0.19256756756756757
siRNA_251,297,26.31077441077441,38.2,13.521885521885523,0.12794612794612795
siRNA_47,298,26.20503355704698,38.2,13.0,0.010067114093959731
siRNA_393,298,26.404362416107382,38.2,13.258389261744966,0.050335570469798654
siRNA_510,298,26.19026845637584,38.2,12.996644295302014,0.010067114093959731
siRNA_118,298,25.677852348993287,38.2,12.697986577181208,0.0
siRNA_341,298,26.01778523489933,38.2,12.953020134228188,0.020134228187919462
siRNA_430,299,24.943478260869565,38.2,12.725752508361204,0.10033444816053512
siRNA_329,299,26.28428093645485,38.2,13.464882943143813,0.11705685618729098
siRNA_387,299,27.16020066889632,38.2,13.474916387959865,0.006688963210702341
siRNA_262,299,25.555852842809365,38.2,12.939799331103679,0.07692307692307693
siRNA_117,299,25.833779264214048,38.2,12.775919732441471,0.0
siRNA_147,300,24.885,38.2,12.906666666666666,0.15333333333333332
siRNA_471,301,25.723920265780734,38.2,13.149501661129568,0.10631229235880399
siRNA_392,301,26.855813953488372,38.2,13.411960132890366,0.029900332225913623
siRNA_476,301,26.278737541528237,38.2,13.790697674418604,0.19601328903654486
siRNA_272,302,26.486754966887418,38.2,13.195364238410596,0.023178807947019868
siRNA_555,302,26.767549668874175,38.2,13.390728476821192,0.03642384105960265
siRNA_298,302,26.363245033112584,38.2,13.271523178807946,0.059602649006622516
siRNA_364,303,26.76138613861386,38.2,13.257425742574258,0.0
siRNA_474,303,26.04884488448845,38.2,13.815181518151816,0.23102310231023102
siRNA_103,304,24.69375,38.2,12.25,0.013157894736842105
siRNA_301,305,26.388196721311477,38.2,13.727868852459016,0.17049180327868851
siRNA_326,306,26.09509803921569,38.2,13.375816993464053,0.11764705882352941
siRNA_388,307,27.095439739413678,38.2,13.456026058631922,0.009771986970684038
siRNA_302,308,26.269155844155847,38.2,13.012987012987013,0.006493506493506494
siRNA_328,308,26.117857142857144,38.2,13.266233766233766,0.08766233766233766
siRNA_360,308,25.775649350649353,38.2,13.006493506493506,0.06493506493506493
siRNA_66,309,23.637864077669903,38.2,12.381877022653722,0.1779935275080906
siRNA_487,309,26.077022653721684,38.2,12.906148867313917,0.0
siRNA_389,310,27.149354838709677,38.2,13.483870967741936,0.00967741935483871
siRNA_217,311,29.4395498392283,38.2,14.62700964630225,0.003215434083601286
siRNA_164,311,26.07491961414791,38.2,14.090032154340836,0.2958199356913183
siRNA_116,311,25.896784565916402,38.2,12.807073954983922,0.0
siRNA_299,312,26.34903846153846,38.2,13.923076923076923,0.22435897435897437
siRNA_87,312,25.009294871794875,38.2,12.384615384615385,0.00641025641025641
siRNA_206,312,25.5724358974359,38.2,12.746794871794872,0.02564102564102564
siRNA_197,313,26.52460063897764,38.2,14.003194888178914,0.22044728434504793
siRNA_428,313,24.69744408945687,38.2,12.21405750798722,0.003194888178913738
siRNA_269,313,26.686900958466452,38.2,13.626198083067093,0.10543130990415335
siRNA_362,314,26.628980891719745,38.2,13.48407643312102,0.0732484076433121
siRNA_300,315,26.385396825396825,38.2,13.907936507936508,0.21587301587301588
siRNA_43,315,25.822222222222223,38.2,12.946031746031746,0.044444444444444446
siRNA_470,316,25.933227848101264,38.2,13.474683544303797,0.16139240506329114
siRNA_339,316,25.768670886075952,38.2,12.870253164556962,0.03164556962025317
siRNA_102,316,24.630696202531645,38.2,12.180379746835444,0.0031645569620253164
siRNA_391,317,27.098422712933758,38.2,13.570977917981072,0.03785488958990536
siRNA_556,317,26.70094637223975,38.2,13.375394321766562,0.04100946372239748
siRNA_159,317,25.414826498422713,38.2,12.599369085173501,0.00946372239747634
siRNA_390,317,27.117981072555203,38.2,13.479495268138802,0.012618296529968454
siRNA_44,317,25.8589905362776,38.2,12.889589905362776,0.025236593059936908
siRNA_264,318,25.56194968553459,38.2,12.735849056603774,0.025157232704402517
siRNA_219,318,27.90471698113208,38.2,13.984276729559749,0.03773584905660377
siRNA_459,318,26.651257861635223,38.2,13.226415094339623,0.009433962264150943
siRNA_340,318,25.809119496855345,38.2,12.779874213836479,0.0031446540880503146
siRNA_216,318,29.45974842767296,38.2,14.638364779874214,0.0031446540880503146
siRNA_288,319,27.94420062695925,38.2,14.10344827586207,0.05956112852664577
siRNA_378,320,25.419375,38.2,12.575,0.003125
siRNA_175,320,26.5871875,38.2,13.35,0.05
siRNA_270,321,26.614953271028035,38.2,13.641744548286605,0.11838006230529595
siRNA_115,322,25.84751552795031,38.2,12.782608695652174,0.0
siRNA_352,322,24.26086956521739,38.2,12.68944099378882,0.17701863354037267
siRNA_363,322,26.602173913043476,38.2,13.462732919254659,0.07142857142857142
siRNA_558,322,26.651552795031055,38.2,13.211180124223603,0.006211180124223602
siRNA_205,323,25.77151702786378,38.2,12.990712074303406,0.06191950464396285
siRNA_250,324,26.110493827160496,38.2,13.191358024691358,0.07098765432098765
siRNA_478,325,25.96492307692308,38.2,12.972307692307693,0.03076923076923077
siRNA_223,326,26.627607361963193,38.2,13.401840490797547,0.05521472392638037
siRNA_41,327,25.0434250764526,38.2,12.743119266055047,0.09174311926605505
siRNA_215,327,29.129969418960243,38.2,14.470948012232416,0.0030581039755351682
siRNA_165,328,25.850304878048778,38.2,13.829268292682928,0.2621951219512195
siRNA_279,328,25.026219512195123,38.2,12.463414634146341,0.024390243902439025
siRNA_249,329,26.496048632218848,38.2,13.826747720364741,0.17933130699088146
siRNA_222,329,26.597568389057752,38.2,13.358662613981762,0.0486322188449848
siRNA_273,329,25.99817629179331,38.2,12.902735562310031,0.0121580547112462
siRNA_85,329,24.82006079027356,38.2,12.285714285714286,0.0060790273556231
siRNA_176,330,27.32909090909091,38.2,13.72121212121212,0.045454545454545456
siRNA_238,330,26.833333333333332,38.2,13.927272727272728,0.16363636363636364
siRNA_96,330,25.412727272727274,38.2,13.66060606060606,0.27575757575757576
siRNA_379,331,25.38942598187311,38.2,12.574018126888218,0.006042296072507553
siRNA_557,331,26.578851963746224,38.2,13.208459214501511,0.015105740181268883
siRNA_140,331,25.672809667673718,38.2,12.915407854984894,0.054380664652567974
siRNA_177,331,27.36737160120846,38.2,13.791540785498489,0.05740181268882175
siRNA_60,333,25.454954954954953,38.2,12.618618618618619,0.009009009009009009
siRNA_516,333,24.816516516516515,38.2,12.561561561561561,0.07507507507507508
siRNA_361,334,26.994910179640716,38.2,13.646706586826348,0.0688622754491018
siRNA_285,334,25.929041916167662,38.2,13.098802395209582,0.0688622754491018
siRNA_218,335,28.553134328358208,38.2,14.17910447761194,0.0029850746268656717
siRNA_490,336,25.404761904761905,38.2,12.598214285714286,0.008928571428571428
siRNA_139,337,25.61127596439169,38.2,13.163204747774481,0.12462908011869436
siRNA_327,337,25.972106824925817,38.2,13.163204747774481,0.08011869436201781
siRNA_460,337,26.404451038575665,38.2,13.103857566765578,0.008902077151335312
siRNA_280,338,25.82011834319527,38.2,12.837278106508876,0.01775147928994083
siRNA_214,339,28.660766961651916,38.2,14.23598820058997,0.0029498525073746312
siRNA_461,339,26.798525073746315,38.2,13.28023598820059,0.0029498525073746312
siRNA_268,342,26.608479532163745,38.2,13.292397660818713,0.03216374269005848
siRNA_257,342,25.18508771929825,38.2,13.614035087719298,0.29239766081871343
siRNA_267,343,26.572303206997084,38.2,13.259475218658892,0.029154518950437316
siRNA_256,343,25.025947521865888,38.2,13.361516034985423,0.2478134110787172
siRNA_204,344,26.656104651162792,38.2,13.19767441860465,0.0029069767441860465
siRNA_158,344,26.054360465116282,38.2,12.94186046511628,0.014534883720930232
siRNA_184,345,26.784347826086957,38.2,13.515942028985508,0.06376811594202898
siRNA_534,346,24.859826589595375,38.2,12.303468208092486,0.005780346820809248
siRNA_240,346,26.960982658959537,38.2,13.742774566473988,0.09826589595375723
siRNA_530,346,25.75462427745665,38.2,13.898843930635838,0.29190751445086704
siRNA_62,348,24.814080459770118,38.2,12.626436781609195,0.09195402298850575
siRNA_239,349,26.618051575931233,38.2,13.742120343839542,0.14326647564469913
siRNA_374,349,24.491404011461317,38.2,12.131805157593123,0.008595988538681949
siRNA_547,349,24.70945558739255,38.2,12.240687679083095,0.008595988538681949
siRNA_499,350,24.938857142857145,38.2,12.465714285714286,0.03428571428571429
siRNA_203,350,26.596,38.2,13.168571428571429,0.002857142857142857
siRNA_114,351,25.736752136752138,38.2,12.772079772079772,0.011396011396011397
siRNA_296,352,26.285795454545454,38.2,13.193181818181818,0.048295454545454544
siRNA_220,354,27.007344632768362,38.2,14.045197740112995,0.1694915254237288
siRNA_98,356,24.880337078651685,38.2,13.280898876404494,0.24719101123595505
siRNA_248,356,26.44747191011236,38.2,13.646067415730338,0.1404494382022472
siRNA_209,357,25.360784313725492,38.2,12.624649859943977,0.022408963585434174
siRNA_265,358,25.51061452513967,38.2,12.64245810055866,0.008379888268156424
siRNA_398,358,25.272067039106144,38.2,12.522346368715084,0.008379888268156424
siRNA_108,358,25.681005586592182,38.2,13.932960893854748,0.3100558659217877
siRNA_213,359,27.82534818941504,38.2,13.944289693593316,0.03899721448467967
siRNA_275,360,25.156666666666666,38.2,12.475,0.011111111111111112
siRNA_236,360,24.917777777777776,38.2,12.73611111111111,0.10555555555555556
siRNA_210,360,25.379444444444445,38.2,12.833333333333334,0.07222222222222222
siRNA_113,360,25.68777777777778,38.2,12.747222222222222,0.011111111111111112
siRNA_183,362,26.96961325966851,38.2,13.477900552486188,0.03038674033149171
siRNA_469,362,26.24475138121547,38.2,13.748618784530386,0.19060773480662985
siRNA_266,362,25.888674033149172,38.2,12.820441988950277,0.0055248618784530384
siRNA_526,363,25.876859504132234,38.2,13.03581267217631,0.06060606060606061
siRNA_282,363,25.596143250688705,38.2,12.652892561983471,0.0
siRNA_146,363,24.730027548209367,38.2,12.724517906336088,0.12672176308539945
siRNA_148,365,24.793150684931508,38.2,12.372602739726027,0.030136986301369864
siRNA_498,366,24.693442622950823,38.2,12.28688524590164,0.02185792349726776
siRNA_144,367,24.95722070844687,38.2,12.637602179836513,0.07629427792915532
siRNA_473,367,25.950408719346047,38.2,13.362397820163487,0.1307901907356948
siRNA_350,367,24.71798365122616,38.2,12.82016348773842,0.15258855585831063
siRNA_241,368,26.926358695652173,38.2,13.331521739130435,0.0
siRNA_287,369,27.04471544715447,38.2,13.636856368563686,0.05962059620596206
siRNA_208,369,25.335772357723577,38.2,12.620596205962059,0.024390243902439025
siRNA_501,369,25.486178861788616,38.2,12.699186991869919,0.024390243902439025
siRNA_198,370,26.39810810810811,38.2,13.694594594594594,0.15945945945945947
siRNA_200,370,26.683783783783785,38.2,13.213513513513513,0.002702702702702703
siRNA_462,371,27.14177897574124,38.2,13.436657681940702,0.0
siRNA_463,371,27.136388140161728,38.2,13.433962264150944,0.0
siRNA_199,372,26.47822580645161,38.2,13.731182795698924,0.1586021505376344
siRNA_221,372,26.421505376344083,38.2,13.994623655913978,0.23118279569892472
siRNA_295,373,26.596782841823057,38.2,13.219839142091153,0.0160857908847185
siRNA_399,373,25.380697050938338,38.2,12.621983914209116,0.01876675603217158
siRNA_297,373,26.580965147453085,38.2,13.168900804289544,0.005361930294906166
siRNA_472,374,25.96229946524064,38.2,13.192513368983958,0.08823529411764706
siRNA_496,374,24.393582887700536,38.2,12.524064171122994,0.11764705882352941
siRNA_179,374,27.249465240641708,38.2,13.628342245989305,0.03208556149732621
siRNA_157,375,25.953066666666665,38.2,12.874666666666666,0.010666666666666666
siRNA_491,377,25.15729442970822,38.2,12.543766578249336,0.026525198938992044
siRNA_201,379,26.826385224274407,38.2,13.274406332453825,0.0
siRNA_235,380,25.06526315789474,38.2,12.597368421052632,0.05263157894736842
siRNA_187,380,25.540000000000003,38.2,12.894736842105264,0.06578947368421052
siRNA_500,381,25.2498687664042,38.2,12.661417322834646,0.04461942257217848
siRNA_532,381,25.11784776902887,38.2,13.31233595800525,0.22572178477690288
siRNA_156,381,26.164041994750654,38.2,13.223097112860893,0.07086614173228346
siRNA_320,386,25.049481865284974,38.2,12.844559585492227,0.11658031088082901
siRNA_284,389,25.586889460154243,38.2,12.884318766066839,0.05912596401028278
siRNA_497,389,24.595372750642674,38.2,12.606683804627249,0.11311053984575835
siRNA_376,390,24.984102564102567,38.2,12.343589743589744,0.0
siRNA_155,390,26.562307692307694,38.2,13.374358974358975,0.05897435897435897
siRNA_380,392,25.049234693877555,38.2,12.459183673469388,0.02040816326530612
siRNA_178,393,27.12086513994911,38.2,13.564885496183207,0.03307888040712468
siRNA_180,394,27.176395939086294,38.2,13.50507614213198,0.01015228426395939
siRNA_202,396,26.8959595959596,38.2,13.318181818181818,0.0025252525252525255
siRNA_286,396,26.428787878787883,38.2,13.29040404040404,0.05555555555555555
siRNA_375,397,24.448110831234256,38.2,12.075566750629722,0.0
siRNA_61,398,24.85954773869347,38.2,12.381909547738694,0.02512562814070352
siRNA_101,399,24.53182957393484,38.2,12.167919799498748,0.012531328320802004
siRNA_465,400,26.98525,38.2,13.505,0.0375
siRNA_232,400,25.39275,38.2,12.7675,0.055
siRNA_233,402,25.21840796019901,38.2,12.66915422885572,0.05223880597014925
siRNA_377,402,24.992039800995027,38.2,12.35820895522388,0.0024875621890547263
siRNA_464,402,27.029353233830843,38.2,13.378109452736318,0.0
siRNA_105,410,24.630243902439023,38.2,12.214634146341464,0.012195121951219513
siRNA_154,411,26.587104622871045,38.2,13.379562043795621,0.05596107055961071
siRNA_406,411,24.85717761557178,38.2,12.299270072992702,0.004866180048661801
siRNA_107,413,25.194188861985474,38.2,13.426150121065374,0.24455205811138014
siRNA_84,414,24.760628019323672,38.2,12.251207729468598,0.004830917874396135
siRNA_182,415,26.794939759036144,38.2,13.351807228915662,0.021686746987951807
siRNA_153,418,26.428229665071772,38.2,13.074162679425838,0.0
siRNA_247,418,26.682296650717706,38.2,13.330143540669857,0.03110047846889952
siRNA_289,419,28.005250596658712,38.2,14.0381861575179,0.03818615751789976
siRNA_277,421,24.79477434679335,38.2,12.334916864608076,0.021377672209026127
siRNA_276,421,24.842517814726843,38.2,12.624703087885985,0.08788598574821853
siRNA_294,421,26.956294536817104,38.2,13.401425178147269,0.014251781472684086
siRNA_181,422,27.108767772511847,38.2,13.466824644549764,0.009478672985781991
siRNA_109,424,25.452122641509437,38.2,13.794811320754716,0.30424528301886794
siRNA_486,425,25.50258823529412,38.2,12.607058823529412,0.0
siRNA_517,425,24.907764705882357,38.2,12.334117647058823,0.007058823529411765
siRNA_106,425,24.610117647058825,38.2,13.04,0.2211764705882353
siRNA_245,427,27.15526932084309,38.2,13.651053864168619,0.04918032786885246
siRNA_242,429,26.972261072261073,38.2,13.37995337995338,0.004662004662004662
siRNA_290,431,27.97169373549884,38.2,14.016241299303944,0.037122969837587005
siRNA_110,437,25.005949656750573,38.2,13.5720823798627,0.30434782608695654
siRNA_291,437,27.93569794050343,38.2,13.858123569794051,0.002288329519450801
siRNA_292,440,28.136136363636364,38.2,13.954545454545455,0.0
siRNA_466,444,26.787612612612616,38.2,13.623873873873874,0.09234234234234234
siRNA_111,444,25.008333333333336,38.2,12.815315315315315,0.11486486486486487
siRNA_467,445,26.962022471910114,38.2,13.815730337078652,0.11685393258426967
siRNA_485,447,25.272706935123043,38.2,12.492170022371365,0.0
siRNA_402,447,25.188814317673376,38.2,12.736017897091722,0.07158836689038031
siRNA_293,448,27.30513392857143,38.2,13.544642857142858,0.006696428571428571
siRNA_468,449,26.76013363028953,38.2,13.706013363028953,0.11581291759465479
siRNA_112,451,25.188026607538806,38.2,12.509977827050998,0.015521064301552107
siRNA_492,457,25.23150984682713,38.2,12.652078774617069,0.0437636761487965
siRNA_246,457,26.575492341356675,38.2,13.347921225382931,0.04814004376367615
siRNA_143,458,24.98930131004367,38.2,12.395196506550219,0.010917030567685589
siRNA_244,464,27.129310344827587,38.2,13.629310344827585,0.04741379310344827
siRNA_401,467,25.354603854389723,38.2,12.755888650963598,0.055674518201284794
siRNA_243,474,26.770464135021097,38.2,13.356540084388186,0.02531645569620253
siRNA_152,484,25.964462809917357,38.2,13.045454545454545,0.05165289256198347
siRNA_149,492,25.04268292682927,38.2,12.644308943089431,0.06707317073170732
siRNA_150,502,25.235059760956176,38.2,12.735059760956176,0.06573705179282868
siRNA_494,504,24.53174603174603,38.2,12.52579365079365,0.10119047619047619
siRNA_493,513,24.804483430799223,38.2,12.693957115009747,0.10916179337231968
siRNA_495,518,24.363899613899616,38.2,12.391891891891891,0.0888030888030888
