Antisense,Predicted_inhibition,Accessibility_Prob,Start_Position,Sense,Ui-Tei_Norm,Reynolds_Norm,Amarzguioui_Norm,Confidence_Score
AUGAGAAGCCAUCCUGCCA,0.6020016670227051,1.1250435732243977e-06,20,TGGCAGGATGGCTTCTCAT,0.8,0.5833333333333334,0.6,0.6944444444444445
GAUGAGAAGCCAUCCUGCC,0.5860693454742432,9.169281376696896e-24,21,GGCAGGATGGCTTCTCATC,0.8,0.4166666666666667,0.6,0.638888888888889
CGAUGAGAAGCCAUCCUGC,0.5469049215316772,4.329679048331652e-43,22,GCAGGATGGCTTCTCATCG,0.6,0.4166666666666667,0.8,0.5722222222222223
ACGAUGAGAAGCCAUCCUG,0.5488687753677368,5.935080963215526e-41,23,CAGGATGGCTTCTCATCGT,1.0,0.6666666666666666,0.8,0.8555555555555555
GACGAUGAGAAGCCAUCCU,0.5034562945365906,1.3513744218994203e-45,24,AGGATGGCTTCTCATCGTC,0.4,0.5,0.4,0.43333333333333335
AGACGAUGAGAAGCCAUCC,0.5304831862449646,4.990167187772412e-51,25,GGATGGCTTCTCATCGTCT,1.0,0.5833333333333334,0.8,0.8277777777777778
CAGACGAUGAGAAGCCAUC,0.5467311143875122,6.793131874186038e-62,26,GATGGCTTCTCATCGTCTG,0.6,0.5,0.6,0.5666666666666667
GCAGACGAUGAGAAGCCAU,0.4662694036960602,3.88358237376002e-58,27,ATGGCTTCTCATCGTCTGC,0.4,0.4166666666666667,0.2,0.3722222222222223
AGCAGACGAUGAGAAGCCA,0.4755185842514038,5.727245766482226e-59,28,TGGCTTCTCATCGTCTGCT,0.6,0.4166666666666667,0.6,0.5388888888888889
GAGCAGACGAUGAGAAGCC,0.5959054231643677,8.715366802080507e-82,29,GGCTTCTCATCGTCTGCTC,0.6,0.4166666666666667,0.4,0.5055555555555555
GGAGCAGACGAUGAGAAGC,0.5546310544013977,3.08924315254226e-90,30,GCTTCTCATCGTCTGCTCC,0.6,0.25,0.4,0.44999999999999996
AGGAGCAGACGAUGAGAAG,0.4909012019634247,2.675713356399663e-87,31,CTTCTCATCGTCTGCTCCT,0.8,0.5,0.6,0.6666666666666666
GAGGAGCAGACGAUGAGAA,0.4026223123073578,8.928154127504813e-81,32,TTCTCATCGTCTGCTCCTC,0.4,0.4166666666666667,0.4,0.4055555555555556
GGAGGAGCAGACGAUGAGA,0.4096721410751343,3.112727238202711e-74,33,TCTCATCGTCTGCTCCTCC,0.4,0.25,0.2,0.3166666666666667
AGGAGGAGCAGACGAUGAG,0.5045049786567688,9.075401710740991e-68,34,CTCATCGTCTGCTCCTCCT,0.8,0.5,0.6,0.6666666666666666
GAGGAGGAGCAGACGAUGA,0.4586855471134186,2.7235435880307885e-62,35,TCATCGTCTGCTCCTCCTC,0.4,0.4166666666666667,0.2,0.3722222222222223
AGAGGAGGAGCAGACGAUG,0.44406118988990784,1.827482883085395e-58,36,CATCGTCTGCTCCTCCTCT,0.8,0.4166666666666667,0.6,0.638888888888889
CAGAGGAGGAGCAGACGAU,0.43697604537010193,1.713887520936689e-53,37,ATCGTCTGCTCCTCCTCTG,0.4,0.4166666666666667,0.2,0.3722222222222223
GCAGAGGAGGAGCAGACGA,0.47352707386016846,7.489293547319737e-48,38,TCGTCTGCTCCTCCTCTGC,0.4,0.3333333333333333,0.0,0.3111111111111111
GGCAGAGGAGGAGCAGACG,0.4187862277030945,2.7777414864287916e-42,39,CGTCTGCTCCTCCTCTGCC,0.6,0.25,0.2,0.4166666666666667
AGGCAGAGGAGGAGCAGAC,0.47142744064331055,9.1814572644266e-40,40,GTCTGCTCCTCCTCTGCCT,0.8,0.5,0.6,0.6666666666666666
AAGGCAGAGGAGGAGCAGA,0.45146477222442627,4.618426746751689e-34,41,TCTGCTCCTCCTCTGCCTT,0.6,0.4166666666666667,0.4,0.5055555555555555
CAAGGCAGAGGAGGAGCAG,0.36368340253829956,4.672402825856067e-31,42,CTGCTCCTCCTCTGCCTTG,0.6,0.3333333333333333,0.4,0.4777777777777777
GCAAGGCAGAGGAGGAGCA,0.42489704489707947,9.478839699473585e-30,43,TGCTCCTCCTCTGCCTTGC,0.4,0.3333333333333333,0.2,0.3444444444444445
AGCAAGGCAGAGGAGGAGC,0.5123633146286011,7.826673659966148e-33,44,GCTCCTCCTCTGCCTTGCT,0.8,0.5,0.6,0.6666666666666666
CAGCAAGGCAGAGGAGGAG,0.42796772718429565,1.0028369698427513e-29,45,CTCCTCCTCTGCCTTGCTG,0.6,0.4166666666666667,0.4,0.5055555555555555
CCAGCAAGGCAGAGGAGGA,0.3826005160808563,8.397269215657505e-28,46,TCCTCCTCTGCCTTGCTGG,0.4,0.25,0.0,0.2833333333333334
UCCAGCAAGGCAGAGGAGG,0.5039179921150208,9.335542570304361e-27,47,CCTCCTCTGCCTTGCTGGA,0.8,0.5,0.6,0.6666666666666666
GUCCAGCAAGGCAGAGGAG,0.42790740728378296,2.8068868066242143e-24,48,CTCCTCTGCCTTGCTGGAC,0.6,0.25,0.4,0.44999999999999996
AGUCCAGCAAGGCAGAGGA,0.5026938915252686,1.9043499628246612e-22,49,TCCTCTGCCTTGCTGGACT,0.6,0.5,0.6,0.5666666666666667
CAGUCCAGCAAGGCAGAGG,0.5207105278968811,7.2410558647080615e-22,50,CCTCTGCCTTGCTGGACTG,0.6,0.4166666666666667,0.4,0.5055555555555555
CCAGUCCAGCAAGGCAGAG,0.3807563781738281,1.8306965881188125e-20,51,CTCTGCCTTGCTGGACTGG,0.6,0.25,0.2,0.4166666666666667
ACCAGUCCAGCAAGGCAGA,0.5661747455596924,2.4016889594683177e-19,52,TCTGCCTTGCTGGACTGGT,0.6,0.3333333333333333,0.4,0.4777777777777777
UACCAGUCCAGCAAGGCAG,0.6629568934440613,1.1477243713358524e-19,53,CTGCCTTGCTGGACTGGTA,1.0,0.6666666666666666,0.8,0.8555555555555555
AUACCAGUCCAGCAAGGCA,0.5698146820068359,5.71861725439526e-18,54,TGCCTTGCTGGACTGGTAT,0.8,0.5833333333333334,0.6,0.6944444444444445
AAUACCAGUCCAGCAAGGC,0.5724939107894897,8.662080372753432e-32,55,GCCTTGCTGGACTGGTATT,1.0,0.6666666666666666,0.8,0.8555555555555555
AAAUACCAGUCCAGCAAGG,0.537967324256897,3.0008670050991324e-33,56,CCTTGCTGGACTGGTATTT,1.0,0.6666666666666666,0.8,0.8555555555555555
CAAAUACCAGUCCAGCAAG,0.4706229865550995,4.136497748724973e-31,57,CTTGCTGGACTGGTATTTG,0.8,0.5,0.6,0.6666666666666666
ACAAAUACCAGUCCAGCAA,0.5367258787155151,2.6978924541133935e-28,58,TTGCTGGACTGGTATTTGT,0.8,0.75,0.6,0.75
CACAAAUACCAGUCCAGCA,0.5676304697990417,1.1206627280379085e-25,59,TGCTGGACTGGTATTTGTG,0.6,0.5,0.4,0.5333333333333333
ACACAAAUACCAGUCCAGC,0.6337825059890747,1.8149010255141175e-35,60,GCTGGACTGGTATTTGTGT,1.0,0.5833333333333334,1.0,0.8611111111111112
GACACAAAUACCAGUCCAG,0.5483677387237549,4.146633332367403e-33,61,CTGGACTGGTATTTGTGTC,0.8,0.5,0.6,0.6666666666666666
AGACACAAAUACCAGUCCA,0.5778117775917053,3.209317876743934e-31,62,TGGACTGGTATTTGTGTCT,0.8,0.5833333333333334,0.6,0.6944444444444445
CAGACACAAAUACCAGUCC,0.5551950335502625,2.4045702674866e-45,63,GGACTGGTATTTGTGTCTG,0.6,0.5,0.6,0.5666666666666667
UCAGACACAAAUACCAGUC,0.69866544008255,1.143776584897004e-44,64,GACTGGTATTTGTGTCTGA,1.0,0.75,0.8,0.8833333333333333
CUCAGACACAAAUACCAGU,0.4817892611026764,3.739908520549148e-52,65,ACTGGTATTTGTGTCTGAG,0.4,0.4166666666666667,0.2,0.3722222222222223
CCUCAGACACAAAUACCAG,0.47742459177970886,1.0956715408515274e-50,66,CTGGTATTTGTGTCTGAGG,0.6,0.4166666666666667,0.6,0.5388888888888889
GCCUCAGACACAAAUACCA,0.5231860876083374,5.082279212155547e-47,67,TGGTATTTGTGTCTGAGGC,0.4,0.4166666666666667,0.2,0.3722222222222223
AGCCUCAGACACAAAUACC,0.6186527013778687,8.920880668637002e-49,68,GGTATTTGTGTCTGAGGCT,0.8,0.5,0.6,0.6666666666666666
CAGCCUCAGACACAAAUAC,0.5230876207351685,2.356168788685437e-45,69,GTATTTGTGTCTGAGGCTG,0.6,0.4166666666666667,0.4,0.5055555555555555
CCAGCCUCAGACACAAAUA,0.29286906123161316,3.722785051426673e-44,70,TATTTGTGTCTGAGGCTGG,0.4,0.3333333333333333,0.2,0.3444444444444445
GCCAGCCUCAGACACAAAU,0.34882256388664246,2.0140618566358538e-42,71,ATTTGTGTCTGAGGCTGGC,0.4,0.3333333333333333,0.2,0.3444444444444445
GGCCAGCCUCAGACACAAA,0.35284191370010376,1.1387146274516884e-38,72,TTTGTGTCTGAGGCTGGCC,0.4,0.16666666666666666,0.2,0.2888888888888889
GGGCCAGCCUCAGACACAA,0.3468436896800995,4.278956234265582e-35,73,TTGTGTCTGAGGCTGGCCC,0.4,0.16666666666666666,0.0,0.2555555555555556
AGGGCCAGCCUCAGACACA,0.4522889256477356,2.193945391966921e-31,74,TGTGTCTGAGGCTGGCCCT,0.6,0.3333333333333333,0.2,0.4444444444444444
UAGGGCCAGCCUCAGACAC,0.48102375864982605,1.0482927908873538e-35,75,GTGTCTGAGGCTGGCCCTA,0.8,0.4166666666666667,0.4,0.6055555555555556
GUAGGGCCAGCCUCAGACA,0.3852252960205078,3.1450354704454387e-32,76,TGTCTGAGGCTGGCCCTAC,0.4,0.25,0.0,0.2833333333333334
CGUAGGGCCAGCCUCAGAC,0.5263503789901733,2.5913136505802853e-46,77,GTCTGAGGCTGGCCCTACG,0.6,0.4166666666666667,0.4,0.5055555555555555
CCGUAGGGCCAGCCUCAGA,0.4036272168159485,2.933967344638383e-44,78,TCTGAGGCTGGCCCTACGG,0.4,0.3333333333333333,0.0,0.3111111111111111
CCCGUAGGGCCAGCCUCAG,0.2949349880218506,3.599666689043428e-42,79,CTGAGGCTGGCCCTACGGG,0.6,0.25,0.2,0.4166666666666667
GCCCGUAGGGCCAGCCUCA,0.3486920893192291,4.445543760650801e-40,80,TGAGGCTGGCCCTACGGGC,0.4,0.25,0.0,0.2833333333333334
UGCCCGUAGGGCCAGCCUC,0.4856835603713989,2.3838407017541296e-41,81,GAGGCTGGCCCTACGGGCA,0.8,0.4166666666666667,0.6,0.638888888888889
GUGCCCGUAGGGCCAGCCU,0.3226231634616852,1.2005552483477503e-41,82,AGGCTGGCCCTACGGGCAC,0.4,0.25,0.2,0.3166666666666667
GGUGCCCGUAGGGCCAGCC,0.3715670704841614,3.3433714998295684e-46,83,GGCTGGCCCTACGGGCACC,0.6,0.25,0.4,0.44999999999999996
CGGUGCCCGUAGGGCCAGC,0.3489716947078705,1.6541736578649976e-58,84,GCTGGCCCTACGGGCACCG,0.6,0.16666666666666666,0.2,0.3888888888888889
CCGGUGCCCGUAGGGCCAG,0.3158492147922516,1.32375246164452e-57,85,CTGGCCCTACGGGCACCGG,0.6,0.16666666666666666,0.2,0.3888888888888889
ACCGGUGCCCGUAGGGCCA,0.47954052686691284,7.437389387954379e-53,86,TGGCCCTACGGGCACCGGT,0.6,0.3333333333333333,0.2,0.4444444444444444
CACCGGUGCCCGUAGGGCC,0.37910589575767517,2.808932420297497e-50,87,GGCCCTACGGGCACCGGTG,0.6,0.25,0.2,0.4166666666666667
UCACCGGUGCCCGUAGGGC,0.44668278098106384,9.637161781558596e-57,88,GCCCTACGGGCACCGGTGA,0.8,0.5,0.8,0.7000000000000001
UUCACCGGUGCCCGUAGGG,0.4845728874206543,6.12892878604976e-53,89,CCCTACGGGCACCGGTGAA,0.8,0.5833333333333334,0.6,0.6944444444444445
AUUCACCGGUGCCCGUAGG,0.4384271502494812,1.8402174765371492e-53,90,CCTACGGGCACCGGTGAAT,1.0,0.5,0.6,0.7666666666666666
GAUUCACCGGUGCCCGUAG,0.4392731487751007,1.5567638818700383e-50,91,CTACGGGCACCGGTGAATC,0.8,0.4166666666666667,0.4,0.6055555555555556
GGAUUCACCGGUGCCCGUA,0.48306694626808167,3.8974825841912664e-47,92,TACGGGCACCGGTGAATCC,0.6,0.4166666666666667,0.2,0.47222222222222227
UGGAUUCACCGGUGCCCGU,0.541612446308136,4.0253614003577935e-43,93,ACGGGCACCGGTGAATCCA,0.8,0.5,0.4,0.6333333333333334
UUGGAUUCACCGGUGCCCG,0.5477213263511658,1.0410188203860012e-39,94,CGGGCACCGGTGAATCCAA,1.0,0.5833333333333334,0.8,0.8277777777777778
CUUGGAUUCACCGGUGCCC,0.4601999819278717,1.333839862671573e-64,95,GGGCACCGGTGAATCCAAG,0.8,0.4166666666666667,0.4,0.6055555555555556
ACUUGGAUUCACCGGUGCC,0.5494257211685181,1.4251263393631916e-73,96,GGCACCGGTGAATCCAAGT,1.0,0.5,0.8,0.7999999999999999
CACUUGGAUUCACCGGUGC,0.4762186110019684,3.1158083655935865e-87,97,GCACCGGTGAATCCAAGTG,0.6,0.5,0.6,0.5666666666666667
ACACUUGGAUUCACCGGUG,0.5482144951820374,5.077500696724566e-93,98,CACCGGTGAATCCAAGTGT,1.0,0.5833333333333334,0.8,0.8277777777777778
GACACUUGGAUUCACCGGU,0.5662860870361328,1.0818782590794833e-87,99,ACCGGTGAATCCAAGTGTC,0.6,0.5,0.4,0.5333333333333333
GGACACUUGGAUUCACCGG,0.45862048864364624,7.175711432770207e-86,100,CCGGTGAATCCAAGTGTCC,0.6,0.3333333333333333,0.4,0.4777777777777777
AGGACACUUGGAUUCACCG,0.6594347953796387,5.022521462751732e-80,101,CGGTGAATCCAAGTGTCCT,0.8,0.4166666666666667,1.0,0.7055555555555557
GAGGACACUUGGAUUCACC,0.6350418329238892,3.0261525046142097e-81,102,GGTGAATCCAAGTGTCCTC,0.6,0.4166666666666667,0.8,0.5722222222222223
AGAGGACACUUGGAUUCAC,0.583568274974823,8.822127671950024e-78,103,GTGAATCCAAGTGTCCTCT,0.8,0.4166666666666667,0.6,0.638888888888889
CAGAGGACACUUGGAUUCA,0.4232807159423828,4.796875899982112e-73,104,TGAATCCAAGTGTCCTCTG,0.4,0.5,0.2,0.4000000000000001
UCAGAGGACACUUGGAUUC,0.7082564234733582,1.4025741002008663e-68,105,GAATCCAAGTGTCCTCTGA,0.8,0.8333333333333334,0.6,0.7777777777777778
AUCAGAGGACACUUGGAUU,0.619128406047821,2.3994265640116396e-62,106,AATCCAAGTGTCCTCTGAT,0.8,0.5833333333333334,0.6,0.6944444444444445
CAUCAGAGGACACUUGGAU,0.4854401648044586,1.5439386931295896e-56,107,ATCCAAGTGTCCTCTGATG,0.6,0.5833333333333334,0.4,0.5611111111111111
CCAUCAGAGGACACUUGGA,0.5015807747840881,4.478807841301495e-51,108,TCCAAGTGTCCTCTGATGG,0.4,0.4166666666666667,0.2,0.3722222222222223
ACCAUCAGAGGACACUUGG,0.6287087202072144,1.4795678981006835e-48,109,CCAAGTGTCCTCTGATGGT,1.0,0.6666666666666666,0.8,0.8555555555555555
GACCAUCAGAGGACACUUG,0.5552994012832642,9.265865780919768e-44,110,CAAGTGTCCTCTGATGGTC,0.6,0.5,0.6,0.5666666666666667
UGACCAUCAGAGGACACUU,0.6262490749359131,6.020663346938361e-38,111,AAGTGTCCTCTGATGGTCA,0.8,0.5833333333333334,0.4,0.6611111111111112
UUGACCAUCAGAGGACACU,0.6846948266029358,5.204951204824458e-33,112,AGTGTCCTCTGATGGTCAA,0.8,0.75,0.6,0.75
UUUGACCAUCAGAGGACAC,0.6576416492462158,6.755106388470568e-29,113,GTGTCCTCTGATGGTCAAA,1.0,0.6666666666666666,0.8,0.8555555555555555
CUUUGACCAUCAGAGGACA,0.4140903055667877,2.86953026339062e-32,114,TGTCCTCTGATGGTCAAAG,0.6,0.4166666666666667,0.4,0.5055555555555555
ACUUUGACCAUCAGAGGAC,0.6345025897026062,1.467791005842534e-33,115,GTCCTCTGATGGTCAAAGT,1.0,0.75,0.8,0.8833333333333333
AACUUUGACCAUCAGAGGA,0.6433867812156677,2.6034043703675798e-30,116,TCCTCTGATGGTCAAAGTT,0.8,0.6666666666666666,0.6,0.7222222222222222
GAACUUUGACCAUCAGAGG,0.5539534687995911,5.304278163186384e-35,117,CCTCTGATGGTCAAAGTTC,0.8,0.5,0.6,0.6666666666666666
AGAACUUUGACCAUCAGAG,0.7147783041000366,3.508165262194508e-42,118,CTCTGATGGTCAAAGTTCT,1.0,0.6666666666666666,1.0,0.8888888888888888
UAGAACUUUGACCAUCAGA,0.690588653087616,8.742693091456711e-42,119,TCTGATGGTCAAAGTTCTA,0.8,0.75,0.6,0.75
CUAGAACUUUGACCAUCAG,0.5148364901542664,3.3954852172072643e-41,120,CTGATGGTCAAAGTTCTAG,0.8,0.4166666666666667,0.6,0.638888888888889
UCUAGAACUUUGACCAUCA,0.6872121691703796,2.575837425294087e-38,121,TGATGGTCAAAGTTCTAGA,0.8,0.75,0.6,0.75
AUCUAGAACUUUGACCAUC,0.684141993522644,3.9649016868494815e-38,122,GATGGTCAAAGTTCTAGAT,1.0,0.6666666666666666,0.8,0.8555555555555555
CAUCUAGAACUUUGACCAU,0.42490091919898987,1.6071540168083775e-35,123,ATGGTCAAAGTTCTAGATG,0.6,0.5,0.2,0.5
GCAUCUAGAACUUUGACCA,0.585452139377594,2.3707014960140612e-35,124,TGGTCAAAGTTCTAGATGC,0.6,0.5,0.6,0.5666666666666667
AGCAUCUAGAACUUUGACC,0.6886088848114014,6.854250874139748e-49,125,GGTCAAAGTTCTAGATGCT,1.0,0.6666666666666666,1.0,0.8888888888888888
CAGCAUCUAGAACUUUGAC,0.5289168357849121,7.851978160022738e-48,126,GTCAAAGTTCTAGATGCTG,0.6,0.3333333333333333,0.6,0.5111111111111111
ACAGCAUCUAGAACUUUGA,0.6428203582763672,2.4789064549164575e-45,127,TCAAAGTTCTAGATGCTGT,0.8,0.6666666666666666,0.4,0.688888888888889
GACAGCAUCUAGAACUUUG,0.5482490062713623,4.701822270160939e-43,128,CAAAGTTCTAGATGCTGTC,0.6,0.5,0.4,0.5333333333333333
GGACAGCAUCUAGAACUUU,0.4371502101421356,6.275236091941144e-40,129,AAAGTTCTAGATGCTGTCC,0.4,0.4166666666666667,0.2,0.3722222222222223
CGGACAGCAUCUAGAACUU,0.45588427782058716,1.157355210279767e-36,130,AAGTTCTAGATGCTGTCCG,0.4,0.3333333333333333,0.2,0.3444444444444445
UCGGACAGCAUCUAGAACU,0.7736790180206299,2.923628824797509e-34,131,AGTTCTAGATGCTGTCCGA,0.6,0.6666666666666666,0.4,0.5888888888888888
CUCGGACAGCAUCUAGAAC,0.580481231212616,6.748775117344855e-32,132,GTTCTAGATGCTGTCCGAG,0.6,0.25,0.6,0.48333333333333334
CCUCGGACAGCAUCUAGAA,0.37026354670524597,9.66628556089135e-29,133,TTCTAGATGCTGTCCGAGG,0.4,0.3333333333333333,0.2,0.3444444444444445
GCCUCGGACAGCAUCUAGA,0.45945385098457336,1.3597955765166307e-26,134,TCTAGATGCTGTCCGAGGC,0.4,0.3333333333333333,0.4,0.37777777777777777
UGCCUCGGACAGCAUCUAG,0.5468774437904358,8.929333161995334e-24,135,CTAGATGCTGTCCGAGGCA,0.8,0.5833333333333334,0.6,0.6944444444444445
CUGCCUCGGACAGCAUCUA,0.35782086849212646,6.821256053153263e-21,136,TAGATGCTGTCCGAGGCAG,0.4,0.25,0.2,0.3166666666666667
ACUGCCUCGGACAGCAUCU,0.6641049385070801,3.3126908858642764e-19,137,AGATGCTGTCCGAGGCAGT,0.6,0.5,0.4,0.5333333333333333
GACUGCCUCGGACAGCAUC,0.5797809958457947,1.411055240838344e-19,138,GATGCTGTCCGAGGCAGTC,0.6,0.25,0.2,0.4166666666666667
GGACUGCCUCGGACAGCAU,0.4139399826526642,7.53554971813764e-18,139,ATGCTGTCCGAGGCAGTCC,0.4,0.25,0.0,0.2833333333333334
AGGACUGCCUCGGACAGCA,0.5117551684379578,8.26054332895259e-18,140,TGCTGTCCGAGGCAGTCCT,0.6,0.4166666666666667,0.4,0.5055555555555555
CAGGACUGCCUCGGACAGC,0.40704014897346497,3.7171741068647314e-30,141,GCTGTCCGAGGCAGTCCTG,0.6,0.3333333333333333,0.2,0.4444444444444444
GCAGGACUGCCUCGGACAG,0.3606489300727844,3.748242805952892e-35,142,CTGTCCGAGGCAGTCCTGC,0.6,0.16666666666666666,0.2,0.3888888888888889
GGCAGGACUGCCUCGGACA,0.39997512102127075,9.643426641726936e-37,143,TGTCCGAGGCAGTCCTGCC,0.4,0.25,0.0,0.2833333333333334
UGGCAGGACUGCCUCGGAC,0.5452437400817871,4.4618931375026393e-36,144,GTCCGAGGCAGTCCTGCCA,0.8,0.5,0.8,0.7000000000000001
AUGGCAGGACUGCCUCGGA,0.38913074135780334,1.4941003633305535e-34,145,TCCGAGGCAGTCCTGCCAT,0.6,0.4166666666666667,0.4,0.5055555555555555
GAUGGCAGGACUGCCUCGG,0.3569268584251404,4.934710831113157e-34,146,CCGAGGCAGTCCTGCCATC,0.6,0.4166666666666667,0.4,0.5055555555555555
UGAUGGCAGGACUGCCUCG,0.4951207935810089,1.666965237011659e-32,147,CGAGGCAGTCCTGCCATCA,0.8,0.5833333333333334,0.6,0.6944444444444445
UUGAUGGCAGGACUGCCUC,0.665034294128418,1.240823385494942e-36,148,GAGGCAGTCCTGCCATCAA,1.0,0.6666666666666666,1.0,0.8888888888888888
AUUGAUGGCAGGACUGCCU,0.5728086233139038,9.504358248708184e-37,149,AGGCAGTCCTGCCATCAAT,0.8,0.75,0.6,0.75
CAUUGAUGGCAGGACUGCC,0.44980791211128235,1.342287651325381e-51,150,GGCAGTCCTGCCATCAATG,0.8,0.4166666666666667,0.6,0.638888888888889
ACAUUGAUGGCAGGACUGC,0.5199415683746338,2.2124527758382097e-66,151,GCAGTCCTGCCATCAATGT,1.0,0.75,0.8,0.8833333333333333
CACAUUGAUGGCAGGACUG,0.4788237512111664,1.5980581396830016e-67,152,CAGTCCTGCCATCAATGTG,0.8,0.5,0.6,0.6666666666666666
CCACAUUGAUGGCAGGACU,0.4708239436149597,8.326894827992486e-64,153,AGTCCTGCCATCAATGTGG,0.6,0.4166666666666667,0.4,0.5055555555555555
GCCACAUUGAUGGCAGGAC,0.4224960207939148,2.419525062030685e-67,154,GTCCTGCCATCAATGTGGC,0.6,0.3333333333333333,0.6,0.5111111111111111
GGCCACAUUGAUGGCAGGA,0.37304115295410156,6.664109997589371e-63,155,TCCTGCCATCAATGTGGCC,0.4,0.25,0.2,0.3166666666666667
CGGCCACAUUGAUGGCAGG,0.3713712692260742,1.6330042987162598e-58,156,CCTGCCATCAATGTGGCCG,0.6,0.08333333333333333,0.4,0.39444444444444443
ACGGCCACAUUGAUGGCAG,0.4954841434955597,3.2231312189450554e-56,157,CTGCCATCAATGTGGCCGT,0.8,0.3333333333333333,0.8,0.6444444444444445
CACGGCCACAUUGAUGGCA,0.3911427855491638,9.291699490839545e-53,158,TGCCATCAATGTGGCCGTG,0.4,0.25,0.2,0.3166666666666667
GCACGGCCACAUUGAUGGC,0.4037843942642212,6.966237941945535e-67,159,GCCATCAATGTGGCCGTGC,0.6,0.16666666666666666,0.2,0.3888888888888889
UGCACGGCCACAUUGAUGG,0.6247376203536987,2.977921307561631e-65,160,CCATCAATGTGGCCGTGCA,0.8,0.6666666666666666,0.8,0.7555555555555555
AUGCACGGCCACAUUGAUG,0.5052851438522339,9.932520932022713e-63,161,CATCAATGTGGCCGTGCAT,0.8,0.5833333333333334,0.8,0.7277777777777779
CAUGCACGGCCACAUUGAU,0.40392664074897766,2.3322169662659245e-60,162,ATCAATGTGGCCGTGCATG,0.4,0.3333333333333333,0.2,0.3444444444444445
ACAUGCACGGCCACAUUGA,0.4524519741535187,6.926597362983832e-58,163,TCAATGTGGCCGTGCATGT,0.8,0.6666666666666666,0.4,0.688888888888889
CACAUGCACGGCCACAUUG,0.5541746020317078,5.504192918342105e-55,164,CAATGTGGCCGTGCATGTG,0.6,0.4166666666666667,0.4,0.5055555555555555
ACACAUGCACGGCCACAUU,0.5179983377456665,1.7106571017836566e-49,165,AATGTGGCCGTGCATGTGT,0.8,0.5833333333333334,0.6,0.6944444444444445
AACACAUGCACGGCCACAU,0.6168279051780701,9.065460267319654e-45,166,ATGTGGCCGTGCATGTGTT,0.8,0.6666666666666666,0.6,0.7222222222222222
GAACACAUGCACGGCCACA,0.49614086747169495,5.180560362725227e-40,167,TGTGGCCGTGCATGTGTTC,0.6,0.4166666666666667,0.4,0.5055555555555555
UGAACACAUGCACGGCCAC,0.5410193204879761,3.669983894258634e-46,168,GTGGCCGTGCATGTGTTCA,1.0,0.5,0.8,0.7999999999999999
CUGAACACAUGCACGGCCA,0.5591894388198853,2.1017154321224796e-45,169,TGGCCGTGCATGTGTTCAG,0.6,0.4166666666666667,0.4,0.5055555555555555
UCUGAACACAUGCACGGCC,0.5747292041778564,9.190766087561837e-52,170,GGCCGTGCATGTGTTCAGA,1.0,0.5833333333333334,0.8,0.8277777777777778
UUCUGAACACAUGCACGGC,0.5006891489028931,4.802791586730842e-57,171,GCCGTGCATGTGTTCAGAA,1.0,0.6666666666666666,0.8,0.8555555555555555
UUUCUGAACACAUGCACGG,0.6446484923362732,1.0190545308412e-61,172,CCGTGCATGTGTTCAGAAA,1.0,0.8333333333333334,0.8,0.9111111111111111
CUUUCUGAACACAUGCACG,0.6258047819137573,8.436406005263486e-59,173,CGTGCATGTGTTCAGAAAG,0.8,0.5,0.8,0.7000000000000001
CCUUUCUGAACACAUGCAC,0.5502936244010925,7.112785115038951e-56,174,GTGCATGTGTTCAGAAAGG,0.8,0.5833333333333334,0.6,0.6944444444444445
GCCUUUCUGAACACAUGCA,0.4807615280151367,1.7584879145321288e-53,175,TGCATGTGTTCAGAAAGGC,0.4,0.4166666666666667,0.2,0.3722222222222223
AGCCUUUCUGAACACAUGC,0.6754639148712158,1.24385080548698e-50,176,GCATGTGTTCAGAAAGGCT,1.0,0.5833333333333334,0.6,0.7944444444444444
CAGCCUUUCUGAACACAUG,0.60163813829422,2.019839780813496e-49,177,CATGTGTTCAGAAAGGCTG,0.6,0.3333333333333333,0.4,0.4777777777777777
GCAGCCUUUCUGAACACAU,0.39430683851242065,3.774800598204011e-45,178,ATGTGTTCAGAAAGGCTGC,0.4,0.3333333333333333,0.2,0.3444444444444445
AGCAGCCUUUCUGAACACA,0.5810654163360596,5.554767794683843e-44,179,TGTGTTCAGAAAGGCTGCT,0.6,0.4166666666666667,0.4,0.5055555555555555
CAGCAGCCUUUCUGAACAC,0.5510839223861694,4.598743607739288e-45,180,GTGTTCAGAAAGGCTGCTG,0.6,0.3333333333333333,0.4,0.4777777777777777
UCAGCAGCCUUUCUGAACA,0.7575181126594543,1.4990482889851878e-41,181,TGTTCAGAAAGGCTGCTGA,0.6,0.5833333333333334,0.6,0.5944444444444444
AUCAGCAGCCUUUCUGAAC,0.6229082345962524,1.846384290445004e-38,182,GTTCAGAAAGGCTGCTGAT,1.0,0.5833333333333334,0.6,0.7944444444444444
CAUCAGCAGCCUUUCUGAA,0.36279410123825073,3.897386589339496e-35,183,TTCAGAAAGGCTGCTGATG,0.4,0.4166666666666667,0.4,0.4055555555555556
UCAUCAGCAGCCUUUCUGA,0.6081222891807556,4.4152317573970097e-32,184,TCAGAAAGGCTGCTGATGA,0.8,0.75,0.6,0.75
GUCAUCAGCAGCCUUUCUG,0.6155491471290588,1.4652359046019459e-31,185,CAGAAAGGCTGCTGATGAC,0.8,0.5833333333333334,0.8,0.7277777777777779
UGUCAUCAGCAGCCUUUCU,0.5461047887802124,1.3284189201178155e-28,186,AGAAAGGCTGCTGATGACA,0.8,0.6666666666666666,0.4,0.688888888888889
GUGUCAUCAGCAGCCUUUC,0.5915609002113342,8.832671961670471e-27,187,GAAAGGCTGCTGATGACAC,0.8,0.5,0.6,0.6666666666666666
GGUGUCAUCAGCAGCCUUU,0.3676478862762451,1.5602091829030164e-24,188,AAAGGCTGCTGATGACACC,0.4,0.5833333333333334,0.4,0.4611111111111112
AGGUGUCAUCAGCAGCCUU,0.5031769275665283,6.431014448840429e-22,189,AAGGCTGCTGATGACACCT,0.6,0.4166666666666667,0.6,0.5388888888888889
CAGGUGUCAUCAGCAGCCU,0.48719921708106995,1.5163788754144833e-19,190,AGGCTGCTGATGACACCTG,0.4,0.3333333333333333,0.4,0.37777777777777777
CCAGGUGUCAUCAGCAGCC,0.5720188021659851,8.547835848056956e-30,191,GGCTGCTGATGACACCTGG,0.6,0.3333333333333333,0.4,0.4777777777777777
CCCAGGUGUCAUCAGCAGC,0.5474593639373779,2.2494147770497396e-30,192,GCTGCTGATGACACCTGGG,0.6,0.25,0.2,0.4166666666666667
UCCCAGGUGUCAUCAGCAG,0.4748886525630951,1.1747174192509185e-31,193,CTGCTGATGACACCTGGGA,0.8,0.5,0.6,0.6666666666666666
CUCCCAGGUGUCAUCAGCA,0.46790769696235657,9.580909199700219e-32,194,TGCTGATGACACCTGGGAG,0.4,0.25,0.4,0.35000000000000003
GCUCCCAGGUGUCAUCAGC,0.49423831701278687,3.8025267179507886e-33,195,GCTGATGACACCTGGGAGC,0.6,0.25,0.2,0.4166666666666667
GGCUCCCAGGUGUCAUCAG,0.4470652937889099,1.1473815900568941e-52,196,CTGATGACACCTGGGAGCC,0.6,0.16666666666666666,0.2,0.3888888888888889
UGGCUCCCAGGUGUCAUCA,0.5161065459251404,1.9421126386397484e-53,197,TGATGACACCTGGGAGCCA,0.6,0.5,0.6,0.5666666666666667
AUGGCUCCCAGGUGUCAUC,0.6710942387580872,6.667317020633981e-52,198,GATGACACCTGGGAGCCAT,0.8,0.4166666666666667,0.6,0.638888888888889
AAUGGCUCCCAGGUGUCAU,0.5082491636276245,7.100177122541314e-50,199,ATGACACCTGGGAGCCATT,0.8,0.5833333333333334,0.6,0.6944444444444445
AAAUGGCUCCCAGGUGUCA,0.46850523352622986,5.9985851488105075e-49,200,TGACACCTGGGAGCCATTT,0.8,0.6666666666666666,0.6,0.7222222222222222
CAAAUGGCUCCCAGGUGUC,0.4898741543292999,1.3339005846508332e-47,201,GACACCTGGGAGCCATTTG,0.8,0.5,0.6,0.6666666666666666
GCAAAUGGCUCCCAGGUGU,0.4052853584289551,1.8342676960632512e-44,202,ACACCTGGGAGCCATTTGC,0.6,0.5,0.4,0.5333333333333333
GGCAAAUGGCUCCCAGGUG,0.4090001583099365,7.251099703330145e-41,203,CACCTGGGAGCCATTTGCC,0.8,0.3333333333333333,0.4,0.5777777777777778
AGGCAAAUGGCUCCCAGGU,0.4412226378917694,6.833816978935652e-37,204,ACCTGGGAGCCATTTGCCT,0.8,0.4166666666666667,0.6,0.638888888888889
GAGGCAAAUGGCUCCCAGG,0.4211124777793884,2.0525467950025643e-39,205,CCTGGGAGCCATTTGCCTC,0.6,0.25,0.4,0.44999999999999996
AGAGGCAAAUGGCUCCCAG,0.47029927372932434,1.0257551849741749e-43,206,CTGGGAGCCATTTGCCTCT,0.8,0.4166666666666667,1.0,0.7055555555555557
CAGAGGCAAAUGGCUCCCA,0.3685790002346039,1.0088059652354703e-44,207,TGGGAGCCATTTGCCTCTG,0.4,0.3333333333333333,0.4,0.37777777777777777
CCAGAGGCAAAUGGCUCCC,0.43535301089286804,2.914111902381275e-49,208,GGGAGCCATTTGCCTCTGG,0.6,0.4166666666666667,0.4,0.5055555555555555
CCCAGAGGCAAAUGGCUCC,0.4845258593559265,5.915277253228032e-50,209,GGAGCCATTTGCCTCTGGG,0.6,0.4166666666666667,0.2,0.47222222222222227
UCCCAGAGGCAAAUGGCUC,0.5529499650001526,2.2044907058434985e-46,210,GAGCCATTTGCCTCTGGGA,0.8,0.5,0.8,0.7000000000000001
UUCCCAGAGGCAAAUGGCU,0.4997306764125824,4.8706881578204294e-45,211,AGCCATTTGCCTCTGGGAA,0.6,0.5833333333333334,0.4,0.5611111111111111
UUUCCCAGAGGCAAAUGGC,0.5550862550735474,6.595496349145802e-44,212,GCCATTTGCCTCTGGGAAA,1.0,0.6666666666666666,0.8,0.8555555555555555
UUUUCCCAGAGGCAAAUGG,0.5720643997192383,1.70649399078686e-49,213,CCATTTGCCTCTGGGAAAA,1.0,0.75,0.8,0.8833333333333333
GUUUUCCCAGAGGCAAAUG,0.4343382716178894,1.7070336183650162e-48,214,CATTTGCCTCTGGGAAAAC,0.8,0.4166666666666667,0.4,0.6055555555555556
GGUUUUCCCAGAGGCAAAU,0.3664528727531433,1.1711348940327687e-44,215,ATTTGCCTCTGGGAAAACC,0.6,0.4166666666666667,0.2,0.47222222222222227
UGGUUUUCCCAGAGGCAAA,0.5308552384376526,1.017481691830258e-41,216,TTTGCCTCTGGGAAAACCA,0.8,0.5833333333333334,0.4,0.6611111111111112
CUGGUUUUCCCAGAGGCAA,0.417564332485199,1.407939934083329e-38,217,TTGCCTCTGGGAAAACCAG,0.6,0.3333333333333333,0.4,0.4777777777777777
ACUGGUUUUCCCAGAGGCA,0.4213268756866455,1.4057911632620057e-35,218,TGCCTCTGGGAAAACCAGT,0.8,0.4166666666666667,0.6,0.638888888888889
CACUGGUUUUCCCAGAGGC,0.43210214376449585,5.047341002016793e-38,219,GCCTCTGGGAAAACCAGTG,0.6,0.25,0.6,0.48333333333333334
UCACUGGUUUUCCCAGAGG,0.44287505745887756,2.268160863781821e-36,220,CCTCTGGGAAAACCAGTGA,0.8,0.5833333333333334,0.8,0.7277777777777779
CUCACUGGUUUUCCCAGAG,0.439157634973526,2.648561891172189e-41,221,CTCTGGGAAAACCAGTGAG,0.6,0.3333333333333333,0.6,0.5111111111111111
ACUCACUGGUUUUCCCAGA,0.4105725884437561,9.408113396459854e-39,222,TCTGGGAAAACCAGTGAGT,0.8,0.5,0.4,0.6333333333333334
GACUCACUGGUUUUCCCAG,0.5087475776672363,1.6611092833793369e-43,223,CTGGGAAAACCAGTGAGTC,0.6,0.25,0.6,0.48333333333333334
AGACUCACUGGUUUUCCCA,0.6326206922531128,1.2180209717593298e-49,224,TGGGAAAACCAGTGAGTCT,0.8,0.5,0.6,0.6666666666666666
CAGACUCACUGGUUUUCCC,0.5883398056030273,1.229559934256156e-52,225,GGGAAAACCAGTGAGTCTG,0.6,0.25,0.8,0.5166666666666666
CCAGACUCACUGGUUUUCC,0.6415339708328247,1.2574394139767271e-59,226,GGAAAACCAGTGAGTCTGG,0.6,0.4166666666666667,0.6,0.5388888888888889
UCCAGACUCACUGGUUUUC,0.6018620133399963,8.295331323862637e-56,227,GAAAACCAGTGAGTCTGGA,0.8,0.5833333333333334,0.6,0.6944444444444445
CUCCAGACUCACUGGUUUU,0.48223018646240234,5.2318819711084004e-51,228,AAAACCAGTGAGTCTGGAG,0.4,0.4166666666666667,0.2,0.3722222222222223
UCUCCAGACUCACUGGUUU,0.6464642286300659,4.285291306663503e-47,229,AAACCAGTGAGTCTGGAGA,0.6,0.6666666666666666,0.6,0.6222222222222221
CUCUCCAGACUCACUGGUU,0.5270362496376038,3.3513207590035784e-43,230,AACCAGTGAGTCTGGAGAG,0.4,0.4166666666666667,0.2,0.3722222222222223
GCUCUCCAGACUCACUGGU,0.44478002190589905,1.9833711797425433e-39,231,ACCAGTGAGTCTGGAGAGC,0.4,0.3333333333333333,0.2,0.3444444444444445
AGCUCUCCAGACUCACUGG,0.6075894236564636,3.0217721094023937e-47,232,CCAGTGAGTCTGGAGAGCT,0.8,0.4166666666666667,0.6,0.638888888888889
CAGCUCUCCAGACUCACUG,0.6361615657806396,1.8128996091651083e-45,233,CAGTGAGTCTGGAGAGCTG,0.6,0.4166666666666667,0.6,0.5388888888888889
GCAGCUCUCCAGACUCACU,0.5290132164955139,6.017324124070579e-43,234,AGTGAGTCTGGAGAGCTGC,0.4,0.16666666666666666,0.2,0.2888888888888889
UGCAGCUCUCCAGACUCAC,0.681231677532196,1.4204691628190948e-60,235,GTGAGTCTGGAGAGCTGCA,0.8,0.5,0.6,0.6666666666666666
AUGCAGCUCUCCAGACUCA,0.5516771674156189,5.775875675022083e-59,236,TGAGTCTGGAGAGCTGCAT,0.6,0.5833333333333334,0.6,0.5944444444444444
CAUGCAGCUCUCCAGACUC,0.5972884297370911,1.67244431072483e-56,237,GAGTCTGGAGAGCTGCATG,0.6,0.3333333333333333,0.4,0.4777777777777777
CCAUGCAGCUCUCCAGACU,0.5001373887062073,1.2195479985347486e-54,238,AGTCTGGAGAGCTGCATGG,0.4,0.3333333333333333,0.2,0.3444444444444445
CCCAUGCAGCUCUCCAGAC,0.42005863785743713,1.4427740956811654e-50,239,GTCTGGAGAGCTGCATGGG,0.6,0.25,0.2,0.4166666666666667
GCCCAUGCAGCUCUCCAGA,0.39583641290664673,7.558083213813516e-48,240,TCTGGAGAGCTGCATGGGC,0.4,0.25,0.2,0.3166666666666667
AGCCCAUGCAGCUCUCCAG,0.5125901103019714,8.76964794261751e-50,241,CTGGAGAGCTGCATGGGCT,0.8,0.4166666666666667,0.6,0.638888888888889
GAGCCCAUGCAGCUCUCCA,0.4236907660961151,3.5517154176610903e-50,242,TGGAGAGCTGCATGGGCTC,0.4,0.25,0.2,0.3166666666666667
UGAGCCCAUGCAGCUCUCC,0.5353233814239502,8.033106276921754e-52,243,GGAGAGCTGCATGGGCTCA,0.8,0.5,0.6,0.6666666666666666
GUGAGCCCAUGCAGCUCUC,0.49641045928001404,6.065864641619386e-53,244,GAGAGCTGCATGGGCTCAC,0.6,0.25,0.4,0.44999999999999996
UGUGAGCCCAUGCAGCUCU,0.5045913457870483,1.6740887338380124e-48,245,AGAGCTGCATGGGCTCACA,0.6,0.6666666666666666,0.4,0.5888888888888888
UUGUGAGCCCAUGCAGCUC,0.5481172800064087,1.4147915336201191e-55,246,GAGCTGCATGGGCTCACAA,1.0,0.5833333333333334,0.6,0.7944444444444444
GUUGUGAGCCCAUGCAGCU,0.5212147235870361,7.115685212411273e-53,247,AGCTGCATGGGCTCACAAC,0.6,0.4166666666666667,0.2,0.47222222222222227
AGUUGUGAGCCCAUGCAGC,0.5559406280517578,8.13066971698513e-51,248,GCTGCATGGGCTCACAACT,1.0,0.5,1.0,0.8333333333333334
CAGUUGUGAGCCCAUGCAG,0.5112070441246033,9.098834123309492e-52,249,CTGCATGGGCTCACAACTG,0.8,0.4166666666666667,0.6,0.638888888888889
UCAGUUGUGAGCCCAUGCA,0.6406610608100891,5.094374870388828e-49,250,TGCATGGGCTCACAACTGA,0.8,0.75,0.6,0.75
CUCAGUUGUGAGCCCAUGC,0.5730200409889221,8.637899918777458e-45,251,GCATGGGCTCACAACTGAG,0.8,0.4166666666666667,0.6,0.638888888888889
CCUCAGUUGUGAGCCCAUG,0.43527835607528687,4.502023810916872e-42,252,CATGGGCTCACAACTGAGG,0.6,0.3333333333333333,0.6,0.5111111111111111
UCCUCAGUUGUGAGCCCAU,0.4499795436859131,1.1373220736782853e-37,253,ATGGGCTCACAACTGAGGA,0.6,0.5833333333333334,0.6,0.5944444444444444
CUCCUCAGUUGUGAGCCCA,0.516620397567749,4.657981236547337e-37,254,TGGGCTCACAACTGAGGAG,0.4,0.3333333333333333,0.4,0.37777777777777777
CCUCCUCAGUUGUGAGCCC,0.4942282438278198,2.15703824510168e-40,255,GGGCTCACAACTGAGGAGG,0.6,0.16666666666666666,0.4,0.4222222222222222
UCCUCCUCAGUUGUGAGCC,0.7258282899856567,1.5462271783579526e-49,256,GGCTCACAACTGAGGAGGA,0.8,0.5,0.8,0.7000000000000001
UUCCUCCUCAGUUGUGAGC,0.6554399728775024,4.01349801535811e-50,257,GCTCACAACTGAGGAGGAA,0.8,0.6666666666666666,0.8,0.7555555555555555
AUUCCUCCUCAGUUGUGAG,0.6002911329269409,2.638219425837281e-72,258,CTCACAACTGAGGAGGAAT,1.0,0.5,0.8,0.7999999999999999
AAUUCCUCCUCAGUUGUGA,0.578933835029602,4.679813423904215e-73,259,TCACAACTGAGGAGGAATT,0.8,0.75,0.8,0.7833333333333333
AAAUUCCUCCUCAGUUGUG,0.5964945554733276,2.6784694582280087e-74,260,CACAACTGAGGAGGAATTT,1.0,0.6666666666666666,0.8,0.8555555555555555
CAAAUUCCUCCUCAGUUGU,0.5785786509513855,8.808388685605796e-69,261,ACAACTGAGGAGGAATTTG,0.6,0.5833333333333334,0.4,0.5611111111111111
ACAAAUUCCUCCUCAGUUG,0.7409557700157166,2.2167782909633622e-64,262,CAACTGAGGAGGAATTTGT,1.0,0.75,0.8,0.8833333333333333
UACAAAUUCCUCCUCAGUU,0.7154495120048523,1.9450570060585295e-58,263,AACTGAGGAGGAATTTGTA,0.8,0.75,0.8,0.7833333333333333
CUACAAAUUCCUCCUCAGU,0.546091616153717,4.362539901304272e-53,264,ACTGAGGAGGAATTTGTAG,0.6,0.5,0.4,0.5333333333333333
UCUACAAAUUCCUCCUCAG,0.6727959513664246,2.585412887954979e-52,265,CTGAGGAGGAATTTGTAGA,1.0,0.6666666666666666,0.8,0.8555555555555555
UUCUACAAAUUCCUCCUCA,0.6629171371459961,8.774442338513476e-48,266,TGAGGAGGAATTTGTAGAA,0.8,0.8333333333333334,0.8,0.8111111111111112
CUUCUACAAAUUCCUCCUC,0.6522109508514404,4.153748099289333e-43,267,GAGGAGGAATTTGTAGAAG,0.8,0.5,0.6,0.6666666666666666
CCUUCUACAAAUUCCUCCU,0.594835638999939,2.7343162689704e-38,268,AGGAGGAATTTGTAGAAGG,0.6,0.5,0.4,0.5333333333333333
CCCUUCUACAAAUUCCUCC,0.617720901966095,8.695777979610701e-35,269,GGAGGAATTTGTAGAAGGG,0.6,0.5833333333333334,0.6,0.5944444444444444
UCCCUUCUACAAAUUCCUC,0.655333399772644,1.9697530878694186e-31,270,GAGGAATTTGTAGAAGGGA,0.8,0.5,0.8,0.7000000000000001
AUCCCUUCUACAAAUUCCU,0.6515329480171204,1.4926239520034278e-28,271,AGGAATTTGTAGAAGGGAT,0.8,0.5833333333333334,0.4,0.6611111111111112
UAUCCCUUCUACAAAUUCC,0.7084105610847473,1.4178426140536618e-25,272,GGAATTTGTAGAAGGGATA,1.0,0.75,0.6,0.85
AUAUCCCUUCUACAAAUUC,0.6930124759674072,1.9783532218685275e-22,273,GAATTTGTAGAAGGGATAT,1.0,0.6666666666666666,0.4,0.7888888888888889
UAUAUCCCUUCUACAAAUU,0.6589778661727905,1.9297902865746967e-19,274,AATTTGTAGAAGGGATATA,0.8,0.6666666666666666,0.2,0.6555555555555556
GUAUAUCCCUUCUACAAAU,0.47147905826568604,1.0093704901080556e-16,275,ATTTGTAGAAGGGATATAC,0.6,0.5,0.0,0.4666666666666666
UGUAUAUCCCUUCUACAAA,0.6961463689804077,3.9913847632194923e-20,276,TTTGTAGAAGGGATATACA,0.8,0.75,0.4,0.7166666666666668
UUGUAUAUCCCUUCUACAA,0.6925997734069824,3.45858110398671e-22,277,TTGTAGAAGGGATATACAA,0.8,0.75,0.4,0.7166666666666668
UUUGUAUAUCCCUUCUACA,0.7596098184585571,4.873631113406067e-24,278,TGTAGAAGGGATATACAAA,0.8,0.75,0.6,0.75
CUUUGUAUAUCCCUUCUAC,0.6856850981712341,2.442689337428152e-23,279,GTAGAAGGGATATACAAAG,0.8,0.5833333333333334,0.8,0.7277777777777779
ACUUUGUAUAUCCCUUCUA,0.543506920337677,7.726666761619517e-24,280,TAGAAGGGATATACAAAGT,0.8,0.75,0.4,0.7166666666666668
CACUUUGUAUAUCCCUUCU,0.6318114995956421,9.123341185621622e-24,281,AGAAGGGATATACAAAGTG,0.6,0.5833333333333334,0.4,0.5611111111111111
CCACUUUGUAUAUCCCUUC,0.6982493996620178,3.155464127312297e-23,282,GAAGGGATATACAAAGTGG,0.8,0.5833333333333334,0.6,0.6944444444444445
UCCACUUUGUAUAUCCCUU,0.738219678401947,2.9833598158060916e-22,283,AAGGGATATACAAAGTGGA,0.8,0.5833333333333334,0.6,0.6944444444444445
UUCCACUUUGUAUAUCCCU,0.6985533833503723,1.8879493021238878e-21,284,AGGGATATACAAAGTGGAA,0.8,0.6666666666666666,0.4,0.688888888888889
UUUCCACUUUGUAUAUCCC,0.7608805298805237,6.1098143504953894e-21,285,GGGATATACAAAGTGGAAA,1.0,0.5833333333333334,1.0,0.8611111111111112
AUUUCCACUUUGUAUAUCC,0.7924764156341553,2.0234078065808257e-20,286,GGATATACAAAGTGGAAAT,1.0,0.75,0.6,0.85
UAUUUCCACUUUGUAUAUC,0.7599472403526306,1.508125221477588e-19,287,GATATACAAAGTGGAAATA,1.0,0.6666666666666666,0.6,0.8222222222222221
CUAUUUCCACUUUGUAUAU,0.5114009380340576,1.2920503287258266e-18,288,ATATACAAAGTGGAAATAG,0.6,0.5,0.0,0.4666666666666666
UCUAUUUCCACUUUGUAUA,0.7457394003868103,1.0580716898291939e-17,289,TATACAAAGTGGAAATAGA,0.8,0.75,0.4,0.7166666666666668
GUCUAUUUCCACUUUGUAU,0.584896981716156,1.9213635866402779e-16,290,ATACAAAGTGGAAATAGAC,0.6,0.5833333333333334,0.2,0.5277777777777778
UGUCUAUUUCCACUUUGUA,0.721907377243042,6.165259312872429e-22,291,TACAAAGTGGAAATAGACA,0.8,0.6666666666666666,0.6,0.7222222222222222
GUGUCUAUUUCCACUUUGU,0.58096843957901,6.371113032400277e-22,292,ACAAAGTGGAAATAGACAC,0.6,0.5,0.4,0.5333333333333333
GGUGUCUAUUUCCACUUUG,0.6331495046615601,5.465599350054403e-22,293,CAAAGTGGAAATAGACACC,0.6,0.5,0.6,0.5666666666666667
UGGUGUCUAUUUCCACUUU,0.6518599390983582,2.360885365791655e-21,294,AAAGTGGAAATAGACACCA,0.6,0.5833333333333334,0.4,0.5611111111111111
UUGGUGUCUAUUUCCACUU,0.765095055103302,1.4092198588133166e-21,295,AAGTGGAAATAGACACCAA,0.8,0.75,0.4,0.7166666666666668
UUUGGUGUCUAUUUCCACU,0.7297617197036743,2.2450353782725183e-20,296,AGTGGAAATAGACACCAAA,0.8,0.6666666666666666,0.6,0.7222222222222222
AUUUGGUGUCUAUUUCCAC,0.6606441140174866,5.613582819303164e-31,297,GTGGAAATAGACACCAAAT,1.0,0.6666666666666666,0.8,0.8555555555555555
GAUUUGGUGUCUAUUUCCA,0.48392245173454285,5.676349916676832e-32,298,TGGAAATAGACACCAAATC,0.6,0.5833333333333334,0.4,0.5611111111111111
AGAUUUGGUGUCUAUUUCC,0.6394327282905579,6.102214291483668e-31,299,GGAAATAGACACCAAATCT,1.0,0.75,0.6,0.85
AAGAUUUGGUGUCUAUUUC,0.6979764699935913,9.80212442799417e-29,300,GAAATAGACACCAAATCTT,1.0,0.75,0.8,0.8833333333333333
UAAGAUUUGGUGUCUAUUU,0.7247532606124878,1.6408549374719602e-26,301,AAATAGACACCAAATCTTA,0.8,0.75,0.2,0.6833333333333335
GUAAGAUUUGGUGUCUAUU,0.5485676527023315,1.4307713125685513e-24,302,AATAGACACCAAATCTTAC,0.6,0.5,0.4,0.5333333333333333
AGUAAGAUUUGGUGUCUAU,0.4483886957168579,7.119293555543045e-23,303,ATAGACACCAAATCTTACT,0.8,0.75,0.4,0.7166666666666668
CAGUAAGAUUUGGUGUCUA,0.43268880248069763,3.811613898705008e-21,304,TAGACACCAAATCTTACTG,0.6,0.5,0.6,0.5666666666666667
CCAGUAAGAUUUGGUGUCU,0.5236294269561768,4.7094715151227114e-20,305,AGACACCAAATCTTACTGG,0.6,0.5,0.4,0.5333333333333333
UCCAGUAAGAUUUGGUGUC,0.6658549904823303,1.041457560664511e-18,306,GACACCAAATCTTACTGGA,1.0,0.6666666666666666,0.8,0.8555555555555555
UUCCAGUAAGAUUUGGUGU,0.6630089282989502,2.0434489994378197e-17,307,ACACCAAATCTTACTGGAA,0.8,0.75,0.6,0.75
CUUCCAGUAAGAUUUGGUG,0.5947996973991394,4.675043247967464e-21,308,CACCAAATCTTACTGGAAG,0.6,0.5,0.8,0.6
CCUUCCAGUAAGAUUUGGU,0.4867202639579773,6.858293329053864e-20,309,ACCAAATCTTACTGGAAGG,0.4,0.5,0.4,0.43333333333333335
GCCUUCCAGUAAGAUUUGG,0.49937885999679565,3.2117134422139915e-31,310,CCAAATCTTACTGGAAGGC,0.6,0.4166666666666667,0.4,0.5055555555555555
UGCCUUCCAGUAAGAUUUG,0.6380529999732971,2.1260867342183622e-29,311,CAAATCTTACTGGAAGGCA,0.8,0.5833333333333334,0.6,0.6944444444444445
GUGCCUUCCAGUAAGAUUU,0.6100779175758362,3.927075744516785e-27,312,AAATCTTACTGGAAGGCAC,0.4,0.5,0.2,0.4000000000000001
AGUGCCUUCCAGUAAGAUU,0.605765700340271,7.871630254446666e-25,313,AATCTTACTGGAAGGCACT,0.6,0.5,0.4,0.5333333333333333
AAGUGCCUUCCAGUAAGAU,0.5484786033630371,9.601478194357404e-23,314,ATCTTACTGGAAGGCACTT,0.6,0.5,0.6,0.5666666666666667
CAAGUGCCUUCCAGUAAGA,0.49656179547309875,1.4771748754837235e-23,315,TCTTACTGGAAGGCACTTG,0.4,0.4166666666666667,0.2,0.3722222222222223
CCAAGUGCCUUCCAGUAAG,0.6344980001449585,2.371219803709107e-24,316,CTTACTGGAAGGCACTTGG,0.6,0.4166666666666667,0.4,0.5055555555555555
GCCAAGUGCCUUCCAGUAA,0.4117949903011322,3.560274577656114e-23,317,TTACTGGAAGGCACTTGGC,0.4,0.5,0.2,0.4000000000000001
UGCCAAGUGCCUUCCAGUA,0.5997281074523926,1.2248601936728609e-21,318,TACTGGAAGGCACTTGGCA,0.6,0.5833333333333334,0.4,0.5611111111111111
AUGCCAAGUGCCUUCCAGU,0.6463378071784973,6.172882616627424e-20,319,ACTGGAAGGCACTTGGCAT,0.8,0.5,0.8,0.7000000000000001
GAUGCCAAGUGCCUUCCAG,0.5695412755012512,5.361004969617264e-20,320,CTGGAAGGCACTTGGCATC,0.6,0.3333333333333333,0.8,0.5444444444444444
AGAUGCCAAGUGCCUUCCA,0.47717106342315674,4.768435728466233e-21,321,TGGAAGGCACTTGGCATCT,0.6,0.5,0.6,0.5666666666666667
GAGAUGCCAAGUGCCUUCC,0.5638901591300964,3.9103401621052216e-23,322,GGAAGGCACTTGGCATCTC,0.6,0.5,0.6,0.5666666666666667
GGAGAUGCCAAGUGCCUUC,0.5029271841049194,3.408960606190256e-22,323,GAAGGCACTTGGCATCTCC,0.6,0.5,0.4,0.5333333333333333
GGGAGAUGCCAAGUGCCUU,0.4627779722213745,1.1441785683393281e-21,324,AAGGCACTTGGCATCTCCC,0.4,0.25,0.4,0.35000000000000003
GGGGAGAUGCCAAGUGCCU,0.4235129952430725,1.652461822774953e-20,325,AGGCACTTGGCATCTCCCC,0.4,0.16666666666666666,0.0,0.2555555555555556
UGGGGAGAUGCCAAGUGCC,0.6508944630622864,2.0369021191745136e-19,326,GGCACTTGGCATCTCCCCA,0.8,0.3333333333333333,0.6,0.6111111111111112
AUGGGGAGAUGCCAAGUGC,0.6284159421920776,6.767708586760011e-19,327,GCACTTGGCATCTCCCCAT,0.8,0.4166666666666667,0.8,0.6722222222222224
AAUGGGGAGAUGCCAAGUG,0.5419393181800842,1.2036640236212033e-22,328,CACTTGGCATCTCCCCATT,0.8,0.5833333333333334,0.8,0.7277777777777779
GAAUGGGGAGAUGCCAAGU,0.4467810392379761,4.762791093431704e-21,329,ACTTGGCATCTCCCCATTC,0.4,0.4166666666666667,0.2,0.3722222222222223
GGAAUGGGGAGAUGCCAAG,0.4273693859577179,3.505086888343303e-26,330,CTTGGCATCTCCCCATTCC,0.6,0.4166666666666667,0.4,0.5055555555555555
UGGAAUGGGGAGAUGCCAA,0.5697926878929138,1.0244929278822933e-26,331,TTGGCATCTCCCCATTCCA,0.8,0.5833333333333334,0.6,0.6944444444444445
AUGGAAUGGGGAGAUGCCA,0.5602858066558838,5.695628341343553e-28,332,TGGCATCTCCCCATTCCAT,0.8,0.5,0.6,0.6666666666666666
CAUGGAAUGGGGAGAUGCC,0.5184165239334106,1.0829586169114976e-28,333,GGCATCTCCCCATTCCATG,0.8,0.25,0.6,0.5833333333333334
UCAUGGAAUGGGGAGAUGC,0.558293879032135,8.858916353380979e-36,334,GCATCTCCCCATTCCATGA,1.0,0.6666666666666666,0.8,0.8555555555555555
CUCAUGGAAUGGGGAGAUG,0.3932388424873352,2.5450090340432028e-36,335,CATCTCCCCATTCCATGAG,0.6,0.4166666666666667,0.6,0.5388888888888889
GCUCAUGGAAUGGGGAGAU,0.33395910263061523,3.915046833647672e-35,336,ATCTCCCCATTCCATGAGC,0.4,0.4166666666666667,0.4,0.4055555555555556
UGCUCAUGGAAUGGGGAGA,0.4535296559333801,2.32030799449356e-34,337,TCTCCCCATTCCATGAGCA,0.8,0.5833333333333334,0.6,0.6944444444444445
AUGCUCAUGGAAUGGGGAG,0.5328361988067627,5.871797532691383e-34,338,CTCCCCATTCCATGAGCAT,1.0,0.5,0.8,0.7999999999999999
CAUGCUCAUGGAAUGGGGA,0.4476352632045746,1.1770758040919086e-32,339,TCCCCATTCCATGAGCATG,0.4,0.25,0.6,0.38333333333333336
GCAUGCUCAUGGAAUGGGG,0.44613325595855713,2.1337735796989974e-31,340,CCCCATTCCATGAGCATGC,0.6,0.25,0.6,0.48333333333333334
UGCAUGCUCAUGGAAUGGG,0.5586823225021362,5.617293239924964e-29,341,CCCATTCCATGAGCATGCA,0.8,0.6666666666666666,0.8,0.7555555555555555
CUGCAUGCUCAUGGAAUGG,0.5313674211502075,1.7473841491847562e-35,342,CCATTCCATGAGCATGCAG,0.6,0.5,0.4,0.5333333333333333
UCUGCAUGCUCAUGGAAUG,0.68763667345047,1.0669454982951681e-33,343,CATTCCATGAGCATGCAGA,1.0,0.5833333333333334,0.6,0.7944444444444444
CUCUGCAUGCUCAUGGAAU,0.4146628975868225,4.066471245215608e-31,344,ATTCCATGAGCATGCAGAG,0.4,0.4166666666666667,0.4,0.4055555555555556
CCUCUGCAUGCUCAUGGAA,0.29351919889450073,4.124466677084926e-37,345,TTCCATGAGCATGCAGAGG,0.4,0.3333333333333333,0.2,0.3444444444444445
ACCUCUGCAUGCUCAUGGA,0.522462010383606,6.5513927823705715e-37,346,TCCATGAGCATGCAGAGGT,0.6,0.5,0.6,0.5666666666666667
CACCUCUGCAUGCUCAUGG,0.5494784116744995,3.647914714128183e-36,347,CCATGAGCATGCAGAGGTG,0.6,0.5,0.6,0.5666666666666667
CCACCUCUGCAUGCUCAUG,0.4076300859451294,9.518437571604148e-36,348,CATGAGCATGCAGAGGTGG,0.6,0.16666666666666666,0.4,0.4222222222222222
ACCACCUCUGCAUGCUCAU,0.4464889168739319,5.192925032979184e-33,349,ATGAGCATGCAGAGGTGGT,0.6,0.5,0.4,0.5333333333333333
UACCACCUCUGCAUGCUCA,0.6158040165901184,2.3410492478659932e-29,350,TGAGCATGCAGAGGTGGTA,0.6,0.6666666666666666,0.8,0.6555555555555554
AUACCACCUCUGCAUGCUC,0.6589941382408142,1.4288596982337653e-37,351,GAGCATGCAGAGGTGGTAT,1.0,0.5,0.8,0.7999999999999999
AAUACCACCUCUGCAUGCU,0.6266321539878845,1.1073605811621714e-34,352,AGCATGCAGAGGTGGTATT,0.8,0.6666666666666666,0.6,0.7222222222222222
GAAUACCACCUCUGCAUGC,0.5273004174232483,5.1365266951497656e-33,353,GCATGCAGAGGTGGTATTC,0.8,0.5833333333333334,0.6,0.6944444444444445
UGAAUACCACCUCUGCAUG,0.6649078726768494,5.143601572252778e-29,354,CATGCAGAGGTGGTATTCA,1.0,0.6666666666666666,1.0,0.8888888888888888
GUGAAUACCACCUCUGCAU,0.5581147074699402,5.46942356853944e-28,355,ATGCAGAGGTGGTATTCAC,0.6,0.5833333333333334,0.4,0.5611111111111111
UGUGAAUACCACCUCUGCA,0.6960435509681702,4.351888631122802e-26,356,TGCAGAGGTGGTATTCACA,0.8,0.6666666666666666,0.8,0.7555555555555555
CUGUGAAUACCACCUCUGC,0.6323302388191223,3.7859986236808527e-25,357,GCAGAGGTGGTATTCACAG,0.8,0.5,0.6,0.6666666666666666
GCUGUGAAUACCACCUCUG,0.652745246887207,9.290475949247589e-24,358,CAGAGGTGGTATTCACAGC,0.6,0.5,0.6,0.5666666666666667
GGCUGUGAAUACCACCUCU,0.5145193934440613,1.1964039088556673e-22,359,AGAGGTGGTATTCACAGCC,0.4,0.4166666666666667,0.4,0.4055555555555556
UGGCUGUGAAUACCACCUC,0.6965080499649048,8.890307411828699e-26,360,GAGGTGGTATTCACAGCCA,0.8,0.6666666666666666,0.8,0.7555555555555555
UUGGCUGUGAAUACCACCU,0.7240833640098572,7.313806290002625e-25,361,AGGTGGTATTCACAGCCAA,0.6,0.6666666666666666,0.4,0.5888888888888888
GUUGGCUGUGAAUACCACC,0.6752099990844727,2.822173798250981e-31,362,GGTGGTATTCACAGCCAAC,0.6,0.4166666666666667,0.4,0.5055555555555555
CGUUGGCUGUGAAUACCAC,0.5955337285995483,1.9895316059137826e-37,363,GTGGTATTCACAGCCAACG,0.6,0.3333333333333333,0.6,0.5111111111111111
UCGUUGGCUGUGAAUACCA,0.6826958060264587,8.704794754396305e-48,364,TGGTATTCACAGCCAACGA,0.6,0.6666666666666666,0.4,0.5888888888888888
GUCGUUGGCUGUGAAUACC,0.6927696466445923,1.1636135855662102e-60,365,GGTATTCACAGCCAACGAC,0.6,0.4166666666666667,0.4,0.5055555555555555
AGUCGUUGGCUGUGAAUAC,0.6959686875343323,3.310464439302376e-60,366,GTATTCACAGCCAACGACT,1.0,0.5833333333333334,0.6,0.7944444444444444
GAGUCGUUGGCUGUGAAUA,0.37519678473472595,1.682387952304238e-56,367,TATTCACAGCCAACGACTC,0.4,0.4166666666666667,0.4,0.4055555555555556
GGAGUCGUUGGCUGUGAAU,0.40906381607055664,2.0765584007515503e-52,368,ATTCACAGCCAACGACTCC,0.4,0.4166666666666667,0.2,0.3722222222222223
CGGAGUCGUUGGCUGUGAA,0.41964584589004517,3.091788736506087e-49,369,TTCACAGCCAACGACTCCG,0.4,0.16666666666666666,0.4,0.32222222222222224
CCGGAGUCGUUGGCUGUGA,0.3477042615413666,5.7921650565447745e-46,370,TCACAGCCAACGACTCCGG,0.4,0.3333333333333333,0.0,0.3111111111111111
GCCGGAGUCGUUGGCUGUG,0.3657628893852234,1.6666377438685297e-42,371,CACAGCCAACGACTCCGGC,0.6,0.16666666666666666,0.2,0.3888888888888889
GGCCGGAGUCGUUGGCUGU,0.40533527731895447,6.729267618330151e-39,372,ACAGCCAACGACTCCGGCC,0.4,0.25,0.0,0.2833333333333334
GGGCCGGAGUCGUUGGCUG,0.3623920679092407,3.205406404103337e-36,373,CAGCCAACGACTCCGGCCC,0.6,0.16666666666666666,0.4,0.4222222222222222
GGGGCCGGAGUCGUUGGCU,0.35203275084495544,6.408089397331185e-33,374,AGCCAACGACTCCGGCCCC,0.4,0.08333333333333333,0.2,0.2611111111111111
GGGGGCCGGAGUCGUUGGC,0.3382865786552429,3.429778129334861e-37,375,GCCAACGACTCCGGCCCCC,0.6,0.08333333333333333,0.2,0.3611111111111111
CGGGGGCCGGAGUCGUUGG,0.3038689196109772,7.854812473669373e-35,376,CCAACGACTCCGGCCCCCG,0.2,0.08333333333333333,0.2,0.16111111111111112
GCGGGGGCCGGAGUCGUUG,0.35715532302856445,4.4558940927676755e-32,377,CAACGACTCCGGCCCCCGC,0.2,0.16666666666666666,0.4,0.22222222222222224
GGCGGGGGCCGGAGUCGUU,0.33493953943252563,9.032660838115839e-29,378,AACGACTCCGGCCCCCGCC,0.0,0.08333333333333333,0.0,0.027777777777777776
CGGCGGGGGCCGGAGUCGU,0.30391696095466614,1.1004466228416782e-25,379,ACGACTCCGGCCCCCGCCG,0.0,0.08333333333333333,0.0,0.027777777777777776
GCGGCGGGGGCCGGAGUCG,0.31454941630363464,9.137506718514631e-23,380,CGACTCCGGCCCCCGCCGC,0.2,0.16666666666666666,0.2,0.18888888888888888
AGCGGCGGGGGCCGGAGUC,0.3687974214553833,9.143017757646753e-20,381,GACTCCGGCCCCCGCCGCT,0.4,0.25,0.4,0.35000000000000003
UAGCGGCGGGGGCCGGAGU,0.37123221158981323,4.386405503174104e-17,382,ACTCCGGCCCCCGCCGCTA,0.2,0.3333333333333333,0.2,0.24444444444444444
GUAGCGGCGGGGGCCGGAG,0.3476123511791229,8.490505304375187e-16,383,CTCCGGCCCCCGCCGCTAC,0.2,0.25,0.4,0.25
UGUAGCGGCGGGGGCCGGA,0.3614755868911743,1.3566131476101424e-13,384,TCCGGCCCCCGCCGCTACA,0.2,0.5,0.4,0.3333333333333333
GUGUAGCGGCGGGGGCCGG,0.3537013530731201,1.593208499501978e-12,385,CCGGCCCCCGCCGCTACAC,0.2,0.25,0.4,0.25
GGUGUAGCGGCGGGGGCCG,0.3588087260723114,1.1111424484218469e-23,386,CGGCCCCCGCCGCTACACC,0.2,0.25,0.4,0.25
UGGUGUAGCGGCGGGGGCC,0.49259620904922485,7.23211029944784e-38,387,GGCCCCCGCCGCTACACCA,0.6,0.4166666666666667,0.6,0.5388888888888889
AUGGUGUAGCGGCGGGGGC,0.5882150530815125,6.053612796230301e-43,388,GCCCCCGCCGCTACACCAT,0.6,0.4166666666666667,0.6,0.5388888888888889
AAUGGUGUAGCGGCGGGGG,0.40050870180130005,8.580242146501834e-49,389,CCCCCGCCGCTACACCATT,0.6,0.4166666666666667,0.6,0.5388888888888889
CAAUGGUGUAGCGGCGGGG,0.46933844685554504,1.1323172387278888e-46,390,CCCCGCCGCTACACCATTG,0.8,0.4166666666666667,0.4,0.6055555555555556
GCAAUGGUGUAGCGGCGGG,0.4166806936264038,2.309763913478126e-44,391,CCCGCCGCTACACCATTGC,0.6,0.4166666666666667,0.4,0.5055555555555555
GGCAAUGGUGUAGCGGCGG,0.4084048271179199,1.7974952853704944e-43,392,CCGCCGCTACACCATTGCC,0.6,0.3333333333333333,0.4,0.4777777777777777
CGGCAAUGGUGUAGCGGCG,0.43253687024116516,1.948630467652964e-41,393,CGCCGCTACACCATTGCCG,0.6,0.25,0.4,0.44999999999999996
GCGGCAAUGGUGUAGCGGC,0.4521791934967041,2.4905879134153628e-51,394,GCCGCTACACCATTGCCGC,0.6,0.16666666666666666,0.2,0.3888888888888889
GGCGGCAAUGGUGUAGCGG,0.4015694856643677,3.665353210217688e-53,395,CCGCTACACCATTGCCGCC,0.6,0.16666666666666666,0.4,0.4222222222222222
GGGCGGCAAUGGUGUAGCG,0.3801666498184204,1.8544939548507717e-54,396,CGCTACACCATTGCCGCCC,0.6,0.08333333333333333,0.2,0.3611111111111111
AGGGCGGCAAUGGUGUAGC,0.4781748354434967,4.945714302384155e-59,397,GCTACACCATTGCCGCCCT,0.8,0.4166666666666667,0.6,0.638888888888889
CAGGGCGGCAAUGGUGUAG,0.42445388436317444,3.319823440195197e-55,398,CTACACCATTGCCGCCCTG,0.6,0.4166666666666667,0.2,0.47222222222222227
GCAGGGCGGCAAUGGUGUA,0.3201880156993866,6.479380224013758e-51,399,TACACCATTGCCGCCCTGC,0.4,0.16666666666666666,0.0,0.2555555555555556
AGCAGGGCGGCAAUGGUGU,0.41145944595336914,1.1661618626822595e-46,400,ACACCATTGCCGCCCTGCT,0.6,0.5,0.4,0.5333333333333333
CAGCAGGGCGGCAAUGGUG,0.44153138995170593,1.460875779420586e-42,401,CACCATTGCCGCCCTGCTG,0.6,0.3333333333333333,0.2,0.4444444444444444
UCAGCAGGGCGGCAAUGGU,0.45888736844062805,2.809662272183455e-38,402,ACCATTGCCGCCCTGCTGA,0.6,0.5,0.2,0.5
CUCAGCAGGGCGGCAAUGG,0.37910035252571106,4.57029393578779e-34,403,CCATTGCCGCCCTGCTGAG,0.6,0.4166666666666667,0.2,0.47222222222222227
GCUCAGCAGGGCGGCAAUG,0.311941921710968,7.506764406553565e-30,404,CATTGCCGCCCTGCTGAGC,0.6,0.25,0.2,0.4166666666666667
GGCUCAGCAGGGCGGCAAU,0.3098628520965576,1.3681223802096572e-25,405,ATTGCCGCCCTGCTGAGCC,0.4,0.25,0.0,0.2833333333333334
GGGCUCAGCAGGGCGGCAA,0.34682053327560425,1.8337266645953863e-21,406,TTGCCGCCCTGCTGAGCCC,0.4,0.3333333333333333,0.2,0.3444444444444445
GGGGCUCAGCAGGGCGGCA,0.2792604863643646,2.550886007089039e-18,407,TGCCGCCCTGCTGAGCCCC,0.4,0.0,0.0,0.20000000000000004
AGGGGCUCAGCAGGGCGGC,0.38731464743614197,2.99261576754318e-28,408,GCCGCCCTGCTGAGCCCCT,0.8,0.25,0.6,0.5833333333333334
UAGGGGCUCAGCAGGGCGG,0.5125060677528381,4.8848518278978125e-27,409,CCGCCCTGCTGAGCCCCTA,0.8,0.4166666666666667,0.6,0.638888888888889
GUAGGGGCUCAGCAGGGCG,0.5076949000358582,7.747789756475128e-25,410,CGCCCTGCTGAGCCCCTAC,0.6,0.25,0.4,0.44999999999999996
AGUAGGGGCUCAGCAGGGC,0.45605579018592834,6.642019154938905e-30,411,GCCCTGCTGAGCCCCTACT,0.8,0.4166666666666667,0.6,0.638888888888889
GAGUAGGGGCUCAGCAGGG,0.44146284461021423,7.222451265871676e-28,412,CCCTGCTGAGCCCCTACTC,0.6,0.3333333333333333,0.2,0.4444444444444444
GGAGUAGGGGCUCAGCAGG,0.40463492274284363,1.909358511805552e-25,413,CCTGCTGAGCCCCTACTCC,0.6,0.25,0.2,0.4166666666666667
AGGAGUAGGGGCUCAGCAG,0.5375689268112183,1.7314475405296414e-23,414,CTGCTGAGCCCCTACTCCT,1.0,0.3333333333333333,0.6,0.7111111111111111
UAGGAGUAGGGGCUCAGCA,0.685035765171051,3.4438631810706294e-22,415,TGCTGAGCCCCTACTCCTA,0.8,0.5,0.8,0.7000000000000001
AUAGGAGUAGGGGCUCAGC,0.669208288192749,1.450767272170881e-24,416,GCTGAGCCCCTACTCCTAT,1.0,0.4166666666666667,0.8,0.7722222222222223
AAUAGGAGUAGGGGCUCAG,0.6065244674682617,1.1120185277837042e-24,417,CTGAGCCCCTACTCCTATT,1.0,0.6666666666666666,0.8,0.8555555555555555
GAAUAGGAGUAGGGGCUCA,0.4167569875717163,1.6260605758166231e-24,418,TGAGCCCCTACTCCTATTC,0.6,0.5833333333333334,0.4,0.5611111111111111
GGAAUAGGAGUAGGGGCUC,0.4183060824871063,1.0172909779616679e-30,419,GAGCCCCTACTCCTATTCC,0.8,0.3333333333333333,0.6,0.6111111111111112
UGGAAUAGGAGUAGGGGCU,0.5746486186981201,2.3553401795342902e-36,420,AGCCCCTACTCCTATTCCA,0.8,0.6666666666666666,0.6,0.7222222222222222
GUGGAAUAGGAGUAGGGGC,0.5530514717102051,9.716413123579472e-37,421,GCCCCTACTCCTATTCCAC,0.8,0.25,0.6,0.5833333333333334
GGUGGAAUAGGAGUAGGGG,0.4772264361381531,1.5243126835873505e-34,422,CCCCTACTCCTATTCCACC,0.6,0.16666666666666666,0.8,0.48888888888888893
UGGUGGAAUAGGAGUAGGG,0.5553151369094849,2.62252450582101e-32,423,CCCTACTCCTATTCCACCA,0.8,0.6666666666666666,0.8,0.7555555555555555
GUGGUGGAAUAGGAGUAGG,0.5705280900001526,6.488299532439868e-30,424,CCTACTCCTATTCCACCAC,0.6,0.4166666666666667,0.6,0.5388888888888889
CGUGGUGGAAUAGGAGUAG,0.4611702263355255,1.6607284459172794e-27,425,CTACTCCTATTCCACCACG,0.6,0.5,0.4,0.5333333333333333
CCGUGGUGGAAUAGGAGUA,0.4015945792198181,4.406105255012636e-25,426,TACTCCTATTCCACCACGG,0.4,0.4166666666666667,0.2,0.3722222222222223
GCCGUGGUGGAAUAGGAGU,0.4084319770336151,1.2242733986535822e-22,427,ACTCCTATTCCACCACGGC,0.4,0.25,0.2,0.3166666666666667
AGCCGUGGUGGAAUAGGAG,0.47423943877220154,1.882160342948127e-21,428,CTCCTATTCCACCACGGCT,0.8,0.3333333333333333,0.8,0.6444444444444445
CAGCCGUGGUGGAAUAGGA,0.495893269777298,6.248868558673648e-20,429,TCCTATTCCACCACGGCTG,0.4,0.25,0.2,0.3166666666666667
ACAGCCGUGGUGGAAUAGG,0.5730668306350708,8.619450330392743e-18,430,CCTATTCCACCACGGCTGT,0.8,0.4166666666666667,0.6,0.638888888888889
GACAGCCGUGGUGGAAUAG,0.46096065640449524,4.509037171942905e-16,431,CTATTCCACCACGGCTGTC,0.6,0.3333333333333333,0.4,0.4777777777777777
CGACAGCCGUGGUGGAAUA,0.3893575072288513,9.623140939477263e-15,432,TATTCCACCACGGCTGTCG,0.4,0.25,0.2,0.3166666666666667
ACGACAGCCGUGGUGGAAU,0.4804304540157318,3.389527044397102e-13,433,ATTCCACCACGGCTGTCGT,0.6,0.4166666666666667,0.6,0.5388888888888889
GACGACAGCCGUGGUGGAA,0.42276254296302795,1.0486894691543257e-11,434,TTCCACCACGGCTGTCGTC,0.4,0.3333333333333333,0.0,0.3111111111111111
UGACGACAGCCGUGGUGGA,0.48436999320983887,2.8396376227871055e-10,435,TCCACCACGGCTGTCGTCA,0.6,0.4166666666666667,0.4,0.5055555555555555
GUGACGACAGCCGUGGUGG,0.5821736454963684,4.162752695712049e-09,436,CCACCACGGCTGTCGTCAC,0.6,0.4166666666666667,0.6,0.5388888888888889
GGUGACGACAGCCGUGGUG,0.45412540435791016,6.061602806656682e-10,437,CACCACGGCTGTCGTCACC,0.6,0.4166666666666667,0.4,0.5055555555555555
UGGUGACGACAGCCGUGGU,0.5178069472312927,1.2769649688265289e-08,438,ACCACGGCTGTCGTCACCA,0.6,0.4166666666666667,0.4,0.5055555555555555
UUGGUGACGACAGCCGUGG,0.6627957224845886,1.4060805237142325e-07,439,CCACGGCTGTCGTCACCAA,1.0,0.75,0.6,0.85
AUUGGUGACGACAGCCGUG,0.6679526567459106,8.07008923366245e-07,440,CACGGCTGTCGTCACCAAT,1.0,0.5,0.8,0.7999999999999999
GAUUGGUGACGACAGCCGU,0.5223630666732788,2.3116670891245174e-06,441,ACGGCTGTCGTCACCAATC,0.6,0.4166666666666667,0.4,0.5055555555555555
GGAUUGGUGACGACAGCCG,0.5265154838562012,8.034731202457411e-07,442,CGGCTGTCGTCACCAATCC,0.6,0.5,0.4,0.5333333333333333
GGGAUUGGUGACGACAGCC,0.5164551734924316,8.683877088494952e-23,443,GGCTGTCGTCACCAATCCC,0.6,0.3333333333333333,0.4,0.4777777777777777
UGGGAUUGGUGACGACAGC,0.5729885101318359,1.8693965298519244e-24,444,GCTGTCGTCACCAATCCCA,1.0,0.5,0.8,0.7999999999999999
UUGGGAUUGGUGACGACAG,0.5843042135238647,4.475500194186077e-31,445,CTGTCGTCACCAATCCCAA,1.0,0.5833333333333334,0.8,0.8277777777777778
CUUGGGAUUGGUGACGACA,0.5031241178512573,5.593863109416324e-30,446,TGTCGTCACCAATCCCAAG,0.4,0.4166666666666667,0.4,0.4055555555555556
CCUUGGGAUUGGUGACGAC,0.4442327916622162,8.495629347483756e-30,447,GTCGTCACCAATCCCAAGG,0.6,0.3333333333333333,0.6,0.5111111111111111
UCCUUGGGAUUGGUGACGA,0.5686197280883789,6.524592855298908e-29,448,TCGTCACCAATCCCAAGGA,0.6,0.6666666666666666,0.8,0.6555555555555554
UUCCUUGGGAUUGGUGACG,0.5496822595596313,4.099408158267265e-28,449,CGTCACCAATCCCAAGGAA,1.0,0.75,0.8,0.8833333333333333
AUUCCUUGGGAUUGGUGAC,0.5887255668640137,1.4784268758944491e-30,450,GTCACCAATCCCAAGGAAT,1.0,0.5833333333333334,0.6,0.7944444444444444
CAUUCCUUGGGAUUGGUGA,0.476079523563385,1.5853558780585773e-29,451,TCACCAATCCCAAGGAATG,0.6,0.5833333333333334,0.4,0.5611111111111111
UCAUUCCUUGGGAUUGGUG,0.5945367813110352,1.3190385523614143e-28,452,CACCAATCCCAAGGAATGA,1.0,0.6666666666666666,1.0,0.8888888888888888
CUCAUUCCUUGGGAUUGGU,0.5545887351036072,1.5220828804779817e-26,453,ACCAATCCCAAGGAATGAG,0.6,0.4166666666666667,0.4,0.5055555555555555
CCUCAUUCCUUGGGAUUGG,0.5300101637840271,1.5946607290114937e-25,454,CCAATCCCAAGGAATGAGG,0.8,0.5,0.6,0.6666666666666666
CCCUCAUUCCUUGGGAUUG,0.39060094952583313,2.073498369893844e-24,455,CAATCCCAAGGAATGAGGG,0.6,0.4166666666666667,0.4,0.5055555555555555
UCCCUCAUUCCUUGGGAUU,0.44226357340812683,2.022642236401337e-22,456,AATCCCAAGGAATGAGGGA,0.6,0.5833333333333334,0.4,0.5611111111111111
GUCCCUCAUUCCUUGGGAU,0.3838261365890503,1.4121064490208806e-20,457,ATCCCAAGGAATGAGGGAC,0.4,0.25,0.6,0.38333333333333336
AGUCCCUCAUUCCUUGGGA,0.4134814739227295,9.92132727103491e-24,458,TCCCAAGGAATGAGGGACT,0.6,0.5,0.8,0.6
AAGUCCCUCAUUCCUUGGG,0.5726401805877686,6.732775460927313e-24,459,CCCAAGGAATGAGGGACTT,0.8,0.5833333333333334,0.8,0.7277777777777779
GAAGUCCCUCAUUCCUUGG,0.5349845290184021,1.2325168114555528e-23,460,CCAAGGAATGAGGGACTTC,0.6,0.5,0.4,0.5333333333333333
AGAAGUCCCUCAUUCCUUG,0.622143030166626,4.824336498154997e-22,461,CAAGGAATGAGGGACTTCT,1.0,0.5833333333333334,0.8,0.8277777777777778
GAGAAGUCCCUCAUUCCUU,0.5036338567733765,2.5617006978340104e-20,462,AAGGAATGAGGGACTTCTC,0.6,0.5,0.4,0.5333333333333333
GGAGAAGUCCCUCAUUCCU,0.4921122193336487,1.4457097981601186e-19,463,AGGAATGAGGGACTTCTCC,0.4,0.4166666666666667,0.2,0.3722222222222223
AGGAGAAGUCCCUCAUUCC,0.6216927170753479,7.063099824070458e-27,464,GGAATGAGGGACTTCTCCT,1.0,0.5833333333333334,0.8,0.8277777777777778
GAGGAGAAGUCCCUCAUUC,0.43665048480033875,5.969973180006598e-30,465,GAATGAGGGACTTCTCCTC,0.6,0.5,0.8,0.6
GGAGGAGAAGUCCCUCAUU,0.31572192907333374,6.841737737029026e-30,466,AATGAGGGACTTCTCCTCC,0.4,0.3333333333333333,0.2,0.3444444444444445
UGGAGGAGAAGUCCCUCAU,0.5060795545578003,1.0696237281373102e-28,467,ATGAGGGACTTCTCCTCCA,0.6,0.6666666666666666,0.6,0.6222222222222221
CUGGAGGAGAAGUCCCUCA,0.419151246547699,1.8791859057852153e-28,468,TGAGGGACTTCTCCTCCAG,0.4,0.5,0.2,0.4000000000000001
ACUGGAGGAGAAGUCCCUC,0.5607516765594482,5.3902326661641244e-33,469,GAGGGACTTCTCCTCCAGT,0.8,0.4166666666666667,0.8,0.6722222222222224
CACUGGAGGAGAAGUCCCU,0.5297031998634338,1.3867905697116006e-30,470,AGGGACTTCTCCTCCAGTG,0.4,0.4166666666666667,0.2,0.3722222222222223
CCACUGGAGGAGAAGUCCC,0.5067636966705322,1.1821184665355163e-37,471,GGGACTTCTCCTCCAGTGG,0.6,0.3333333333333333,0.2,0.4444444444444444
UCCACUGGAGGAGAAGUCC,0.610602855682373,1.0450231815695071e-38,472,GGACTTCTCCTCCAGTGGA,0.8,0.5833333333333334,0.6,0.6944444444444445
GUCCACUGGAGGAGAAGUC,0.5221642255783081,1.260313359287116e-36,473,GACTTCTCCTCCAGTGGAC,0.6,0.4166666666666667,0.4,0.5055555555555555
GGUCCACUGGAGGAGAAGU,0.4223702549934387,3.313825426628782e-33,474,ACTTCTCCTCCAGTGGACC,0.4,0.16666666666666666,0.2,0.2888888888888889
AGGUCCACUGGAGGAGAAG,0.5235906839370728,2.6800898639517796e-51,475,CTTCTCCTCCAGTGGACCT,0.8,0.4166666666666667,0.6,0.638888888888889
CAGGUCCACUGGAGGAGAA,0.41490626335144043,1.9678281863606485e-49,476,TTCTCCTCCAGTGGACCTG,0.4,0.25,0.2,0.3166666666666667
UCAGGUCCACUGGAGGAGA,0.5325289368629456,3.0008574727318555e-49,477,TCTCCTCCAGTGGACCTGA,0.6,0.4166666666666667,0.4,0.5055555555555555
UUCAGGUCCACUGGAGGAG,0.609288215637207,3.0968098031840145e-48,478,CTCCTCCAGTGGACCTGAA,1.0,0.6666666666666666,0.8,0.8555555555555555
CUUCAGGUCCACUGGAGGA,0.4679265022277832,1.6337398877491142e-55,479,TCCTCCAGTGGACCTGAAG,0.4,0.4166666666666667,0.2,0.3722222222222223
CCUUCAGGUCCACUGGAGG,0.4155520796775818,6.934656917391198e-65,480,CCTCCAGTGGACCTGAAGG,0.6,0.3333333333333333,0.6,0.5111111111111111
UCCUUCAGGUCCACUGGAG,0.5550926327705383,9.030604845029213e-62,481,CTCCAGTGGACCTGAAGGA,1.0,0.5833333333333334,0.8,0.8277777777777778
GUCCUUCAGGUCCACUGGA,0.41399872303009033,2.6194499851685776e-61,482,TCCAGTGGACCTGAAGGAC,0.4,0.25,0.2,0.3166666666666667
CGUCCUUCAGGUCCACUGG,0.464104026556015,3.077292267053937e-58,483,CCAGTGGACCTGAAGGACG,0.6,0.3333333333333333,0.4,0.4777777777777777
UCGUCCUUCAGGUCCACUG,0.695206880569458,8.060224224621252e-56,484,CAGTGGACCTGAAGGACGA,0.8,0.5833333333333334,0.8,0.7277777777777779
CUCGUCCUUCAGGUCCACU,0.43187272548675537,2.0863534373181485e-52,485,AGTGGACCTGAAGGACGAG,0.4,0.25,0.4,0.35000000000000003
CCUCGUCCUUCAGGUCCAC,0.39434218406677246,1.786629834365471e-49,486,GTGGACCTGAAGGACGAGG,0.6,0.16666666666666666,0.4,0.4222222222222222
CCCUCGUCCUUCAGGUCCA,0.46408769488334656,9.930694212641e-47,487,TGGACCTGAAGGACGAGGG,0.4,0.25,0.0,0.2833333333333334
UCCCUCGUCCUUCAGGUCC,0.6428112387657166,2.0193758831626233e-49,488,GGACCTGAAGGACGAGGGA,0.8,0.5833333333333334,0.4,0.6611111111111112
AUCCCUCGUCCUUCAGGUC,0.5576696991920471,2.0405851507323066e-51,489,GACCTGAAGGACGAGGGAT,0.8,0.3333333333333333,0.6,0.6111111111111112
CAUCCCUCGUCCUUCAGGU,0.450959712266922,2.2467178943115325e-47,490,ACCTGAAGGACGAGGGATG,0.4,0.3333333333333333,0.4,0.37777777777777777
CCAUCCCUCGUCCUUCAGG,0.3798399865627289,3.056176165230271e-46,491,CCTGAAGGACGAGGGATGG,0.6,0.25,0.4,0.44999999999999996
CCCAUCCCUCGUCCUUCAG,0.320773720741272,3.62117908157183e-49,492,CTGAAGGACGAGGGATGGG,0.6,0.25,0.2,0.4166666666666667
UCCCAUCCCUCGUCCUUCA,0.5565758943557739,6.058328684787613e-47,493,TGAAGGACGAGGGATGGGA,0.6,0.5,0.4,0.5333333333333333
AUCCCAUCCCUCGUCCUUC,0.7494097352027893,3.3630676225383985e-46,494,GAAGGACGAGGGATGGGAT,1.0,0.5,0.8,0.7999999999999999
AAUCCCAUCCCUCGUCCUU,0.4996729791164398,1.5975189873879336e-43,495,AAGGACGAGGGATGGGATT,0.8,0.5833333333333334,0.6,0.6944444444444445
AAAUCCCAUCCCUCGUCCU,0.524316132068634,3.7197011714804133e-42,496,AGGACGAGGGATGGGATTT,0.8,0.5833333333333334,0.6,0.6944444444444445
GAAAUCCCAUCCCUCGUCC,0.4704548120498657,7.68539089069755e-43,497,GGACGAGGGATGGGATTTC,0.8,0.5,0.8,0.7000000000000001
UGAAAUCCCAUCCCUCGUC,0.6925493478775024,7.902673883140383e-39,498,GACGAGGGATGGGATTTCA,1.0,0.75,0.8,0.8833333333333333
AUGAAAUCCCAUCCCUCGU,0.5655984282493591,2.9345818407353216e-34,499,ACGAGGGATGGGATTTCAT,0.8,0.6666666666666666,0.6,0.7222222222222222
CAUGAAAUCCCAUCCCUCG,0.4546760320663452,5.3450576570566605e-31,500,CGAGGGATGGGATTTCATG,0.8,0.5833333333333334,0.6,0.6944444444444445
ACAUGAAAUCCCAUCCCUC,0.6037065982818604,9.068469062394466e-29,501,GAGGGATGGGATTTCATGT,1.0,0.5833333333333334,1.0,0.8611111111111112
UACAUGAAAUCCCAUCCCU,0.6844533085823059,8.091325358797696e-39,502,AGGGATGGGATTTCATGTA,0.8,0.75,0.6,0.75
UUACAUGAAAUCCCAUCCC,0.7000342011451721,1.1530446084074424e-43,503,GGGATGGGATTTCATGTAA,1.0,0.8333333333333334,0.8,0.9111111111111111
GUUACAUGAAAUCCCAUCC,0.5797923803329468,3.2237425680974203e-50,504,GGATGGGATTTCATGTAAC,0.8,0.6666666666666666,0.6,0.7222222222222222
GGUUACAUGAAAUCCCAUC,0.41525033116340637,5.724348668675472e-61,505,GATGGGATTTCATGTAACC,0.8,0.5833333333333334,0.6,0.6944444444444445
UGGUUACAUGAAAUCCCAU,0.4867110550403595,6.68320760576049e-67,506,ATGGGATTTCATGTAACCA,0.8,0.5833333333333334,0.6,0.6944444444444445
UUGGUUACAUGAAAUCCCA,0.689665675163269,3.065821131680192e-69,507,TGGGATTTCATGTAACCAA,0.8,0.6666666666666666,0.6,0.7222222222222222
CUUGGUUACAUGAAAUCCC,0.6739353537559509,3.826846023275317e-72,508,GGGATTTCATGTAACCAAG,0.8,0.5,0.6,0.6666666666666666
UCUUGGUUACAUGAAAUCC,0.6776351928710938,2.123521899551153e-70,509,GGATTTCATGTAACCAAGA,1.0,0.75,0.6,0.85
CUCUUGGUUACAUGAAAUC,0.5096744894981384,4.6636272636822733e-66,510,GATTTCATGTAACCAAGAG,0.6,0.5833333333333334,0.4,0.5611111111111111
ACUCUUGGUUACAUGAAAU,0.5014104843139648,1.1489266650801764e-61,511,ATTTCATGTAACCAAGAGT,0.8,0.5833333333333334,0.4,0.6611111111111112
UACUCUUGGUUACAUGAAA,0.5980836153030396,3.395130519247957e-57,512,TTTCATGTAACCAAGAGTA,0.8,0.6666666666666666,0.2,0.6555555555555556
AUACUCUUGGUUACAUGAA,0.6820811629295349,5.25961624017082e-53,513,TTCATGTAACCAAGAGTAT,0.8,0.6666666666666666,0.2,0.6555555555555556
AAUACUCUUGGUUACAUGA,0.7016310691833496,1.1713519793286196e-49,514,TCATGTAACCAAGAGTATT,0.8,0.6666666666666666,0.4,0.688888888888889
GAAUACUCUUGGUUACAUG,0.6926885843276978,3.1570979489709416e-46,515,CATGTAACCAAGAGTATTC,0.8,0.5833333333333334,0.8,0.7277777777777779
GGAAUACUCUUGGUUACAU,0.3926721513271332,1.933703340516416e-41,516,ATGTAACCAAGAGTATTCC,0.6,0.4166666666666667,0.4,0.5055555555555555
UGGAAUACUCUUGGUUACA,0.6634694337844849,9.716893101646731e-39,517,TGTAACCAAGAGTATTCCA,0.8,0.6666666666666666,0.4,0.688888888888889
AUGGAAUACUCUUGGUUAC,0.7555381655693054,2.964275680006286e-35,518,GTAACCAAGAGTATTCCAT,1.0,0.6666666666666666,0.8,0.8555555555555555
AAUGGAAUACUCUUGGUUA,0.6825211644172668,1.4698918665801475e-31,519,TAACCAAGAGTATTCCATT,0.8,0.6666666666666666,0.6,0.7222222222222222
AAAUGGAAUACUCUUGGUU,0.595487654209137,7.809995479840333e-28,520,AACCAAGAGTATTCCATTT,0.8,0.75,0.6,0.75
AAAAUGGAAUACUCUUGGU,0.5893052220344543,3.3004577611686415e-24,521,ACCAAGAGTATTCCATTTT,0.8,0.6666666666666666,0.4,0.688888888888889
AAAAAUGGAAUACUCUUGG,0.6787109375,1.3899243637595755e-24,522,CCAAGAGTATTCCATTTTT,1.0,0.8333333333333334,0.8,0.9111111111111111
UAAAAAUGGAAUACUCUUG,0.7097204923629761,3.316259958317655e-25,523,CAAGAGTATTCCATTTTTA,1.0,0.8333333333333334,0.6,0.8777777777777778
GUAAAAAUGGAAUACUCUU,0.5545710325241089,1.0192609176962805e-24,524,AAGAGTATTCCATTTTTAC,0.6,0.4166666666666667,0.0,0.4388888888888889
AGUAAAAAUGGAAUACUCU,0.6764426827430725,4.4401922265401734e-23,525,AGAGTATTCCATTTTTACT,0.8,0.5833333333333334,0.6,0.6944444444444445
UAGUAAAAAUGGAAUACUC,0.7036837339401245,1.1171439256753733e-24,526,GAGTATTCCATTTTTACTA,1.0,0.5833333333333334,0.6,0.7944444444444444
UUAGUAAAAAUGGAAUACU,0.7422486543655396,9.649930327788893e-28,527,AGTATTCCATTTTTACTAA,0.8,0.6666666666666666,0.4,0.688888888888889
UUUAGUAAAAAUGGAAUAC,0.7108012437820435,4.763125683880517e-27,528,GTATTCCATTTTTACTAAA,1.0,0.75,0.6,0.85
CUUUAGUAAAAAUGGAAUA,0.4041234254837036,2.43010531100305e-25,529,TATTCCATTTTTACTAAAG,0.6,0.5,0.2,0.5
GCUUUAGUAAAAAUGGAAU,0.36107316613197327,6.080178377980504e-26,530,ATTCCATTTTTACTAAAGC,0.6,0.4166666666666667,0.2,0.47222222222222227
UGCUUUAGUAAAAAUGGAA,0.5120111703872681,4.310824653339556e-25,531,TTCCATTTTTACTAAAGCA,0.8,0.5833333333333334,0.2,0.6277777777777779
CUGCUUUAGUAAAAAUGGA,0.5725700259208679,1.9319738818155903e-24,532,TCCATTTTTACTAAAGCAG,0.6,0.3333333333333333,0.0,0.41111111111111104
ACUGCUUUAGUAAAAAUGG,0.7279089689254761,9.988566226420219e-24,533,CCATTTTTACTAAAGCAGT,1.0,0.5,0.4,0.7333333333333334
CACUGCUUUAGUAAAAAUG,0.6691852807998657,6.985497805144659e-23,534,CATTTTTACTAAAGCAGTG,0.6,0.4166666666666667,0.2,0.47222222222222227
ACACUGCUUUAGUAAAAAU,0.4578103721141815,8.029106792595947e-22,535,ATTTTTACTAAAGCAGTGT,0.6,0.3333333333333333,0.2,0.4444444444444444
AACACUGCUUUAGUAAAAA,0.5391032099723816,7.964374917984657e-21,536,TTTTTACTAAAGCAGTGTT,0.8,0.4166666666666667,0.4,0.6055555555555556
AAACACUGCUUUAGUAAAA,0.43833574652671814,1.0439465146310693e-19,537,TTTTACTAAAGCAGTGTTT,0.8,0.5,0.2,0.6000000000000001
AAAACACUGCUUUAGUAAA,0.4387079179286957,3.75095922181386e-20,538,TTTACTAAAGCAGTGTTTT,0.8,0.4166666666666667,0.2,0.5722222222222223
GAAAACACUGCUUUAGUAA,0.42245325446128845,1.4853339404287449e-19,539,TTACTAAAGCAGTGTTTTC,0.6,0.5833333333333334,0.2,0.5277777777777778
UGAAAACACUGCUUUAGUA,0.5743687748908997,3.9469651388241484e-21,540,TACTAAAGCAGTGTTTTCA,0.8,0.5833333333333334,0.6,0.6944444444444445
GUGAAAACACUGCUUUAGU,0.5641860365867615,5.046738088181569e-20,541,ACTAAAGCAGTGTTTTCAC,0.6,0.4166666666666667,0.4,0.5055555555555555
GGUGAAAACACUGCUUUAG,0.5140446424484253,9.979329500140058e-23,542,CTAAAGCAGTGTTTTCACC,0.8,0.5,0.6,0.6666666666666666
AGGUGAAAACACUGCUUUA,0.4510127007961273,1.299661393903808e-21,543,TAAAGCAGTGTTTTCACCT,0.8,0.5,0.4,0.6333333333333334
GAGGUGAAAACACUGCUUU,0.4560575783252716,2.9678783841057933e-20,544,AAAGCAGTGTTTTCACCTC,0.4,0.5,0.6,0.46666666666666673
UGAGGUGAAAACACUGCUU,0.6761703491210938,9.33766549105845e-19,545,AAGCAGTGTTTTCACCTCA,0.6,0.5833333333333334,0.6,0.5944444444444444
AUGAGGUGAAAACACUGCU,0.6465477347373962,1.5990404239393095e-23,546,AGCAGTGTTTTCACCTCAT,0.8,0.5833333333333334,0.6,0.6944444444444445
UAUGAGGUGAAAACACUGC,0.6918495893478394,2.492138150523041e-24,547,GCAGTGTTTTCACCTCATA,1.0,0.8333333333333334,0.8,0.9111111111111111
AUAUGAGGUGAAAACACUG,0.6105835437774658,6.085197344168853e-23,548,CAGTGTTTTCACCTCATAT,1.0,0.5833333333333334,0.6,0.7944444444444444
CAUAUGAGGUGAAAACACU,0.5597860217094421,3.162446705149438e-22,549,AGTGTTTTCACCTCATATG,0.6,0.5,0.2,0.5
GCAUAUGAGGUGAAAACAC,0.49538886547088623,4.460353346179315e-30,550,GTGTTTTCACCTCATATGC,0.8,0.4166666666666667,0.4,0.6055555555555556
AGCAUAUGAGGUGAAAACA,0.5810330510139465,1.3801742145061032e-29,551,TGTTTTCACCTCATATGCT,0.8,0.5,0.4,0.6333333333333334
UAGCAUAUGAGGUGAAAAC,0.6369207501411438,1.8560593674817684e-29,552,GTTTTCACCTCATATGCTA,1.0,0.6666666666666666,0.8,0.8555555555555555
AUAGCAUAUGAGGUGAAAA,0.6301560997962952,1.5951605201363368e-27,553,TTTTCACCTCATATGCTAT,0.8,0.5,0.6,0.6666666666666666
CAUAGCAUAUGAGGUGAAA,0.3673632740974426,6.020638855873834e-26,554,TTTCACCTCATATGCTATG,0.6,0.5,0.4,0.5333333333333333
ACAUAGCAUAUGAGGUGAA,0.42831048369407654,1.5374170281016778e-24,555,TTCACCTCATATGCTATGT,0.8,0.6666666666666666,0.6,0.7222222222222222
AACAUAGCAUAUGAGGUGA,0.54515141248703,4.710955821054238e-23,556,TCACCTCATATGCTATGTT,0.8,0.75,0.6,0.75
UAACAUAGCAUAUGAGGUG,0.6376169919967651,3.2385757021990745e-23,557,CACCTCATATGCTATGTTA,1.0,0.8333333333333334,0.8,0.9111111111111111
CUAACAUAGCAUAUGAGGU,0.5798438787460327,1.2715294504044727e-22,558,ACCTCATATGCTATGTTAG,0.6,0.5,0.4,0.5333333333333333
UCUAACAUAGCAUAUGAGG,0.6274582147598267,2.097323687466853e-22,559,CCTCATATGCTATGTTAGA,1.0,0.75,0.8,0.8833333333333333
UUCUAACAUAGCAUAUGAG,0.6115788221359253,2.1259028297217303e-22,560,CTCATATGCTATGTTAGAA,1.0,0.75,0.8,0.8833333333333333
CUUCUAACAUAGCAUAUGA,0.5583466291427612,5.731386494327764e-21,561,TCATATGCTATGTTAGAAG,0.6,0.5833333333333334,0.2,0.5277777777777778
ACUUCUAACAUAGCAUAUG,0.5877053141593933,3.3042984115830466e-25,562,CATATGCTATGTTAGAAGT,1.0,0.6666666666666666,0.6,0.8222222222222221
GACUUCUAACAUAGCAUAU,0.4484671652317047,2.3484963630722084e-24,563,ATATGCTATGTTAGAAGTC,0.6,0.5833333333333334,0.0,0.49444444444444446
GGACUUCUAACAUAGCAUA,0.4091082215309143,7.868867458623873e-23,564,TATGCTATGTTAGAAGTCC,0.4,0.4166666666666667,0.2,0.3722222222222223
UGGACUUCUAACAUAGCAU,0.641445517539978,1.4935603101435821e-21,565,ATGCTATGTTAGAAGTCCA,0.8,0.6666666666666666,0.6,0.7222222222222222
CUGGACUUCUAACAUAGCA,0.6180304288864136,1.3788338447543463e-31,566,TGCTATGTTAGAAGTCCAG,0.4,0.4166666666666667,0.2,0.3722222222222223
CCUGGACUUCUAACAUAGC,0.5820438265800476,2.0802485420851858e-39,567,GCTATGTTAGAAGTCCAGG,0.6,0.25,0.4,0.44999999999999996
GCCUGGACUUCUAACAUAG,0.43797314167022705,2.4599528079180336e-45,568,CTATGTTAGAAGTCCAGGC,0.6,0.4166666666666667,0.4,0.5055555555555555
UGCCUGGACUUCUAACAUA,0.5981483459472656,8.193529059139178e-47,569,TATGTTAGAAGTCCAGGCA,0.6,0.5833333333333334,0.4,0.5611111111111111
CUGCCUGGACUUCUAACAU,0.4546554684638977,1.1669934014373973e-45,570,ATGTTAGAAGTCCAGGCAG,0.4,0.3333333333333333,0.4,0.37777777777777777
UCUGCCUGGACUUCUAACA,0.6751648187637329,1.1867296315702275e-45,571,TGTTAGAAGTCCAGGCAGA,0.6,0.6666666666666666,0.4,0.5888888888888888
CUCUGCCUGGACUUCUAAC,0.6326998472213745,8.950984796523243e-44,572,GTTAGAAGTCCAGGCAGAG,0.6,0.3333333333333333,0.6,0.5111111111111111
UCUCUGCCUGGACUUCUAA,0.5760930180549622,2.1015849523320596e-42,573,TTAGAAGTCCAGGCAGAGA,0.6,0.6666666666666666,0.6,0.6222222222222221
GUCUCUGCCUGGACUUCUA,0.5053412318229675,1.3065797662452247e-40,574,TAGAAGTCCAGGCAGAGAC,0.4,0.4166666666666667,0.2,0.3722222222222223
UGUCUCUGCCUGGACUUCU,0.6473758220672607,5.326140589366195e-38,575,AGAAGTCCAGGCAGAGACA,0.8,0.75,0.4,0.7166666666666668
UUGUCUCUGCCUGGACUUC,0.7017813920974731,8.199699487200267e-37,576,GAAGTCCAGGCAGAGACAA,1.0,0.6666666666666666,0.8,0.8555555555555555
AUUGUCUCUGCCUGGACUU,0.743881344795227,1.211640345739649e-33,577,AAGTCCAGGCAGAGACAAT,0.8,0.6666666666666666,0.6,0.7222222222222222
UAUUGUCUCUGCCUGGACU,0.7044298648834229,1.9707296841342416e-30,578,AGTCCAGGCAGAGACAATA,0.8,0.6666666666666666,0.8,0.7555555555555555
