Accessibility_Prob,Start_Position,Sense,Antisense,Ui-Tei_Norm,Reynolds_Norm,Amarzguioui_Norm,Confidence_Score,Tm_value,GC_content,seed_Tm,free_energy_5_end,free_energy_3_end,gc_ratio_5_3
0.3811152091,1,ACAGAAGTCCACTCATTCTTG,CAAGAAUGAGUGGACUUCUGU,0.6,0.75,0.8,0.6833333333333332,65.18694317331835,42.86,-18.62922696910266,-1.0,-1.8,50.0
0.36778275321,2,CAGAAGTCCACTCATTCTTGG,CCAAGAAUGAGUGGACUUCUG,0.8,0.6666666666666666,0.8,0.7555555555555555,66.8534294816962,47.62,-37.64896723528233,-1.8,-2.0,50.0
0.4330632334099999,3,AGAAGTCCACTCATTCTTGGC,GCCAAGAAUGAGUGGACUUCU,0.4,0.5833333333333334,0.4,0.4611111111111112,68.26531443549908,47.62,-21.800053582428603,-4.2,-0.4,25.0
0.5016849173449999,4,GAAGTCCACTCATTCTTGGCA,UGCCAAGAAUGAGUGGACUUC,0.6,0.5833333333333334,0.6,0.5944444444444444,68.30847673673793,47.62,-2.640019077578472,-4.2,-1.3,37.5
0.5598955130739999,5,AAGTCCACTCATTCTTGGCAG,CUGCCAAGAAUGAGUGGACUU,0.6,0.4166666666666667,0.4,0.5055555555555555,68.11136960086515,47.62,8.842825473845608,-3.5,-0.1,25.0
0.6052906408863,6,AGTCCACTCATTCTTGGCAGG,CCUGCCAAGAAUGAGUGGACU,0.4,0.5,0.6,0.46666666666666673,71.04929529564288,52.38,0.21848596469777704,-3.4,-2.1,37.5
0.6291731806353,7,GTCCACTCATTCTTGGCAGGA,UCCUGCCAAGAAUGAGUGGAC,0.8,0.3333333333333333,0.4,0.5777777777777778,71.2130749338134,52.38,12.432245012302474,-2.7,-3.8,62.5
0.6313349006933,8,TCCACTCATTCTTGGCAGGAT,AUCCUGCCAAGAAUGAGUGGA,0.8,0.4166666666666667,0.2,0.5722222222222223,69.60652568809087,47.62,22.682789954222983,-2.2,-2.7,50.0
0.6322547727544999,9,CCACTCATTCTTGGCAGGATG,CAUCCUGCCAAGAAUGAGUGG,0.4,0.5,0.6,0.46666666666666673,69.67194206322517,52.38,14.719890278686421,-1.5,-3.5,62.5
0.6288569066469999,10,CACTCATTCTTGGCAGGATGG,CCAUCCUGCCAAGAAUGAGUG,0.6,0.5,0.8,0.6,69.67194206322517,52.38,-0.39285736276531225,-1.9,-1.8,50.0
0.6219472343385001,11,ACTCATTCTTGGCAGGATGGC,GCCAUCCUGCCAAGAAUGAGU,0.4,0.4166666666666667,0.2,0.3722222222222223,71.046673548738,52.38,-0.39285736276531225,-4.2,-2.1,37.5
0.6160006133344901,12,CTCATTCTTGGCAGGATGGCT,AGCCAUCCUGCCAAGAAUGAG,0.8,0.3333333333333333,0.4,0.5777777777777778,70.86823394619654,52.38,11.687850330900687,-4.2,-2.0,37.5
0.6173371738316199,13,TCATTCTTGGCAGGATGGCTT,AAGCCAUCCUGCCAAGAAUGA,0.8,0.4166666666666667,0.2,0.5722222222222223,69.4925349924797,47.62,13.013844780953491,-1.8,-0.5,37.5
0.5496087746362799,14,CATTCTTGGCAGGATGGCTTC,GAAGCCAUCCUGCCAAGAAUG,0.4,0.3333333333333333,0.6,0.41111111111111115,69.6981778675314,52.38,2.1554291267329972,-1.3,0.5,37.5
0.46746954624216996,15,ATTCTTGGCAGGATGGCTTCT,AGAAGCCAUCCUGCCAAGAAU,0.6,0.5,0.4,0.5333333333333333,69.44944718582815,47.62,-0.07183021440800985,-0.4,0.2,50.0
0.4002286148208,16,TTCTTGGCAGGATGGCTTCTC,GAGAAGCCAUCCUGCCAAGAA,0.6,0.3333333333333333,0.2,0.4444444444444444,71.06099421568564,52.38,11.219516660346699,-2.3,-0.4,37.5
0.3205691756639299,17,TCTTGGCAGGATGGCTTCTCA,UGAGAAGCCAUCCUGCCAAGA,0.8,0.4166666666666667,0.6,0.638888888888889,72.28061728749725,52.38,-0.9559449608990462,-2.0,-0.3,37.5
0.24359487610420996,18,CTTGGCAGGATGGCTTCTCAT,AUGAGAAGCCAUCCUGCCAAG,0.8,0.3333333333333333,0.6,0.6111111111111112,70.86823394619654,52.38,-3.347354330057044,-0.5,-1.0,62.5
0.15784363821095998,19,TTGGCAGGATGGCTTCTCATC,GAUGAGAAGCCAUCCUGCCAA,0.8,0.6666666666666666,0.6,0.7222222222222222,71.0328289798486,52.38,-13.966109407954661,-1.5,-1.8,50.0
0.07184810572186999,20,TGGCAGGATGGCTTCTCATCG,CGAUGAGAAGCCAUCCUGCCA,0.6,0.5,0.6,0.5666666666666667,72.79729316190003,57.14,-11.15707726327588,-1.3,-4.2,62.5
0.08060602897184999,21,GGCAGGATGGCTTCTCATCGT,ACGAUGAGAAGCCAUCCUGCC,1.0,0.4166666666666667,0.6,0.7388888888888889,72.92474029685911,57.14,-0.94708904046513,-1.9,-4.2,62.5
0.07841174489177,22,GCAGGATGGCTTCTCATCGTC,GACGAUGAGAAGCCAUCCUGC,0.4,0.4166666666666667,0.8,0.4722222222222223,71.59017726365153,57.14,-4.170154212371301,-2.9,-3.5,50.0
0.09613803929999999,23,CAGGATGGCTTCTCATCGTCT,AGACGAUGAGAAGCCAUCCUG,1.0,0.5833333333333334,0.8,0.8277777777777778,70.045883776739,52.38,-5.692917012679061,-2.1,-3.4,62.5
0.1611139414859,24,AGGATGGCTTCTCATCGTCTG,CAGACGAUGAGAAGCCAUCCU,0.6,0.4166666666666667,0.2,0.47222222222222227,70.04588377673895,52.38,-2.610362340042286,-2.0,-2.7,50.0
0.246386362861,25,GGATGGCTTCTCATCGTCTGC,GCAGACGAUGAGAAGCCAUCC,0.4,0.5,0.8,0.5,71.59017726365164,57.14,-1.4529341479743607,-3.5,-2.2,37.5
0.33742579533,26,GATGGCTTCTCATCGTCTGCT,AGCAGACGAUGAGAAGCCAUC,0.6,0.4166666666666667,0.4,0.5055555555555555,69.95229579262201,52.38,4.896223825404718,-2.5,-1.5,50.0
0.42245035224999994,27,ATGGCTTCTCATCGTCTGCTC,GAGCAGACGAUGAGAAGCCAU,0.6,0.3333333333333333,0.2,0.4444444444444444,69.95229579262201,52.38,12.390865869972913,-3.8,-1.9,37.5
0.4665998803,28,TGGCTTCTCATCGTCTGCTCC,GGAGCAGACGAUGAGAAGCCA,0.6,0.3333333333333333,0.4,0.4777777777777777,72.80574678327878,57.14,2.7546556506267734,-3.7,-4.2,50.0
0.5086008361000001,29,GGCTTCTCATCGTCTGCTCCT,AGGAGCAGACGAUGAGAAGCC,0.8,0.4166666666666667,0.4,0.6055555555555556,72.76663866497364,57.14,10.95967574917853,-2.7,-4.2,62.5
0.5152947608999999,30,GCTTCTCATCGTCTGCTCCTC,GAGGAGCAGACGAUGAGAAGC,0.4,0.25,0.4,0.35000000000000003,71.43912056187412,57.14,14.719890278686421,-3.7,-1.8,37.5
0.48831134219999994,31,CTTCTCATCGTCTGCTCCTCC,GGAGGAGCAGACGAUGAGAAG,0.4,0.4166666666666667,0.6,0.43888888888888894,71.54228413716834,57.14,14.491581794582089,-3.7,-1.3,37.5
0.44130248689999996,32,TTCTCATCGTCTGCTCCTCCT,AGGAGGAGCAGACGAUGAGAA,0.8,0.3333333333333333,0.4,0.5777777777777778,71.40580471342003,52.38,11.865338259442865,-2.7,-0.4,37.5
0.41541290029999994,33,TCTCATCGTCTGCTCCTCCTC,GAGGAGGAGCAGACGAUGAGA,0.4,0.25,0.2,0.3166666666666667,72.82311194732915,57.14,15.637179302083098,-3.7,-2.3,37.5
0.39161086209999996,34,CTCATCGTCTGCTCCTCCTCT,AGAGGAGGAGCAGACGAUGAG,0.8,0.5,0.6,0.6666666666666666,72.6808642990498,57.14,13.148441426870704,-2.0,-2.0,50.0
0.35590770999999993,35,TCATCGTCTGCTCCTCCTCTG,CAGAGGAGGAGCAGACGAUGA,0.4,0.4166666666666667,0.2,0.3722222222222223,72.71983643879258,57.14,11.865338259442865,-2.0,-0.5,37.5
0.34555195548999995,36,CATCGTCTGCTCCTCCTCTGC,GCAGAGGAGGAGCAGACGAUG,0.4,0.4166666666666667,0.4,0.4055555555555556,74.0093002855611,61.9,3.798503068762045,-3.5,-1.5,37.5
0.32665299846,37,ATCGTCTGCTCCTCCTCTGCC,GGCAGAGGAGGAGCAGACGAU,0.6,0.4166666666666667,0.0,0.4388888888888889,75.4393276623984,61.9,9.54679155923236,-4.2,-1.3,37.5
0.31004762374999995,38,TCGTCTGCTCCTCCTCTGCCT,AGGCAGAGGAGGAGCAGACGA,0.8,0.3333333333333333,0.0,0.5111111111111112,76.69052922525816,61.9,10.95967574917853,-4.2,-1.9,37.5
0.31558857547,39,CGTCTGCTCCTCCTCTGCCTT,AAGGCAGAGGAGGAGCAGACG,0.6,0.25,0.4,0.44999999999999996,75.42819619316327,61.9,14.719890278686421,-1.7,-2.9,62.5
0.33322247820999995,40,GTCTGCTCCTCCTCTGCCTTG,CAAGGCAGAGGAGGAGCAGAC,0.6,0.5,0.4,0.5333333333333333,74.93759900362971,61.9,12.192701292640834,-1.0,-2.1,50.0
0.35289705216,41,TCTGCTCCTCCTCTGCCTTGC,GCAAGGCAGAGGAGGAGCAGA,0.4,0.4166666666666667,0.2,0.3722222222222223,76.13049128843318,61.9,-0.07183021440800985,-1.9,-2.0,50.0
0.39508590258,42,CTGCTCCTCCTCTGCCTTGCT,AGCAAGGCAGAGGAGGAGCAG,0.8,0.3333333333333333,0.4,0.5777777777777778,76.02035344025126,61.9,8.842825473845608,-2.5,-3.5,62.5
0.42647221768,43,TGCTCCTCCTCTGCCTTGCTG,CAGCAAGGCAGAGGAGGAGCA,0.6,0.3333333333333333,0.0,0.41111111111111104,76.05761144132487,61.9,8.842825473845608,-3.5,-2.5,37.5
0.46706974748999996,44,GCTCCTCCTCTGCCTTGCTGG,CCAGCAAGGCAGAGGAGGAGC,0.4,0.5,0.6,0.46666666666666673,77.46736345992105,66.67,-4.015378922563684,-3.4,-3.8,50.0
0.5256948347049999,45,CTCCTCCTCTGCCTTGCTGGA,UCCAGCAAGGCAGAGGAGGAG,0.8,0.4166666666666667,0.2,0.5722222222222223,76.27200410535147,61.9,-3.725856033231196,-2.7,-3.7,62.5
0.547938160794,46,TCCTCCTCTGCCTTGCTGGAC,GUCCAGCAAGGCAGAGGAGGA,0.6,0.25,0.0,0.3833333333333333,76.42122849059376,61.9,12.432245012302474,-3.8,-2.7,37.5
0.5556189580800001,47,CCTCCTCTGCCTTGCTGGACT,AGUCCAGCAAGGCAGAGGAGG,0.6,0.5,0.6,0.5666666666666667,76.31339183545299,61.9,14.719890278686421,-2.1,-3.7,62.5
0.48769501641999996,48,CTCCTCTGCCTTGCTGGACTG,CAGUCCAGCAAGGCAGAGGAG,0.6,0.25,0.4,0.44999999999999996,74.85419567684141,61.9,11.03994823917094,-1.8,-3.7,62.5
0.43108095414000003,49,TCCTCTGCCTTGCTGGACTGG,CCAGUCCAGCAAGGCAGAGGA,0.6,0.5,0.2,0.5,76.35067415337562,61.9,2.711014881213714,-3.4,-2.7,37.5
0.39167951542299995,50,CCTCTGCCTTGCTGGACTGGT,ACCAGUCCAGCAAGGCAGAGG,0.6,0.4166666666666667,0.2,0.47222222222222227,76.39268724621445,61.9,11.03994823917094,-2.5,-3.7,62.5
0.37759417418299995,51,CTCTGCCTTGCTGGACTGGTA,UACCAGUCCAGCAAGGCAGAG,1.0,0.25,0.6,0.6833333333333332,74.19216557568666,57.14,11.03994823917094,-2.2,-2.0,50.0
0.346373735112,52,TCTGCCTTGCTGGACTGGTAT,AUACCAGUCCAGCAAGGCAGA,0.8,0.3333333333333333,0.6,0.6111111111111112,72.84808626810809,52.38,1.2966899751655774,0.0,-2.0,62.5
0.334590984936,53,CTGCCTTGCTGGACTGGTATT,AAUACCAGUCCAGCAAGGCAG,1.0,0.6666666666666666,0.8,0.8555555555555555,71.49903938876798,52.38,-0.7871110074157173,1.8,-3.5,87.5
0.30667637951,54,TGCCTTGCTGGACTGGTATTT,AAAUACCAGUCCAGCAAGGCA,1.0,0.5833333333333334,0.6,0.7944444444444444,70.12102001369016,47.62,-12.920908784561277,2.2,-4.2,87.5
0.366826302472,55,GCCTTGCTGGACTGGTATTTG,CAAAUACCAGUCCAGCAAGGC,0.8,0.5833333333333334,0.8,0.7277777777777779,70.30833192269353,52.38,-16.839520146273742,0.6,-4.2,75.0
0.3634336467589999,56,CCTTGCTGGACTGGTATTTGT,ACAAAUACCAGUCCAGCAAGG,0.8,0.6666666666666666,0.8,0.7555555555555555,68.8259907607902,47.62,-39.13822251756497,-0.2,-1.7,62.5
0.34995791650999997,57,CTTGCTGGACTGGTATTTGTG,CACAAAUACCAGUCCAGCAAG,0.6,0.5,0.6,0.5666666666666667,67.30555490913542,47.62,-41.73143596711421,-1.8,-1.0,50.0
0.30599449143999996,58,TTGCTGGACTGGTATTTGTGT,ACACAAAUACCAGUCCAGCAA,1.0,0.75,0.6,0.85,67.21356363166882,42.86,-39.98673018591106,-1.9,-1.9,50.0
0.26758961536000003,59,TGCTGGACTGGTATTTGTGTC,GACACAAAUACCAGUCCAGCA,0.8,0.5,0.4,0.6333333333333334,68.9029592240077,47.62,-23.57831054459561,-2.1,-2.5,50.0
0.28871543336999994,60,GCTGGACTGGTATTTGTGTCT,AGACACAAAUACCAGUCCAGC,0.8,0.5833333333333334,1.0,0.7611111111111112,68.85981949447404,47.62,-17.51544646176302,-2.1,-3.5,62.5
0.2890693602,61,CTGGACTGGTATTTGTGTCTG,CAGACACAAAUACCAGUCCAG,0.6,0.5,0.6,0.5666666666666667,67.44018500361443,47.62,0.8783140000460321,-2.0,-3.4,62.5
0.274210241842,62,TGGACTGGTATTTGTGTCTGA,UCAGACACAAAUACCAGUCCA,1.0,0.5833333333333334,0.6,0.7944444444444444,67.36005735242054,42.86,0.6104854263089123,-2.0,-2.7,50.0
0.327936567767,63,GGACTGGTATTTGTGTCTGAG,CUCAGACACAAAUACCAGUCC,0.4,0.5,0.6,0.46666666666666673,67.60015553420675,47.62,-0.8991076138455583,-2.0,-3.8,62.5
0.39132799553819997,64,GACTGGTATTTGTGTCTGAGG,CCUCAGACACAAAUACCAGUC,0.6,0.75,0.6,0.65,67.60015553420675,47.62,1.953384648994927,-3.7,-2.1,37.5
0.4694066742759,65,ACTGGTATTTGTGTCTGAGGC,GCCUCAGACACAAAUACCAGU,0.4,0.4166666666666667,0.2,0.3722222222222223,68.85981949447404,47.62,0.22548131656162695,-4.2,-1.8,37.5
0.5377324393806999,66,CTGGTATTTGTGTCTGAGGCT,AGCCUCAGACACAAAUACCAG,0.8,0.4166666666666667,0.6,0.638888888888889,68.66618509505895,47.62,9.54679155923236,-4.2,-3.4,50.0
0.5470321795719999,67,TGGTATTTGTGTCTGAGGCTG,CAGCCUCAGACACAAAUACCA,0.6,0.4166666666666667,0.2,0.47222222222222227,68.70960774099694,47.62,14.719890278686421,-3.5,-2.5,37.5
0.542181422845,68,GGTATTTGTGTCTGAGGCTGG,CCAGCCUCAGACACAAAUACC,0.4,0.4166666666666667,0.6,0.43888888888888894,70.41293528921545,52.38,14.491581794582089,-3.4,-2.2,37.5
0.5353242862400001,69,GTATTTGTGTCTGAGGCTGGC,GCCAGCCUCAGACACAAAUAC,0.4,0.3333333333333333,0.4,0.37777777777777777,70.31531543161088,52.38,12.192701292640834,-4.2,0.0,25.0
0.470942610872,70,TATTTGTGTCTGAGGCTGGCC,GGCCAGCCUCAGACACAAAUA,0.4,0.25,0.2,0.3166666666666667,71.65996843143722,52.38,22.682789954222983,-5.9,1.8,0.0
0.3996848424849999,71,ATTTGTGTCTGAGGCTGGCCC,GGGCCAGCCUCAGACACAAAU,0.4,0.25,0.2,0.3166666666666667,73.94493845277572,57.14,23.65952036869379,-5.9,2.2,0.0
0.323420774701,72,TTTGTGTCTGAGGCTGGCCCT,AGGGCCAGCCUCAGACACAAA,0.6,0.16666666666666666,0.2,0.3888888888888889,75.22617292415765,57.14,22.682789954222983,-4.1,0.6,25.0
0.25045709849299996,73,TTGTGTCTGAGGCTGGCCCTA,UAGGGCCAGCCUCAGACACAA,0.8,0.16666666666666666,0.2,0.488888888888889,75.730320742826,57.14,26.586437269137434,-2.1,-0.2,37.5
0.17853534322299996,74,TGTGTCTGAGGCTGGCCCTAC,GUAGGGCCAGCCUCAGACACA,0.4,0.3333333333333333,0.2,0.3444444444444445,77.02427704423735,61.9,26.3837522468516,-1.5,-1.8,50.0
0.13649283931859996,75,GTGTCTGAGGCTGGCCCTACG,CGUAGGGCCAGCCUCAGACAC,0.6,0.4166666666666667,0.4,0.5055555555555555,77.4964842318758,66.67,15.310522564130281,-1.3,-1.9,50.0
0.08604703490151,76,TGTCTGAGGCTGGCCCTACGG,CCGUAGGGCCAGCCUCAGACA,0.4,0.25,0.0,0.2833333333333334,78.85597846617475,66.67,11.511190589987223,-3.3,-2.1,37.5
0.08264273330003599,77,GTCTGAGGCTGGCCCTACGGG,CCCGUAGGGCCAGCCUCAGAC,0.6,0.4166666666666667,0.4,0.5055555555555555,80.19284379742226,71.43,5.18918136604367,-4.9,-2.1,25.0
0.12321871466261498,78,TCTGAGGCTGGCCCTACGGGC,GCCCGUAGGGCCAGCCUCAGA,0.4,0.3333333333333333,0.0,0.3111111111111111,81.37966931013597,71.43,5.18918136604367,-5.9,-2.0,25.0
0.20549341468570703,79,CTGAGGCTGGCCCTACGGGCA,UGCCCGUAGGGCCAGCCUCAG,0.8,0.25,0.2,0.5166666666666667,81.35445578901493,71.43,9.147508777058817,-4.2,-2.0,37.5
0.253992189976126,80,TGAGGCTGGCCCTACGGGCAC,GUGCCCGUAGGGCCAGCCUCA,0.4,0.25,0.0,0.2833333333333334,81.4807972918698,71.43,22.329459002430838,-3.6,-2.0,37.5
0.28868218639537596,81,GAGGCTGGCCCTACGGGCACC,GGUGCCCGUAGGGCCAGCCUC,0.6,0.4166666666666667,0.6,0.5388888888888889,82.73082364864598,76.19,21.219919897758587,-3.5,-3.7,50.0
0.333301418028284,82,AGGCTGGCCCTACGGGCACCG,CGGUGCCCGUAGGGCCAGCCU,0.6,0.25,0.2,0.4166666666666667,83.33633398916459,76.19,23.90816431879915,-3.3,-4.2,50.0
0.35562765837087096,83,GGCTGGCCCTACGGGCACCGG,CCGGUGCCCGUAGGGCCAGCC,0.6,0.25,0.2,0.4166666666666667,84.57550409378155,80.95,23.90816431879915,-4.9,-4.2,37.5
0.38792814243134593,84,GCTGGCCCTACGGGCACCGGT,ACCGGUGCCCGUAGGGCCAGC,0.6,0.16666666666666666,0.2,0.3888888888888889,83.45439655255609,76.19,18.63789176570282,-3.3,-3.5,50.0
0.39687639540478103,85,CTGGCCCTACGGGCACCGGTG,CACCGGUGCCCGUAGGGCCAG,0.6,0.16666666666666666,0.2,0.3888888888888889,82.17051626733655,76.19,17.46197836515438,-3.5,-3.4,50.0
0.40403876623586,86,TGGCCCTACGGGCACCGGTGA,UCACCGGUGCCCGUAGGGCCA,0.8,0.3333333333333333,0.2,0.5444444444444445,82.43860515467782,71.43,11.321691869311962,-2.1,-4.2,62.5
0.40076709162267,87,GGCCCTACGGGCACCGGTGAA,UUCACCGGUGCCCGUAGGGCC,0.8,0.25,0.4,0.55,81.2373260316806,71.43,17.46197836515438,-0.4,-5.9,87.5
0.34990134770633,88,GCCCTACGGGCACCGGTGAAT,AUUCACCGGUGCCCGUAGGGC,1.0,0.5,0.8,0.7999999999999999,78.53466996489686,66.67,8.720391721909834,0.2,-5.9,87.5
0.28637630744551,89,CCCTACGGGCACCGGTGAATC,GAUUCACCGGUGCCCGUAGGG,0.8,0.5833333333333334,0.6,0.6944444444444445,77.26340843843667,66.67,-0.7801779943173983,0.2,-4.1,75.0
0.25624197799569,90,CCTACGGGCACCGGTGAATCC,GGAUUCACCGGUGCCCGUAGG,0.6,0.5,0.6,0.5666666666666667,77.26340843843661,66.67,-16.39261972815666,-2.2,-2.1,50.0
0.22491296141432002,91,CTACGGGCACCGGTGAATCCA,UGGAUUCACCGGUGCCCGUAG,0.8,0.4166666666666667,0.4,0.6055555555555556,75.80543940705667,61.9,-14.57140761936256,-2.7,-1.5,50.0
0.18624803158529998,92,TACGGGCACCGGTGAATCCAA,UUGGAUUCACCGGUGCCCGUA,1.0,0.4166666666666667,0.4,0.7055555555555556,74.5958849995431,57.14,-0.8362871982442357,-1.8,-1.3,50.0
0.10164389809929998,93,ACGGGCACCGGTGAATCCAAG,CUUGGAUUCACCGGUGCCCGU,0.8,0.5,0.4,0.6333333333333334,75.30398871488228,61.9,-14.897411355624115,-1.0,-3.3,62.5
0.12418114994070001,94,CGGGCACCGGTGAATCCAAGT,ACUUGGAUUCACCGGUGCCCG,1.0,0.5833333333333334,0.8,0.8277777777777778,75.30398871488234,61.9,-14.897411355624172,-0.1,-4.9,87.5
0.13896651111746,95,GGGCACCGGTGAATCCAAGTG,CACUUGGAUUCACCGGUGCCC,0.6,0.4166666666666667,0.4,0.5055555555555555,74.80210109962741,61.9,-2.6400190775784154,-1.8,-5.9,75.0
0.15393905141449998,96,GGCACCGGTGAATCCAAGTGT,ACACUUGGAUUCACCGGUGCC,1.0,0.5,0.8,0.7999999999999999,73.38983929320779,57.14,-4.173562337106375,-1.9,-4.2,62.5
0.22326012007379997,97,GCACCGGTGAATCCAAGTGTC,GACACUUGGAUUCACCGGUGC,0.6,0.5,0.6,0.5666666666666667,72.01601185804049,57.14,-7.675096366880609,-2.1,-3.6,62.5
0.2975347314731,98,CACCGGTGAATCCAAGTGTCC,GGACACUUGGAUUCACCGGUG,0.6,0.5,0.8,0.6,72.12691175230395,57.14,-17.86547538556374,-3.8,-3.5,50.0
0.36955566966,99,ACCGGTGAATCCAAGTGTCCT,AGGACACUUGGAUUCACCGGU,0.8,0.4166666666666667,0.2,0.5722222222222223,71.96523555983873,52.38,0.6104854263088555,-2.7,-3.3,62.5
0.44607613923,100,CCGGTGAATCCAAGTGTCCTC,GAGGACACUUGGAUUCACCGG,0.6,0.3333333333333333,0.6,0.5111111111111111,72.06727672542229,57.14,12.490439088344374,-3.7,-4.9,62.5
0.45651076584999994,101,CGGTGAATCCAAGTGTCCTCT,AGAGGACACUUGGAUUCACCG,0.8,0.3333333333333333,1.0,0.6777777777777777,70.39657850966785,52.38,2.711014881213714,-2.0,-3.3,62.5
0.48273563619000004,102,GGTGAATCCAAGTGTCCTCTG,CAGAGGACACUUGGAUUCACC,0.4,0.3333333333333333,0.6,0.41111111111111115,69.97920690048471,52.38,13.280212445763027,-2.0,-3.5,62.5
0.5082042943599999,103,GTGAATCCAAGTGTCCTCTGA,UCAGAGGACACUUGGAUUCAC,0.8,0.4166666666666667,0.6,0.638888888888889,68.43185762839431,47.62,3.798503068762045,-2.0,-2.1,50.0
0.53411769778,104,TGAATCCAAGTGTCCTCTGAT,AUCAGAGGACACUUGGAUUCA,0.8,0.5,0.2,0.6000000000000001,66.72803201173798,42.86,9.54679155923236,-0.5,-0.4,50.0
0.54918124094,105,GAATCCAAGTGTCCTCTGATG,CAUCAGAGGACACUUGGAUUC,0.6,0.8333333333333334,0.6,0.6777777777777777,67.02869013715951,47.62,0.22548131656162695,-1.5,0.2,37.5
0.5124976328899999,106,AATCCAAGTGTCCTCTGATGG,CCAUCAGAGGACACUUGGAUU,0.4,0.5833333333333334,0.6,0.4944444444444445,68.34510656354422,47.62,-11.15707726327588,-1.9,0.2,37.5
0.44306678079999995,107,ATCCAAGTGTCCTCTGATGGT,ACCAUCAGAGGACACUUGGAU,1.0,0.5833333333333334,0.4,0.7611111111111112,69.72522389078807,47.62,-3.8099960903926444,-2.5,-2.2,50.0
0.36586958320000007,108,TCCAAGTGTCCTCTGATGGTC,GACCAUCAGAGGACACUUGGA,0.6,0.3333333333333333,0.2,0.4444444444444444,71.30808378587108,52.38,-0.12060304371362918,-3.8,-2.7,37.5
0.3751312016900001,109,CCAAGTGTCCTCTGATGGTCA,UGACCAUCAGAGGACACUUGG,0.8,0.5833333333333334,0.8,0.7277777777777779,71.187544707038,52.38,1.3697309579086436,-2.1,-1.8,50.0
0.34054598545,110,CAAGTGTCCTCTGATGGTCAA,UUGACCAUCAGAGGACACUUG,0.8,0.5,0.6,0.6666666666666666,68.28097425177447,47.62,1.3697309579086436,-0.4,-1.0,62.5
0.25158878850999994,111,AAGTGTCCTCTGATGGTCAAA,UUUGACCAUCAGAGGACACUU,1.0,0.5833333333333334,0.6,0.7944444444444444,66.74877305927907,42.86,2.9866363242618377,0.6,-0.1,50.0
0.20470411744999994,112,AGTGTCCTCTGATGGTCAAAG,CUUUGACCAUCAGAGGACACU,0.6,0.75,0.6,0.65,68.23777873700499,47.62,-0.7801779943173983,0.7,-1.8,62.5
0.19852683674,113,GTGTCCTCTGATGGTCAAAGT,ACUUUGACCAUCAGAGGACAC,1.0,0.6666666666666666,0.8,0.8555555555555555,68.4313813790638,47.62,-19.422534651410388,-0.1,-1.9,62.5
0.27056310699,114,TGTCCTCTGATGGTCAAAGTT,AACUUUGACCAUCAGAGGACA,0.8,0.4166666666666667,0.4,0.6055555555555556,66.74877305927902,42.86,-21.800053582428603,-0.1,-2.1,62.5
0.29560286971999994,115,GTCCTCTGATGGTCAAAGTTC,GAACUUUGACCAUCAGAGGAC,0.8,0.75,0.8,0.7833333333333333,67.21520973937544,47.62,-23.941378614899094,-1.4,-3.8,62.5
0.28320564425999994,116,TCCTCTGATGGTCAAAGTTCT,AGAACUUUGACCAUCAGAGGA,1.0,0.6666666666666666,0.6,0.8222222222222221,66.71393121527001,42.86,-45.15416585949782,-0.4,-2.7,62.5
0.31938391973999997,117,CCTCTGATGGTCAAAGTTCTA,UAGAACUUUGACCAUCAGAGG,0.8,0.5,0.6,0.6666666666666666,65.85429147412367,42.86,-19.763686591105056,-0.7,-3.7,75.0
0.32598279279,118,CTCTGATGGTCAAAGTTCTAG,CUAGAACUUUGACCAUCAGAG,0.8,0.6666666666666666,1.0,0.7888888888888889,64.30479836050233,42.86,-16.210205548921067,-1.4,-2.0,50.0
0.2936297098999999,119,TCTGATGGTCAAAGTTCTAGA,UCUAGAACUUUGACCAUCAGA,0.8,0.75,0.6,0.75,64.14291094645881,38.1,-15.885768725311038,-0.7,-2.0,62.5
0.3062768042,120,CTGATGGTCAAAGTTCTAGAT,AUCUAGAACUUUGACCAUCAG,1.0,0.4166666666666667,0.6,0.7388888888888889,62.66443765843502,38.1,-18.15863694108117,-0.5,-2.0,62.5
0.2614489292,121,TGATGGTCAAAGTTCTAGATG,CAUCUAGAACUUUGACCAUCA,0.6,0.75,0.6,0.65,62.71224282777348,38.1,-10.550934586316828,-1.5,-0.5,37.5
0.28269195558000004,122,GATGGTCAAAGTTCTAGATGC,GCAUCUAGAACUUUGACCAUC,0.6,0.6666666666666666,0.6,0.6222222222222221,64.58507577670707,42.86,-15.174894424519778,-2.0,-1.5,50.0
0.33912329599,123,ATGGTCAAAGTTCTAGATGCT,AGCAUCUAGAACUUUGACCAU,1.0,0.5,0.4,0.7333333333333334,63.9397168756887,38.1,-14.855171200397535,-2.5,-1.9,50.0
0.38792300539999997,124,TGGTCAAAGTTCTAGATGCTG,CAGCAUCUAGAACUUUGACCA,0.6,0.5,0.4,0.5333333333333333,65.6117005479772,42.86,1.431982453841215,-3.5,-2.5,37.5
0.4431664665,125,GGTCAAAGTTCTAGATGCTGT,ACAGCAUCUAGAACUUUGACC,0.8,0.6666666666666666,0.8,0.7555555555555555,65.77721594307337,42.86,1.431982453841215,-1.8,-3.8,62.5
0.500668947,126,GTCAAAGTTCTAGATGCTGTC,GACAGCAUCUAGAACUUUGAC,0.6,0.3333333333333333,0.6,0.5111111111111111,64.47106035382438,42.86,-1.4353278244986996,-2.1,-2.1,50.0
0.5165991447,127,TCAAAGTTCTAGATGCTGTCC,GGACAGCAUCUAGAACUUUGA,0.4,0.6666666666666666,0.4,0.4888888888888889,65.79295797525452,42.86,1.6437886513029412,-3.8,-0.4,25.0
0.5541295396,128,CAAAGTTCTAGATGCTGTCCG,CGGACAGCAUCUAGAACUUUG,0.4,0.5,0.4,0.43333333333333335,66.30110597763917,47.62,12.39086586997297,-3.5,0.6,25.0
0.5894974533999999,129,AAAGTTCTAGATGCTGTCCGA,UCGGACAGCAUCUAGAACUUU,0.6,0.4166666666666667,0.2,0.47222222222222227,66.14546175498555,42.86,11.03994823917094,-3.5,0.7,25.0
0.58285896063,130,AAGTTCTAGATGCTGTCCGAG,CUCGGACAGCAUCUAGAACUU,0.6,0.3333333333333333,0.2,0.4444444444444444,67.66383089632649,47.62,8.720391721909834,-2.8,-0.1,25.0
0.559610798284,131,AGTTCTAGATGCTGTCCGAGG,CCUCGGACAGCAUCUAGAACU,0.4,0.5833333333333334,0.4,0.4611111111111112,70.60635349433005,52.38,11.181591900387616,-3.7,-0.1,25.0
0.563436322195,132,GTTCTAGATGCTGTCCGAGGC,GCCUCGGACAGCAUCUAGAAC,0.4,0.16666666666666666,0.6,0.35555555555555557,72.14697489260067,57.14,9.64166276999714,-4.2,-1.4,37.5
0.551997758574,133,TTCTAGATGCTGTCCGAGGCA,UGCCUCGGACAGCAUCUAGAA,0.8,0.25,0.2,0.5166666666666667,71.89586903602418,52.38,18.18317746422207,-4.2,-0.4,25.0
0.5001680735940001,134,TCTAGATGCTGTCCGAGGCAG,CUGCCUCGGACAGCAUCUAGA,0.4,0.3333333333333333,0.4,0.37777777777777777,73.16789613001481,57.14,19.319707517702966,-3.5,-0.7,25.0
0.4307043300959999,135,CTAGATGCTGTCCGAGGCAGT,ACUGCCUCGGACAGCAUCUAG,0.6,0.5833333333333334,0.6,0.5944444444444444,73.19312590842753,57.14,14.719890278686421,-1.8,-1.4,50.0
0.34434079636199993,136,TAGATGCTGTCCGAGGCAGTC,GACUGCCUCGGACAGCAUCUA,0.6,0.25,0.2,0.4166666666666667,73.33251881523285,57.14,12.192701292640834,-2.1,-0.7,37.5
0.26845114876799997,137,AGATGCTGTCCGAGGCAGTCC,GGACUGCCUCGGACAGCAUCU,0.4,0.5,0.2,0.4000000000000001,75.51312782600087,61.9,13.688865358925057,-3.8,-0.5,25.0
0.229459576865,138,GATGCTGTCCGAGGCAGTCCT,AGGACUGCCUCGGACAGCAUC,0.6,0.25,0.2,0.4166666666666667,75.51312782600081,61.9,12.39086586997297,-2.7,-1.5,50.0
0.173772339701,139,ATGCTGTCCGAGGCAGTCCTG,CAGGACUGCCUCGGACAGCAU,0.6,0.25,0.0,0.3833333333333333,75.43450525384014,61.9,11.03994823917094,-3.4,-2.0,37.5
0.20074141786976,140,TGCTGTCCGAGGCAGTCCTGC,GCAGGACUGCCUCGGACAGCA,0.6,0.4166666666666667,0.2,0.47222222222222227,77.99784008236861,66.67,2.434425216662021,-3.5,-2.5,37.5
0.21256042289359,141,GCTGTCCGAGGCAGTCCTGCC,GGCAGGACUGCCUCGGACAGC,0.4,0.3333333333333333,0.2,0.3444444444444445,79.33407563212671,71.43,11.039948239170997,-4.2,-3.5,50.0
0.23373326059647004,142,CTGTCCGAGGCAGTCCTGCCA,UGGCAGGACUGCCUCGGACAG,0.8,0.16666666666666666,0.4,0.5222222222222223,78.15314646148533,66.67,14.719890278686421,-4.2,-1.8,37.5
0.23375072988976,143,TGTCCGAGGCAGTCCTGCCAT,AUGGCAGGACUGCCUCGGACA,0.6,0.25,0.2,0.4166666666666667,76.94234995814861,61.9,22.682789954222983,-1.9,-2.1,50.0
0.21858806676864,144,GTCCGAGGCAGTCCTGCCATC,GAUGGCAGGACUGCCUCGGAC,0.6,0.5,0.8,0.6,76.96292624285417,66.67,12.432245012302474,-1.5,-3.8,62.5
0.19773581549892996,145,TCCGAGGCAGTCCTGCCATCA,UGAUGGCAGGACUGCCUCGGA,0.8,0.4166666666666667,0.4,0.6055555555555556,76.89742210566942,61.9,2.431700633957803,-0.5,-3.5,75.0
0.20233742637866997,146,CCGAGGCAGTCCTGCCATCAA,UUGAUGGCAGGACUGCCUCGG,1.0,0.4166666666666667,0.4,0.7055555555555556,75.63257866012134,61.9,13.013844780953434,-0.4,-3.5,75.0
0.1657899438515,147,CGAGGCAGTCCTGCCATCAAT,AUUGAUGGCAGGACUGCCUCG,0.8,0.5833333333333334,0.8,0.7277777777777779,72.8205758158511,57.14,-0.12060304371362918,0.5,-2.8,75.0
0.1826775703936,148,GAGGCAGTCCTGCCATCAATG,CAUUGAUGGCAGGACUGCCUC,0.8,0.6666666666666666,1.0,0.7888888888888889,72.36993625030993,57.14,-18.297561634288343,0.5,-3.7,75.0
0.2376970884288,149,AGGCAGTCCTGCCATCAATGT,ACAUUGAUGGCAGGACUGCCU,1.0,0.6666666666666666,0.6,0.8222222222222221,72.28198562668763,52.38,-33.13752143930279,-0.3,-4.2,75.0
0.28943378551410004,150,GGCAGTCCTGCCATCAATGTG,CACAUUGAUGGCAGGACUGCC,0.8,0.4166666666666667,0.6,0.638888888888889,72.42986883603635,57.14,-18.297561634288343,-1.8,-4.2,62.5
0.35980201093739994,151,GCAGTCCTGCCATCAATGTGG,CCACAUUGAUGGCAGGACUGC,0.6,0.6666666666666666,0.8,0.6555555555555554,72.42986883603629,57.14,-20.273848024934722,-3.5,-3.5,50.0
0.3565271863624,152,CAGTCCTGCCATCAATGTGGC,GCCACAUUGAUGGCAGGACUG,0.6,0.4166666666666667,0.6,0.5388888888888889,72.42986883603635,57.14,-20.273848024934722,-4.2,-1.8,37.5
0.3412245866509,153,AGTCCTGCCATCAATGTGGCC,GGCCACAUUGAUGGCAGGACU,0.4,0.3333333333333333,0.4,0.37777777777777777,73.88985083046549,57.14,-1.5460861347355603,-5.9,-2.1,25.0
0.29820752506189996,154,GTCCTGCCATCAATGTGGCCG,CGGCCACAUUGAUGGCAGGAC,0.6,0.3333333333333333,0.2,0.4444444444444444,74.45251059019108,61.9,13.922458362394252,-5.0,-3.8,37.5
0.27184021987599993,155,TCCTGCCATCAATGTGGCCGT,ACGGCCACAUUGAUGGCAGGA,0.8,0.25,0.4,0.55,74.414383446756,57.14,23.90816431879921,-3.3,-2.7,37.5
0.203385321648,156,CCTGCCATCAATGTGGCCGTG,CACGGCCACAUUGAUGGCAGG,0.4,0.08333333333333333,0.2,0.2611111111111111,74.3635207931224,61.9,21.219919897758587,-2.6,-3.4,50.0
0.21978818765669997,157,CTGCCATCAATGTGGCCGTGC,GCACGGCCACAUUGAUGGCAG,0.6,0.3333333333333333,0.6,0.5111111111111111,74.23611768719252,61.9,22.32945900243078,-3.6,-3.5,50.0
0.23453263291829995,158,TGCCATCAATGTGGCCGTGCA,UGCACGGCCACAUUGAUGGCA,0.8,0.25,0.2,0.5166666666666667,74.2301064700294,57.14,18.63789176570282,-2.5,-4.2,62.5
0.3256328714069999,159,GCCATCAATGTGGCCGTGCAT,AUGCACGGCCACAUUGAUGGC,0.8,0.16666666666666666,0.4,0.5222222222222223,72.92633563203128,57.14,18.63789176570282,-2.0,-4.2,62.5
0.415515309272,160,CCATCAATGTGGCCGTGCATG,CAUGCACGGCCACAUUGAUGG,0.4,0.6666666666666666,0.8,0.5555555555555555,71.56956844141604,57.14,7.728566333085382,-1.2,-1.9,50.0
0.426401611367,161,CATCAATGTGGCCGTGCATGT,ACAUGCACGGCCACAUUGAUG,0.8,0.5,0.8,0.7000000000000001,70.07070103527451,52.38,0.3484977688285653,-0.3,-1.5,62.5
0.40812506535,162,ATCAATGTGGCCGTGCATGTG,CACAUGCACGGCCACAUUGAU,0.6,0.25,0.2,0.4166666666666667,70.07070103527445,52.38,-1.1605294868865599,-1.8,-0.5,37.5
0.38821961315,163,TCAATGTGGCCGTGCATGTGT,ACACAUGCACGGCCACAUUGA,0.8,0.5833333333333334,0.4,0.6611111111111112,71.50857454412755,52.38,0.3484977688285653,-1.9,-0.4,37.5
0.31904344355,164,CAATGTGGCCGTGCATGTGTT,AACACAUGCACGGCCACAUUG,0.8,0.4166666666666667,0.6,0.638888888888889,70.14124177900635,52.38,-4.9951864161222375,-0.1,0.5,50.0
0.23961841331,165,AATGTGGCCGTGCATGTGTTC,GAACACAUGCACGGCCACAUU,0.6,0.5,0.6,0.5666666666666667,70.27489629196282,52.38,-14.449931489615949,-1.4,0.5,37.5
0.20979651237999997,166,ATGTGGCCGTGCATGTGTTCA,UGAACACAUGCACGGCCACAU,1.0,0.5833333333333334,0.6,0.7944444444444444,71.50857454412755,52.38,-17.515446461763077,-0.4,-0.3,50.0
0.17496498726999996,167,TGTGGCCGTGCATGTGTTCAG,CUGAACACAUGCACGGCCACA,0.6,0.4166666666666667,0.4,0.5055555555555555,72.89021651018459,57.14,-2.7117701542659916,-2.0,-1.8,50.0
0.2414437656,168,GTGGCCGTGCATGTGTTCAGA,UCUGAACACAUGCACGGCCAC,1.0,0.5,0.8,0.7999999999999999,72.99488894353112,57.14,-15.532640373842185,-2.0,-3.5,62.5
0.29304372363,169,TGGCCGTGCATGTGTTCAGAA,UUCUGAACACAUGCACGGCCA,1.0,0.4166666666666667,0.4,0.7055555555555556,71.52515115648333,52.38,-4.525298476404089,-0.4,-4.2,75.0
0.32251299542,170,GGCCGTGCATGTGTTCAGAAA,UUUCUGAACACAUGCACGGCC,1.0,0.5833333333333334,0.8,0.8277777777777778,70.28621694063065,52.38,-13.966109407954661,0.3,-5.9,87.5
0.39246816717239996,171,GCCGTGCATGTGTTCAGAAAG,CUUUCUGAACACAUGCACGGC,0.8,0.5833333333333334,0.8,0.7277777777777779,68.75189990274328,52.38,-13.966109407954661,0.7,-5.0,87.5
0.44210573947500004,172,CCGTGCATGTGTTCAGAAAGG,CCUUUCUGAACACAUGCACGG,0.8,0.75,0.8,0.7833333333333333,68.8374094905841,52.38,-21.800053582428603,-1.7,-3.3,62.5
0.40577429861,173,CGTGCATGTGTTCAGAAAGGC,GCCUUUCUGAACACAUGCACG,0.4,0.4166666666666667,0.8,0.4722222222222223,68.75189990274339,52.38,-22.151960157157532,-4.2,-2.6,50.0
0.40124928662,174,GTGCATGTGTTCAGAAAGGCT,AGCCUUUCUGAACACAUGCAC,1.0,0.5833333333333334,0.6,0.7944444444444444,68.07214142101822,47.62,-6.356940151322306,-4.2,-3.6,50.0
0.38619167905999996,175,TGCATGTGTTCAGAAAGGCTG,CAGCCUUUCUGAACACAUGCA,0.6,0.4166666666666667,0.2,0.47222222222222227,67.91881521788565,47.62,-3.9386698121159043,-3.5,-2.5,37.5
0.3929829069659999,176,GCATGTGTTCAGAAAGGCTGC,GCAGCCUUUCUGAACACAUGC,0.4,0.5,0.6,0.46666666666666673,69.55209309608875,52.38,-0.36320208452758607,-3.5,-2.0,37.5
0.41970056984869997,177,CATGTGTTCAGAAAGGCTGCT,AGCAGCCUUUCUGAACACAUG,0.6,0.3333333333333333,0.4,0.4777777777777777,67.87501718214565,47.62,12.192701292640834,-2.5,-1.2,50.0
0.37407746374899997,178,ATGTGTTCAGAAAGGCTGCTG,CAGCAGCCUUUCUGAACACAU,0.6,0.3333333333333333,0.2,0.4444444444444444,67.87501718214577,47.62,23.65952036869379,-3.5,-0.3,25.0
0.3538796712049999,179,TGTGTTCAGAAAGGCTGCTGA,UCAGCAGCCUUUCUGAACACA,0.6,0.4166666666666667,0.4,0.5055555555555555,69.32189791220867,47.62,13.56743888170007,-2.0,-1.8,50.0
0.374938385133,180,GTGTTCAGAAAGGCTGCTGAT,AUCAGCAGCCUUUCUGAACAC,1.0,0.3333333333333333,0.4,0.6777777777777777,68.03134217143679,47.62,8.605928966550493,-0.5,-1.9,62.5
0.4041658688559999,181,TGTTCAGAAAGGCTGCTGATG,CAUCAGCAGCCUUUCUGAACA,0.4,0.5833333333333334,0.6,0.4944444444444445,67.87865157702731,47.62,3.0257717588536934,-1.5,-0.1,37.5
0.421873483105,182,GTTCAGAAAGGCTGCTGATGA,UCAUCAGCAGCCUUUCUGAAC,0.8,0.5833333333333334,0.6,0.6944444444444445,68.03406498668744,47.62,1.431982453841215,-0.5,-1.4,62.5
0.44063455700600007,183,TTCAGAAAGGCTGCTGATGAC,GUCAUCAGCAGCCUUUCUGAA,0.8,0.4166666666666667,0.4,0.6055555555555556,68.0340649866875,47.62,-3.8099960903926444,-2.1,-0.4,37.5
0.413568846449,184,TCAGAAAGGCTGCTGATGACA,UGUCAUCAGCAGCCUUUCUGA,0.8,0.75,0.8,0.7833333333333333,69.26291099572592,47.62,-10.847053617376389,-2.1,-2.0,50.0
0.418095662388,185,CAGAAAGGCTGCTGATGACAC,GUGUCAUCAGCAGCCUUUCUG,0.8,0.5,0.6,0.6666666666666666,69.47899625726569,52.38,0.7223655127903044,-1.9,-2.0,50.0
0.4184004312213999,186,AGAAAGGCTGCTGATGACACC,GGUGUCAUCAGCAGCCUUUCU,0.4,0.5833333333333334,0.4,0.4611111111111112,70.94594550108303,52.38,-12.60851009954979,-3.5,-0.4,25.0
0.4032468845569,187,GAAAGGCTGCTGATGACACCT,AGGUGUCAUCAGCAGCCUUUC,0.6,0.4166666666666667,0.6,0.5388888888888889,70.94594550108297,52.38,0.8783140000460321,-2.5,0.3,37.5
0.38616131168449996,188,AAAGGCTGCTGATGACACCTG,CAGGUGUCAUCAGCAGCCUUU,0.4,0.5,0.2,0.4000000000000001,70.82076379587079,52.38,12.490439088344317,-3.4,0.7,25.0
0.3062706442293,189,AAGGCTGCTGATGACACCTGG,CCAGGUGUCAUCAGCAGCCUU,0.6,0.3333333333333333,0.6,0.5111111111111111,73.63131446516076,57.14,1.2966899751655774,-3.4,-1.7,37.5
0.2459057941024,190,AGGCTGCTGATGACACCTGGG,CCCAGGUGUCAUCAGCAGCCU,0.6,0.3333333333333333,0.0,0.41111111111111104,76.3157676898071,61.9,8.653590768698109,-4.1,-4.2,50.0
0.2459730018628,191,GGCTGCTGATGACACCTGGGA,UCCCAGGUGUCAUCAGCAGCC,0.8,0.3333333333333333,0.2,0.5444444444444445,76.42310913036346,61.9,12.296737155252174,-4.4,-4.2,50.0
0.274471327516,192,GCTGCTGATGACACCTGGGAG,CUCCCAGGUGUCAUCAGCAGC,0.4,0.25,0.2,0.3166666666666667,74.94593169866806,61.9,21.650524234980367,-3.7,-3.5,50.0
0.317876020165,193,CTGCTGATGACACCTGGGAGC,GCUCCCAGGUGUCAUCAGCAG,0.6,0.5,0.4,0.5333333333333333,74.945931698668,61.9,13.385797821575068,-3.8,-3.5,50.0
0.362196610074,194,TGCTGATGACACCTGGGAGCC,GGCUCCCAGGUGUCAUCAGCA,0.6,0.25,0.2,0.4166666666666667,76.4231091303634,61.9,13.385797821575068,-4.2,-2.5,37.5
0.359918814413,195,GCTGATGACACCTGGGAGCCA,UGGCUCCCAGGUGUCAUCAGC,0.6,0.25,0.2,0.4166666666666667,76.4231091303634,61.9,24.481806654955676,-4.2,-3.5,50.0
0.414621666285,196,CTGATGACACCTGGGAGCCAT,AUGGCUCCCAGGUGUCAUCAG,0.8,0.16666666666666666,0.4,0.5222222222222223,73.79851543829119,57.14,24.481806654955676,-1.9,-2.0,50.0
0.45421750596000005,197,TGATGACACCTGGGAGCCATT,AAUGGCUCCCAGGUGUCAUCA,0.8,0.5,0.6,0.6666666666666666,72.54937782307678,52.38,14.719890278686421,0.5,-0.5,50.0
0.46609443754999996,198,GATGACACCTGGGAGCCATTT,AAAUGGCUCCCAGGUGUCAUC,0.8,0.4166666666666667,0.6,0.638888888888889,71.32872596022412,52.38,2.1554291267329972,2.2,-1.5,75.0
0.4541915284699999,199,ATGACACCTGGGAGCCATTTG,CAAAUGGCUCCCAGGUGUCAU,0.8,0.5,0.6,0.6666666666666666,71.20681309387322,52.38,-1.3242554458919358,0.6,-0.5,50.0
0.39590435132999996,200,TGACACCTGGGAGCCATTTGC,GCAAAUGGCUCCCAGGUGUCA,0.6,0.5833333333333334,0.6,0.5944444444444444,73.98412720776804,57.14,-22.88935891573604,-1.9,-2.1,50.0
0.33946977287999996,201,GACACCTGGGAGCCATTTGCC,GGCAAAUGGCUCCCAGGUGUC,0.8,0.5,0.4,0.6333333333333334,75.48306730395262,61.9,-26.131744652825887,-4.2,-2.1,37.5
0.29314019925999996,202,ACACCTGGGAGCCATTTGCCT,AGGCAAAUGGCUCCCAGGUGU,0.8,0.5,0.4,0.6333333333333334,75.35835530383679,57.14,-19.9952758696636,-4.2,-1.9,37.5
0.279608774817,203,CACCTGGGAGCCATTTGCCTC,GAGGCAAAUGGCUCCCAGGUG,0.6,0.3333333333333333,0.4,0.4777777777777777,75.32916161111655,61.9,-3.6449665854108275,-3.7,-3.5,50.0
0.259121431322,204,ACCTGGGAGCCATTTGCCTCT,AGAGGCAAAUGGCUCCCAGGU,0.8,0.4166666666666667,0.6,0.638888888888889,75.28157713096869,57.14,-0.07183021440800985,-2.0,-2.5,50.0
0.22780473054299996,205,CCTGGGAGCCATTTGCCTCTG,CAGAGGCAAAUGGCUCCCAGG,0.4,0.25,0.4,0.35000000000000003,75.17397302166313,61.9,14.719890278686421,-2.0,-3.4,62.5
0.194440656974,206,CTGGGAGCCATTTGCCTCTGG,CCAGAGGCAAAUGGCUCCCAG,0.6,0.4166666666666667,0.8,0.5722222222222223,75.17397302166307,61.9,14.491581794582089,-3.4,-3.4,50.0
0.21664559470990002,207,TGGGAGCCATTTGCCTCTGGG,CCCAGAGGCAAAUGGCUCCCA,0.6,0.3333333333333333,0.0,0.41111111111111104,76.68967143792747,61.9,9.54679155923236,-4.1,-4.1,50.0
0.2776889039005,208,GGGAGCCATTTGCCTCTGGGA,UCCCAGAGGCAAAUGGCUCCC,0.8,0.4166666666666667,0.2,0.5722222222222223,76.75795116485341,61.9,9.54679155923236,-4.4,-4.4,50.0
0.33671495379099997,209,GGAGCCATTTGCCTCTGGGAA,UUCCCAGAGGCAAAUGGCUCC,0.6,0.4166666666666667,0.4,0.5055555555555555,74.06657956709597,57.14,13.385797821575125,-2.1,-3.7,62.5
0.36885233936,210,GAGCCATTTGCCTCTGGGAAA,UUUCCCAGAGGCAAAUGGCUC,1.0,0.5,0.8,0.7999999999999999,71.24795974060851,52.38,13.385797821575068,0.3,-3.8,75.0
0.40697207454,211,AGCCATTTGCCTCTGGGAAAA,UUUUCCCAGAGGCAAAUGGCU,1.0,0.5,0.6,0.7666666666666666,69.67957590189997,47.62,1.322128562365208,2.3,-4.2,87.5
0.42914764991300003,212,GCCATTTGCCTCTGGGAAAAC,GUUUUCCCAGAGGCAAAUGGC,0.8,0.5,0.8,0.7000000000000001,70.06977923783546,52.38,-2.5432253995495557,0.6,-4.2,75.0
0.45723320179000004,213,CCATTTGCCTCTGGGAAAACC,GGUUUUCCCAGAGGCAAAUGG,0.6,0.6666666666666666,0.6,0.6222222222222221,70.16729393147966,52.38,-22.00683401113338,-1.8,-1.9,50.0
0.45331840411100005,214,CATTTGCCTCTGGGAAAACCA,UGGUUUUCCCAGAGGCAAAUG,0.8,0.4166666666666667,0.6,0.638888888888889,68.42024292616242,47.62,-23.213410312085784,-2.5,0.5,37.5
0.42432568076800004,215,ATTTGCCTCTGGGAAAACCAG,CUGGUUUUCCCAGAGGCAAAU,0.6,0.4166666666666667,0.2,0.47222222222222227,68.37573929467817,47.62,-24.188990002689394,-3.4,2.2,12.5
0.3624408305530999,216,TTTGCCTCTGGGAAAACCAGT,ACUGGUUUUCCCAGAGGCAAA,0.8,0.5833333333333334,0.6,0.6944444444444445,69.86350015244687,47.62,-20.130077533321042,-1.8,0.6,37.5
0.2955732033436,217,TTGCCTCTGGGAAAACCAGTG,CACUGGUUUUCCCAGAGGCAA,0.6,0.25,0.4,0.44999999999999996,71.31041627502736,52.38,-4.173562337106318,-1.8,-1.9,50.0
0.23199222073379996,218,TGCCTCTGGGAAAACCAGTGA,UCACUGGUUUUCCCAGAGGCA,0.8,0.3333333333333333,0.6,0.6111111111111112,72.67823917449965,52.38,1.2966899751655774,-2.1,-4.2,62.5
0.1975703392181,219,GCCTCTGGGAAAACCAGTGAG,CUCACUGGUUUUCCCAGAGGC,0.6,0.25,0.6,0.48333333333333334,72.73569852866268,57.14,8.653590768698109,-2.0,-4.2,62.5
0.21164734493399998,220,CCTCTGGGAAAACCAGTGAGT,ACUCACUGGUUUUCCCAGAGG,0.8,0.5,0.8,0.7000000000000001,71.3659580580213,52.38,-0.8991076138455583,-2.1,-3.7,62.5
0.2697154451783,221,CTCTGGGAAAACCAGTGAGTC,GACUCACUGGUUUUCCCAGAG,0.6,0.25,0.4,0.44999999999999996,69.99724184297719,52.38,-1.1742417086165347,-2.1,-2.0,50.0
0.3121787152114999,222,TCTGGGAAAACCAGTGAGTCT,AGACUCACUGGUUUUCCCAGA,0.8,0.5,0.4,0.6333333333333334,69.80071393459247,47.62,0.6104854263089123,-2.1,-2.0,50.0
0.39332438007820003,223,CTGGGAAAACCAGTGAGTCTG,CAGACUCACUGGUUUUCCCAG,0.6,0.16666666666666666,0.6,0.45555555555555555,69.86233429186268,52.38,1.953384648994927,-2.0,-3.4,62.5
0.4798246492271999,224,TGGGAAAACCAGTGAGTCTGG,CCAGACUCACUGGUUUUCCCA,0.6,0.4166666666666667,0.6,0.5388888888888889,71.40766437798811,52.38,1.692193860821419,-3.4,-4.1,50.0
0.4786976935971999,225,GGGAAAACCAGTGAGTCTGGA,UCCAGACUCACUGGUUUUCCC,0.8,0.16666666666666666,0.6,0.5555555555555557,71.5289062760138,52.38,-1.1742417086165347,-2.7,-4.4,62.5
0.4897450132810699,226,GGAAAACCAGTGAGTCTGGAG,CUCCAGACUCACUGGUUUUCC,0.4,0.3333333333333333,0.6,0.41111111111111115,69.99724184297713,52.38,11.039948239170997,-3.7,-2.1,37.5
0.4473463054125,227,GAAAACCAGTGAGTCTGGAGA,UCUCCAGACUCACUGGUUUUC,0.6,0.5833333333333334,0.6,0.5944444444444444,68.43493684766986,47.62,4.06705071333505,-2.3,0.3,37.5
0.35452730108999997,228,AAAACCAGTGAGTCTGGAGAG,CUCUCCAGACUCACUGGUUUU,0.4,0.4166666666666667,0.2,0.3722222222222223,68.23895442208584,47.62,9.54679155923236,-2.0,2.3,25.0
0.3206752839,229,AAACCAGTGAGTCTGGAGAGC,GCUCUCCAGACUCACUGGUUU,0.4,0.5833333333333334,0.6,0.4944444444444445,71.07163614381767,52.38,4.06705071333505,-3.8,0.6,25.0
0.261877588595,230,AACCAGTGAGTCTGGAGAGCT,AGCUCUCCAGACUCACUGGUU,0.8,0.3333333333333333,0.2,0.5444444444444445,72.24850418126567,52.38,11.865338259442865,-2.5,-1.8,50.0
0.21723480551399996,231,ACCAGTGAGTCTGGAGAGCTG,CAGCUCUCCAGACUCACUGGU,0.6,0.3333333333333333,0.2,0.4444444444444444,73.5434238458912,57.14,13.17132228514663,-3.5,-2.5,37.5
0.23593088457369998,232,CCAGTGAGTCTGGAGAGCTGC,GCAGCUCUCCAGACUCACUGG,0.4,0.4166666666666667,0.4,0.4055555555555556,74.78580155197966,61.9,2.482602508688217,-3.5,-3.4,50.0
0.2618402747193,233,CAGTGAGTCTGGAGAGCTGCA,UGCAGCUCUCCAGACUCACUG,0.8,0.4166666666666667,0.6,0.638888888888889,73.29883474849396,57.14,10.95967574917853,-2.5,-1.8,50.0
0.2857035969301999,234,AGTGAGTCTGGAGAGCTGCAT,AUGCAGCUCUCCAGACUCACU,0.6,0.16666666666666666,0.2,0.3888888888888889,71.92535876706069,52.38,13.56743888170007,-2.0,-1.8,50.0
0.2971450535034,235,GTGAGTCTGGAGAGCTGCATG,CAUGCAGCUCUCCAGACUCAC,0.6,0.5,0.8,0.6,72.082582381826,57.14,13.797797202275376,-1.2,-2.1,50.0
0.25186700110099997,236,TGAGTCTGGAGAGCTGCATGG,CCAUGCAGCUCUCCAGACUCA,0.4,0.5,0.4,0.43333333333333335,73.39304364712757,57.14,-1.4353278244986996,-1.9,-2.0,50.0
0.2661435673617,237,GAGTCTGGAGAGCTGCATGGG,CCCAUGCAGCUCUCCAGACUC,0.6,0.3333333333333333,0.2,0.4444444444444444,74.87551341196797,61.9,-1.1605294868865599,-4.1,-2.1,37.5
0.30356413405259997,238,AGTCTGGAGAGCTGCATGGGC,GCCCAUGCAGCUCUCCAGACU,0.4,0.3333333333333333,0.0,0.3111111111111111,76.096903384896,61.9,10.770974683467273,-5.9,-2.1,25.0
0.31128048792561996,239,GTCTGGAGAGCTGCATGGGCT,AGCCCAUGCAGCUCUCCAGAC,0.8,0.25,0.2,0.5166666666666667,76.096903384896,61.9,9.335194148159815,-4.2,-2.1,37.5
0.31788052667691,240,TCTGGAGAGCTGCATGGGCTC,GAGCCCAUGCAGCUCUCCAGA,0.4,0.25,0.2,0.3166666666666667,76.05735874220841,61.9,14.341061441561067,-3.8,-2.0,37.5
0.31555315445231,241,CTGGAGAGCTGCATGGGCTCA,UGAGCCCAUGCAGCUCUCCAG,0.8,0.4166666666666667,0.4,0.6055555555555556,75.98449795203175,61.9,16.211832795246153,-2.0,-3.4,62.5
0.32842312557267,242,TGGAGAGCTGCATGGGCTCAC,GUGAGCCCAUGCAGCUCUCCA,0.6,0.25,0.2,0.4166666666666667,76.13363426764352,61.9,24.481806654955676,-2.1,-2.7,50.0
0.33764077473635,243,GGAGAGCTGCATGGGCTCACA,UGUGAGCCCAUGCAGCUCUCC,0.6,0.5,0.6,0.5666666666666667,76.13363426764352,61.9,14.719890278686421,-1.8,-3.7,62.5
0.37436224930009,244,GAGAGCTGCATGGGCTCACAA,UUGUGAGCCCAUGCAGCUCUC,1.0,0.25,0.6,0.6833333333333332,73.48183335020445,57.14,12.39086586997297,-0.2,-2.3,62.5
0.3559311011909999,245,AGAGCTGCATGGGCTCACAAC,GUUGUGAGCCCAUGCAGCUCU,0.6,0.6666666666666666,0.4,0.5888888888888888,73.50859265103895,57.14,-0.8991076138455583,-1.1,-2.0,50.0
0.39769798601129996,246,GAGCTGCATGGGCTCACAACT,AGUUGUGAGCCCAUGCAGCUC,1.0,0.5833333333333334,0.8,0.8277777777777778,73.50859265103901,57.14,-15.532640373842185,-0.1,-3.8,75.0
0.4356955526445999,247,AGCTGCATGGGCTCACAACTG,CAGUUGUGAGCCCAUGCAGCU,0.8,0.4166666666666667,0.4,0.6055555555555556,73.40980907742653,57.14,-5.747749161955198,-1.8,-2.5,50.0
0.4657089156383999,248,GCTGCATGGGCTCACAACTGA,UCAGUUGUGAGCCCAUGCAGC,0.8,0.5,1.0,0.7333333333333334,73.54750229250789,57.14,-17.86547538556374,-2.0,-3.5,62.5
0.453432025005,249,CTGCATGGGCTCACAACTGAG,CUCAGUUGUGAGCCCAUGCAG,0.8,0.4166666666666667,0.6,0.638888888888889,72.16489286419733,57.14,-7.675096366880609,-2.0,-3.5,62.5
0.443486194934,250,TGCATGGGCTCACAACTGAGG,CCUCAGUUGUGAGCCCAUGCA,0.6,0.6666666666666666,0.6,0.6222222222222221,73.67049735803528,57.14,-15.870771041240175,-3.7,-2.5,37.5
0.35311708986,251,GCATGGGCTCACAACTGAGGA,UCCUCAGUUGUGAGCCCAUGC,0.6,0.4166666666666667,0.6,0.5388888888888889,73.76678499483893,57.14,-1.1742417086165915,-2.7,-2.0,50.0
0.2821664185,252,CATGGGCTCACAACTGAGGAG,CUCCUCAGUUGUGAGCCCAUG,0.4,0.3333333333333333,0.6,0.41111111111111115,72.3855590032926,57.14,9.54679155923236,-3.7,-1.2,37.5
0.19950180636000003,253,ATGGGCTCACAACTGAGGAGG,CCUCCUCAGUUGUGAGCCCAU,0.6,0.5,0.6,0.5666666666666667,73.85248569534275,57.14,4.06705071333505,-3.7,-1.9,37.5
0.17720465075,254,TGGGCTCACAACTGAGGAGGA,UCCUCCUCAGUUGUGAGCCCA,0.8,0.3333333333333333,0.4,0.5777777777777778,75.24926736779946,57.14,11.865338259442865,-2.7,-4.1,62.5
0.14601012604,255,GGGCTCACAACTGAGGAGGAA,UUCCUCCUCAGUUGUGAGCCC,0.8,0.16666666666666666,0.6,0.5555555555555557,74.04148129141788,57.14,13.148441426870704,-2.1,-5.9,75.0
0.20449435337,256,GGCTCACAACTGAGGAGGAAT,AUUCCUCCUCAGUUGUGAGCC,1.0,0.5,1.0,0.8333333333333334,71.17224897388638,52.38,15.637179302083098,0.2,-4.2,75.0
0.26546986438000003,257,GCTCACAACTGAGGAGGAATT,AAUUCCUCCUCAGUUGUGAGC,0.8,0.6666666666666666,0.8,0.7555555555555555,68.26531443549902,47.62,0.35809768291221644,2.2,-3.8,87.5
0.32193805079099996,258,CTCACAACTGAGGAGGAATTT,AAAUUCCUCCUCAGUUGUGAG,1.0,0.5,1.0,0.8333333333333334,65.2730353887282,42.86,-15.232813680819788,2.2,-2.0,75.0
0.36871340013,259,TCACAACTGAGGAGGAATTTG,CAAAUUCCUCCUCAGUUGUGA,0.6,0.75,0.6,0.65,65.31910260197822,42.86,-18.778327069413024,0.6,-2.1,62.5
0.44730636871000007,260,CACAACTGAGGAGGAATTTGT,ACAAAUUCCUCCUCAGUUGUG,1.0,0.6666666666666666,0.8,0.8555555555555555,65.30036922573197,42.86,-41.204484781720424,-0.2,-1.8,62.5
0.47413476499999996,261,ACAACTGAGGAGGAATTTGTA,UACAAAUUCCUCCUCAGUUGU,0.8,0.5833333333333334,0.4,0.6611111111111112,64.21817575236417,38.1,-46.763397327740705,-0.5,-0.2,50.0
0.511291568,262,CAACTGAGGAGGAATTTGTAG,CUACAAAUUCCUCCUCAGUUG,0.6,0.75,0.8,0.6833333333333332,64.40549476841596,42.86,-39.98673018591106,-1.5,-1.1,50.0
0.5250207459999999,263,AACTGAGGAGGAATTTGTAGA,UCUACAAAUUCCUCCUCAGUU,1.0,0.75,0.8,0.8833333333333333,64.19601503680116,38.1,-39.49728371795214,-0.7,-0.1,50.0
0.516163951,264,ACTGAGGAGGAATTTGTAGAA,UUCUACAAAUUCCUCCUCAGU,0.8,0.5,0.4,0.6333333333333334,64.19601503680116,38.1,-19.827201617877535,-0.4,-1.8,62.5
0.528927716,265,CTGAGGAGGAATTTGTAGAAG,CUUCUACAAAUUCCUCCUCAG,0.8,0.6666666666666666,0.8,0.7555555555555555,64.38302621719055,42.86,-12.018998261390266,-1.3,-2.0,50.0
0.573806166,266,TGAGGAGGAATTTGTAGAAGG,CCUUCUACAAAUUCCUCCUCA,0.6,0.8333333333333334,0.8,0.7111111111111111,65.94643711304923,42.86,-15.885768725310982,-1.7,-2.0,50.0
0.5908890499999999,267,GAGGAGGAATTTGTAGAAGGG,CCCUUCUACAAAUUCCUCCUC,0.6,0.5,0.6,0.5666666666666667,67.76999313197405,47.62,-18.1586369410812,-4.1,-3.7,50.0
0.602720843,268,AGGAGGAATTTGTAGAAGGGA,UCCCUUCUACAAAUUCCUCCU,0.8,0.5,0.2,0.6000000000000001,67.4875695608597,42.86,-2.9267797811324954,-4.4,-2.7,37.5
0.570407369,269,GGAGGAATTTGTAGAAGGGAT,AUCCCUUCUACAAAUUCCUCC,0.8,0.5833333333333334,0.6,0.6944444444444445,66.2261477843715,42.86,9.795577040634555,-2.2,-3.7,62.5
0.511020254,270,GAGGAATTTGTAGAAGGGATA,UAUCCCUUCUACAAAUUCCUC,1.0,0.5,1.0,0.8333333333333334,63.63371287645322,38.1,1.0346848138437963,-0.2,-3.7,75.0
0.452358089,271,AGGAATTTGTAGAAGGGATAT,AUAUCCCUUCUACAAAUUCCU,1.0,0.5833333333333334,0.4,0.7611111111111112,61.64478608441351,33.33,3.2168179015668557,1.6,-2.7,75.0
0.3973321189999999,272,GGAATTTGTAGAAGGGATATA,UAUAUCCCUUCUACAAAUUCC,0.8,0.75,0.6,0.75,61.01791119958784,33.33,2.91533238882829,1.4,-2.1,75.0
0.31540019599999997,273,GAATTTGTAGAAGGGATATAC,GUAUAUCCCUUCUACAAAUUC,0.6,0.6666666666666666,0.6,0.6222222222222221,59.679069339262014,33.33,-12.14173198833356,0.0,0.2,50.0
0.23416981299999992,274,AATTTGTAGAAGGGATATACA,UGUAUAUCCCUUCUACAAAUU,0.8,0.75,0.2,0.6833333333333335,58.802547969573936,28.57,-28.31326837636169,-0.5,2.2,37.5
0.22545038729999997,275,ATTTGTAGAAGGGATATACAA,UUGUAUAUCCCUUCUACAAAU,0.8,0.5,0.0,0.5666666666666668,58.802547969573936,28.57,-30.601480731329104,-0.2,2.2,37.5
0.2762073923,276,TTTGTAGAAGGGATATACAAA,UUUGUAUAUCCCUUCUACAAA,0.8,0.75,0.6,0.75,58.7525252307301,28.57,-30.462256865094787,0.6,0.6,50.0
0.34241031639999997,277,TTGTAGAAGGGATATACAAAG,CUUUGUAUAUCCCUUCUACAA,0.8,0.75,0.6,0.75,60.64638635353157,33.33,-35.11994065516183,0.7,-0.2,50.0
0.4240381876,278,TGTAGAAGGGATATACAAAGT,ACUUUGUAUAUCCCUUCUACA,0.8,0.75,0.8,0.7833333333333333,62.16004330666897,33.33,-39.49728371795214,-0.1,-0.5,50.0
0.5004114329,279,GTAGAAGGGATATACAAAGTG,CACUUUGUAUAUCCCUUCUAC,0.6,0.5833333333333334,0.8,0.6277777777777778,62.64769495539002,38.1,-23.941378614899094,-1.8,-1.5,50.0
0.5830351619999999,280,TAGAAGGGATATACAAAGTGG,CCACUUUGUAUAUCCCUUCUA,0.8,0.75,0.6,0.75,64.00476717964528,38.1,-23.941378614899094,-3.5,-0.7,25.0
0.6614091091999998,281,AGAAGGGATATACAAAGTGGA,UCCACUUUGUAUAUCCCUUCU,0.8,0.5833333333333334,0.4,0.6611111111111112,64.8966652965799,38.1,-23.941378614899065,-2.7,-0.4,37.5
0.662381131,282,GAAGGGATATACAAAGTGGAA,UUCCACUUUGUAUAUCCCUUC,0.8,0.5833333333333334,0.6,0.6944444444444445,63.6525743713965,38.1,-4.173562337106432,-2.1,-1.3,50.0
0.6656754895,283,AAGGGATATACAAAGTGGAAA,UUUCCACUUUGUAUAUCCCUU,1.0,0.5833333333333334,0.6,0.7944444444444444,61.63368984581683,33.33,2.711014881213657,0.3,-1.7,62.5
0.5999645540999999,284,AGGGATATACAAAGTGGAAAT,AUUUCCACUUUGUAUAUCCCU,1.0,0.6666666666666666,0.6,0.8222222222222221,61.65305084446419,33.33,-0.7801779943173983,2.2,-4.1,87.5
0.5333040726,285,GGGATATACAAAGTGGAAATA,UAUUUCCACUUUGUAUAUCCC,1.0,0.5833333333333334,1.0,0.8611111111111112,61.0225872845794,33.33,-18.01525383232891,1.8,-4.4,87.5
0.46604106199999995,286,GGATATACAAAGTGGAAATAG,CUAUUUCCACUUUGUAUAUCC,0.6,0.75,0.6,0.65,59.42677218041672,33.33,-18.778327069413024,0.1,-2.2,62.5
0.402097832,287,GATATACAAAGTGGAAATAGA,UCUAUUUCCACUUUGUAUAUC,0.8,0.75,0.6,0.75,57.512042419075954,28.57,-36.49891527482819,-0.7,-0.2,50.0
0.339604988,288,ATATACAAAGTGGAAATAGAC,GUCUAUUUCCACUUUGUAUAU,0.6,0.5833333333333334,0.0,0.49444444444444446,57.4435935333658,28.57,-42.162752891078554,-2.1,1.6,25.0
0.2979635809999999,289,TATACAAAGTGGAAATAGACA,UGUCUAUUUCCACUUUGUAUA,0.8,0.8333333333333334,0.4,0.7444444444444446,58.719088848446916,28.57,-32.94347434913581,-2.1,1.4,25.0
0.2258258913,290,ATACAAAGTGGAAATAGACAC,GUGUCUAUUUCCACUUUGUAU,0.6,0.5833333333333334,0.4,0.5611111111111111,60.207565644372494,33.33,-13.033680915808418,-1.9,0.0,37.5
0.21997610559999997,291,TACAAAGTGGAAATAGACACC,GGUGUCUAUUUCCACUUUGUA,0.6,0.6666666666666666,0.8,0.6555555555555554,63.54955253318843,38.1,-12.018998261390266,-3.5,-0.5,25.0
0.22076580549999997,292,ACAAAGTGGAAATAGACACCA,UGGUGUCUAUUUCCACUUUGU,0.6,0.5,0.4,0.5333333333333333,64.24058259985628,38.1,0.6104854263088555,-2.5,-0.2,37.5
0.2901003834,293,CAAAGTGGAAATAGACACCAA,UUGGUGUCUAUUUCCACUUUG,0.8,0.5,0.6,0.6666666666666666,62.75046056911248,38.1,12.490439088344317,-1.8,0.6,37.5
0.3574864944000001,294,AAAGTGGAAATAGACACCAAA,UUUGGUGUCUAUUUCCACUUU,0.8,0.5833333333333334,0.4,0.6611111111111112,60.90544343897608,33.33,1.5807531890579867,0.6,0.7,50.0
0.4229955192,295,AAGTGGAAATAGACACCAAAT,AUUUGGUGUCUAUUUCCACUU,1.0,0.75,0.4,0.8166666666666668,60.93246834298168,33.33,-3.878911470231799,2.2,-0.1,62.5
0.4740607327999999,296,AGTGGAAATAGACACCAAATC,GAUUUGGUGUCUAUUUCCACU,0.6,0.6666666666666666,0.6,0.6222222222222221,62.974275643198496,38.1,-20.130077533321042,0.2,-1.8,62.5
0.5404834069999999,297,GTGGAAATAGACACCAAATCT,AGAUUUGGUGUCUAUUUCCAC,1.0,0.6666666666666666,1.0,0.8888888888888888,62.974275643198496,38.1,-22.88935891573604,-0.5,-3.5,75.0
0.6103112801,298,TGGAAATAGACACCAAATCTT,AAGAUUUGGUGUCUAUUUCCA,1.0,0.5833333333333334,0.4,0.7611111111111112,60.9792733793073,33.33,-22.021438418088877,-0.3,-2.7,62.5
0.6728114036999999,299,GGAAATAGACACCAAATCTTA,UAAGAUUUGGUGUCUAUUUCC,0.8,0.75,0.8,0.7833333333333333,60.30392939750277,33.33,-37.64896723528233,0.3,-2.1,62.5
0.6694572809999999,300,GAAATAGACACCAAATCTTAC,GUAAGAUUUGGUGUCUAUUUC,0.6,0.75,0.8,0.6833333333333332,58.965344373308426,33.33,-37.64896723528233,0.1,0.3,50.0
0.607426763,301,AAATAGACACCAAATCTTACT,AGUAAGAUUUGGUGUCUAUUU,0.8,0.8333333333333334,0.4,0.7444444444444446,57.99351475702116,28.57,-32.943474349135755,-0.5,2.2,37.5
0.5499777882999999,302,AATAGACACCAAATCTTACTG,CAGUAAGAUUUGGUGUCUAUU,0.6,0.5,0.6,0.5666666666666667,59.95798353228429,33.33,-15.885768725311038,-1.8,1.8,25.0
0.46250595969999997,303,ATAGACACCAAATCTTACTGG,CCAGUAAGAUUUGGUGUCUAU,0.6,0.75,0.6,0.65,63.321467912924334,38.1,-20.176418716767955,-3.4,0.1,25.0
0.43035267,304,TAGACACCAAATCTTACTGGA,UCCAGUAAGAUUUGGUGUCUA,1.0,0.5,0.6,0.7666666666666666,64.82446307233181,38.1,-19.827201617877535,-2.7,-0.7,37.5
0.41068426999999996,305,AGACACCAAATCTTACTGGAA,UUCCAGUAAGAUUUGGUGUCU,0.8,0.5,0.4,0.6333333333333334,64.21817575236417,38.1,-0.7871110074156604,-2.1,-2.1,50.0
0.41058486399999994,306,GACACCAAATCTTACTGGAAG,CUUCCAGUAAGAUUUGGUGUC,0.6,0.6666666666666666,0.6,0.6222222222222221,64.62312048522227,42.86,2.711014881213714,-1.3,-2.1,50.0
0.41712399299999997,307,ACACCAAATCTTACTGGAAGG,CCUUCCAGUAAGAUUUGGUGU,0.4,0.75,0.6,0.55,65.9624807857046,42.86,-2.640019077578472,-1.7,-1.9,50.0
0.4462096624,308,CACCAAATCTTACTGGAAGGC,GCCUUCCAGUAAGAUUUGGUG,0.6,0.5,0.6,0.5666666666666667,67.57205888359977,47.62,-2.6400190775784154,-4.2,-3.5,50.0
0.4543612071,309,ACCAAATCTTACTGGAAGGCA,UGCCUUCCAGUAAGAUUUGGU,0.8,0.5,0.4,0.6333333333333334,67.28066634714969,42.86,9.795577040634555,-4.2,-2.5,37.5
0.4935675279,310,CCAAATCTTACTGGAAGGCAC,GUGCCUUCCAGUAAGAUUUGG,0.4,0.4166666666666667,0.4,0.4055555555555556,67.57205888359971,47.62,11.219516660346699,-3.6,-1.8,37.5
0.5053836919999999,311,CAAATCTTACTGGAAGGCACT,AGUGCCUUCCAGUAAGAUUUG,0.6,0.5833333333333334,0.6,0.5944444444444444,65.68525871585632,42.86,-0.07183021440800985,-1.8,0.6,37.5
0.5191666755000001,312,AAATCTTACTGGAAGGCACTT,AAGUGCCUUCCAGUAAGAUUU,0.6,0.5,0.2,0.5,63.9948990441257,38.1,13.688865358924943,-0.1,2.2,37.5
0.5211583135,313,AATCTTACTGGAAGGCACTTG,CAAGUGCCUUCCAGUAAGAUU,0.4,0.5,0.4,0.43333333333333335,65.68525871585632,42.86,13.688865358925057,-1.0,0.2,37.5
0.48609472279999993,314,ATCTTACTGGAAGGCACTTGG,CCAAGUGCCUUCCAGUAAGAU,0.6,0.5,0.6,0.5666666666666667,68.78047965196629,47.62,-2.12461302341751,-1.8,-0.5,37.5
0.45669725989999993,315,TCTTACTGGAAGGCACTTGGC,GCCAAGUGCCUUCCAGUAAGA,0.4,0.3333333333333333,0.2,0.3444444444444445,71.69473631521578,52.38,-7.675096366880609,-4.2,-0.3,25.0
0.448026887,316,CTTACTGGAAGGCACTTGGCA,UGCCAAGUGCCUUCCAGUAAG,0.6,0.3333333333333333,0.4,0.4777777777777777,71.57441861889612,52.38,-4.173562337106432,-4.2,0.3,25.0
0.4450217423999999,317,TTACTGGAAGGCACTTGGCAT,AUGCCAAGUGCCUUCCAGUAA,0.8,0.5,0.2,0.6000000000000001,70.12102001369021,47.62,8.842825473845608,-2.0,0.1,37.5
0.44014223923,318,TACTGGAAGGCACTTGGCATC,GAUGCCAAGUGCCUUCCAGUA,0.6,0.5,0.4,0.5333333333333333,71.65996843143722,52.38,0.21848596469777704,-1.5,-0.5,37.5
0.4097463885899999,319,ACTGGAAGGCACTTGGCATCT,AGAUGCCAAGUGCCUUCCAGU,0.6,0.4166666666666667,0.8,0.5722222222222223,72.32280766485746,52.38,2.431700633957803,-0.5,-1.8,62.5
0.36932235954000003,320,CTGGAAGGCACTTGGCATCTC,GAGAUGCCAAGUGCCUUCCAG,0.6,0.3333333333333333,0.8,0.5444444444444444,72.4100184556006,57.14,13.013844780953434,-2.3,-3.4,62.5
0.36508457365,321,TGGAAGGCACTTGGCATCTCC,GGAGAUGCCAAGUGCCUUCCA,0.6,0.4166666666666667,0.6,0.5388888888888889,73.91548486869601,57.14,1.431982453841215,-3.7,-2.7,37.5
0.39845043206,322,GGAAGGCACTTGGCATCTCCC,GGGAGAUGCCAAGUGCCUUCC,0.4,0.5,0.2,0.4000000000000001,75.40889681168113,61.9,-0.94708904046513,-4.4,-2.1,37.5
0.40275319536,323,GAAGGCACTTGGCATCTCCCC,GGGGAGAUGCCAAGUGCCUUC,0.4,0.4166666666666667,0.2,0.3722222222222223,75.40889681168113,61.9,2.431809284864471,-5.8,-1.3,25.0
0.39193584341,324,AAGGCACTTGGCATCTCCCCA,UGGGGAGAUGCCAAGUGCCUU,0.8,0.16666666666666666,0.4,0.5222222222222223,75.32061020206817,57.14,15.637179302083098,-4.1,-1.7,37.5
0.36721885192,325,AGGCACTTGGCATCTCCCCAT,AUGGGGAGAUGCCAAGUGCCU,0.8,0.16666666666666666,0.4,0.5222222222222223,75.21306324434994,57.14,23.530155775710682,-1.9,-4.2,62.5
0.38233718405,326,GGCACTTGGCATCTCCCCATT,AAUGGGGAGAUGCCAAGUGCC,0.8,0.3333333333333333,0.8,0.6444444444444445,74.04012265863497,57.14,17.417071326943812,0.5,-4.2,75.0
0.34544542282999996,327,GCACTTGGCATCTCCCCATTC,GAAUGGGGAGAUGCCAAGUGC,0.4,0.4166666666666667,0.8,0.4722222222222223,72.67329238973963,57.14,12.976462206827364,0.2,-3.6,75.0
0.31468339676999996,328,CACTTGGCATCTCCCCATTCC,GGAAUGGGGAGAUGCCAAGUG,0.6,0.5,0.6,0.5666666666666667,72.78828559218073,57.14,-3.3343394516882086,-2.1,-1.8,50.0
0.278029077701,329,ACTTGGCATCTCCCCATTCCA,UGGAAUGGGGAGAUGCCAAGU,0.8,0.3333333333333333,0.2,0.5444444444444445,72.69252545895148,52.38,-3.735406968654047,-2.7,-0.1,37.5
0.259933086086,330,CTTGGCATCTCCCCATTCCAT,AUGGAAUGGGGAGAUGCCAAG,0.8,0.4166666666666667,0.4,0.6055555555555556,71.25185963142167,52.38,-3.735406968654047,-1.9,-1.0,50.0
0.246923664548,331,TTGGCATCTCCCCATTCCATG,CAUGGAAUGGGGAGAUGCCAA,0.8,0.5,0.6,0.6666666666666666,71.29290637334134,52.38,-14.897411355624115,-1.2,-1.8,50.0
0.228387795884,332,TGGCATCTCCCCATTCCATGA,UCAUGGAAUGGGGAGAUGCCA,1.0,0.4166666666666667,0.6,0.7388888888888889,72.62549408975843,52.38,-14.897411355624172,-0.5,-4.2,75.0
0.177440825512,333,GGCATCTCCCCATTCCATGAG,CUCAUGGAAUGGGGAGAUGCC,0.6,0.25,0.6,0.48333333333333334,72.68321642167291,57.14,-0.12060304371362918,-2.0,-4.2,62.5
0.24652018391799999,334,GCATCTCCCCATTCCATGAGC,GCUCAUGGAAUGGGGAGAUGC,0.4,0.5833333333333334,0.8,0.5277777777777778,72.57070675260428,57.14,-0.12060304371362918,-3.8,-2.0,37.5
0.29872447786199996,335,CATCTCCCCATTCCATGAGCA,UGCUCAUGGAAUGGGGAGAUG,0.8,0.3333333333333333,0.6,0.6111111111111112,71.10734116683017,52.38,-3.8099960903925876,-2.5,-1.5,50.0
0.33505083684,336,ATCTCCCCATTCCATGAGCAT,AUGCUCAUGGAAUGGGGAGAU,1.0,0.4166666666666667,0.4,0.7055555555555556,69.65416347399497,47.62,1.431982453841215,-2.0,-0.5,37.5
0.3928537747,337,TCTCCCCATTCCATGAGCATG,CAUGCUCAUGGAAUGGGGAGA,0.4,0.5,0.4,0.43333333333333335,71.10734116683011,52.38,3.0257717588536934,-1.2,-2.3,50.0
0.4393478479,338,CTCCCCATTCCATGAGCATGC,GCAUGCUCAUGGAAUGGGGAG,0.6,0.4166666666666667,0.8,0.5722222222222223,72.4654174163249,57.14,1.431982453841215,-2.0,-3.7,62.5
0.49415045119999995,339,TCCCCATTCCATGAGCATGCA,UGCAUGCUCAUGGAAUGGGGA,0.8,0.16666666666666666,0.6,0.5555555555555557,72.40039247904622,52.38,-1.4353278244986996,-2.5,-4.4,62.5
0.5456623459,340,CCCCATTCCATGAGCATGCAG,CUGCAUGCUCAUGGAAUGGGG,0.6,0.25,0.6,0.48333333333333334,72.35820862833043,57.14,12.126061274380334,-3.5,-5.8,62.5
0.5380421858,341,CCCATTCCATGAGCATGCAGA,UCUGCAUGCUCAUGGAAUGGG,1.0,0.5833333333333334,0.6,0.7944444444444444,70.88263903036312,52.38,-1.1605294868865599,-2.0,-4.1,62.5
0.5371239695,342,CCATTCCATGAGCATGCAGAG,CUCUGCAUGCUCAUGGAAUGG,0.4,0.4166666666666667,0.4,0.4055555555555556,69.38568371894308,52.38,-1.4353278244986996,-2.0,-1.9,50.0
0.5485263203,343,CATTCCATGAGCATGCAGAGG,CCUCUGCAUGCUCAUGGAAUG,0.4,0.5,0.6,0.46666666666666673,69.38568371894308,52.38,3.0257717588536934,-3.7,0.5,25.0
0.48423859557,344,ATTCCATGAGCATGCAGAGGT,ACCUCUGCAUGCUCAUGGAAU,0.6,0.4166666666666667,0.4,0.5055555555555555,69.3185782392502,47.62,10.95967574917853,-2.5,0.2,37.5
0.4394148837559999,345,TTCCATGAGCATGCAGAGGTG,CACCUCUGCAUGCUCAUGGAA,0.6,0.25,0.2,0.4166666666666667,70.78224386915952,52.38,9.54679155923236,-3.5,-2.1,37.5
0.38258468378699995,346,TCCATGAGCATGCAGAGGTGG,CCACCUCUGCAUGCUCAUGGA,0.6,0.4166666666666667,0.4,0.5055555555555555,73.55227709570937,57.14,2.434425216662021,-3.5,-2.7,37.5
0.40551672887099993,347,CCATGAGCATGCAGAGGTGGT,ACCACCUCUGCAUGCUCAUGG,0.6,0.5,0.6,0.5666666666666667,73.57938763628988,57.14,11.03994823917094,-2.5,-1.9,50.0
0.36106835947800003,348,CATGAGCATGCAGAGGTGGTA,UACCACCUCUGCAUGCUCAUG,0.6,0.16666666666666666,0.4,0.4222222222222222,71.31830600735105,52.38,12.296737155252174,-2.2,-1.2,50.0
0.310000236318,349,ATGAGCATGCAGAGGTGGTAT,AUACCACCUCUGCAUGCUCAU,1.0,0.5,0.6,0.7666666666666666,69.86521483243916,47.62,13.813966640894478,0.0,-0.5,50.0
0.252511619076,350,TGAGCATGCAGAGGTGGTATT,AAUACCACCUCUGCAUGCUCA,0.8,0.6666666666666666,0.8,0.7555555555555555,69.92505626075172,47.62,1.048107629002402,1.8,-2.0,75.0
0.267650296914,351,GAGCATGCAGAGGTGGTATTC,GAAUACCACCUCUGCAUGCUC,0.8,0.4166666666666667,0.8,0.6722222222222224,70.24420694285288,52.38,-12.920908784561277,0.2,-3.8,75.0
0.33314868732999997,352,AGCATGCAGAGGTGGTATTCA,UGAAUACCACCUCUGCAUGCU,1.0,0.6666666666666666,0.6,0.8222222222222221,69.92505626075172,47.62,-16.839520146273742,-0.4,-2.5,62.5
0.35992871152999995,353,GCATGCAGAGGTGGTATTCAC,GUGAAUACCACCUCUGCAUGC,0.6,0.5,0.6,0.5666666666666667,70.29440353304608,52.38,-16.391043010882584,-2.1,-2.0,50.0
0.2967605658,354,CATGCAGAGGTGGTATTCACA,UGUGAAUACCACCUCUGCAUG,0.8,0.6666666666666666,1.0,0.7888888888888889,68.70378929120932,47.62,-32.54335155417439,-1.8,-1.2,50.0
0.28045580562999994,355,ATGCAGAGGTGGTATTCACAG,CUGUGAAUACCACCUCUGCAU,0.8,0.5833333333333334,0.4,0.6611111111111112,68.66079250597699,47.62,-16.39261972815666,-1.8,-2.0,50.0
0.27403086967999996,356,TGCAGAGGTGGTATTCACAGC,GCUGUGAAUACCACCUCUGCA,0.6,0.5833333333333334,0.8,0.6277777777777778,71.52599828728245,52.38,-15.532640373842185,-3.5,-2.5,37.5
0.25698945832000003,357,GCAGAGGTGGTATTCACAGCC,GGCUGUGAAUACCACCUCUGC,0.4,0.4166666666666667,0.6,0.43888888888888894,73.10403619790975,57.14,-0.8991076138455583,-4.2,-3.5,50.0
0.22893860797999996,358,CAGAGGTGGTATTCACAGCCA,UGGCUGUGAAUACCACCUCUG,0.8,0.4166666666666667,0.6,0.638888888888889,71.63439685589503,52.38,10.11663278229679,-4.2,-2.0,37.5
0.17072853484,359,AGAGGTGGTATTCACAGCCAA,UUGGCUGUGAAUACCACCUCU,0.6,0.4166666666666667,0.4,0.5055555555555555,70.23103595691032,47.62,13.688865358925,-1.8,-2.0,50.0
0.16344693072,360,GAGGTGGTATTCACAGCCAAC,GUUGGCUGUGAAUACCACCUC,0.6,0.5833333333333334,0.6,0.5944444444444444,70.59386536436705,52.38,12.432245012302474,-1.1,-3.7,62.5
0.22733158758999994,361,AGGTGGTATTCACAGCCAACG,CGUUGGCUGUGAAUACCACCU,0.6,0.5833333333333334,0.4,0.5611111111111111,70.89840660622207,52.38,-0.07183021440800985,-0.9,-2.5,50.0
0.30924014078,362,GGTGGTATTCACAGCCAACGA,UCGUUGGCUGUGAAUACCACC,0.6,0.3333333333333333,0.4,0.4777777777777777,71.06725081887282,52.38,10.36990029924499,-1.9,-3.5,62.5
0.3819219668799999,363,GTGGTATTCACAGCCAACGAC,GUCGUUGGCUGUGAAUACCAC,0.6,0.25,0.6,0.48333333333333334,69.71353425059505,52.38,2.3603394476327253,-2.9,-3.5,50.0
0.4633798762999999,364,TGGTATTCACAGCCAACGACT,AGUCGUUGGCUGUGAAUACCA,1.0,0.6666666666666666,0.4,0.7888888888888889,69.31273052483823,47.62,-8.196871818683064,-2.1,-2.5,50.0
0.5421427019999999,365,GGTATTCACAGCCAACGACTC,GAGUCGUUGGCUGUGAAUACC,0.4,0.3333333333333333,0.4,0.37777777777777777,69.66521089949765,52.38,-6.488329211299288,-2.1,-2.2,50.0
0.5953468120000001,366,GTATTCACAGCCAACGACTCC,GGAGUCGUUGGCUGUGAAUAC,0.4,0.5,0.6,0.46666666666666673,69.66521089949771,52.38,-2.970341201435531,-3.7,0.0,25.0
0.6498757433999999,367,TATTCACAGCCAACGACTCCG,CGGAGUCGUUGGCUGUGAAUA,0.4,0.3333333333333333,0.4,0.37777777777777777,69.93516754982511,52.38,7.42082933518941,-3.5,1.8,12.5
0.5832762831,368,ATTCACAGCCAACGACTCCGG,CCGGAGUCGUUGGCUGUGAAU,0.4,0.3333333333333333,0.2,0.3444444444444445,72.29430876366837,57.14,13.28021244576314,-4.9,0.2,12.5
0.51135082094,369,TTCACAGCCAACGACTCCGGC,GCCGGAGUCGUUGGCUGUGAA,0.6,0.16666666666666666,0.2,0.3888888888888889,75.03644370080514,61.9,8.468987947873245,-5.0,-0.4,12.5
0.44861901381999997,370,TCACAGCCAACGACTCCGGCC,GGCCGGAGUCGUUGGCUGUGA,0.4,0.3333333333333333,0.0,0.3111111111111111,77.68781063712976,66.67,18.18317746422207,-5.9,-2.1,25.0
0.42956456270999993,371,CACAGCCAACGACTCCGGCCC,GGGCCGGAGUCGUUGGCUGUG,0.6,0.16666666666666666,0.2,0.3888888888888889,79.01075966114905,71.43,23.175461823674254,-5.9,-1.8,25.0
0.4302694227299999,372,ACAGCCAACGACTCCGGCCCC,GGGGCCGGAGUCGUUGGCUGU,0.4,0.16666666666666666,0.0,0.2555555555555556,80.47867095428859,71.43,30.489259847711367,-5.8,-1.8,25.0
0.41998708512999994,373,CAGCCAACGACTCCGGCCCCC,GGGGGCCGGAGUCGUUGGCUG,0.6,0.08333333333333333,0.4,0.39444444444444443,81.67680100719292,76.19,30.489259847711367,-5.8,-3.5,37.5
0.41558610256,374,AGCCAACGACTCCGGCCCCCG,CGGGGGCCGGAGUCGUUGGCU,0.2,0.08333333333333333,0.2,0.16111111111111112,82.2798584161581,76.19,35.098785170632084,-4.9,-4.2,37.5
0.482087358325,375,GCCAACGACTCCGGCCCCCGC,GCGGGGGCCGGAGUCGUUGGC,0.2,0.08333333333333333,0.2,0.16111111111111112,83.35825018751837,80.95,35.098785170632084,-5.0,-4.2,37.5
0.523079126159,376,CCAACGACTCCGGCCCCCGCC,GGCGGGGGCCGGAGUCGUUGG,0.0,0.08333333333333333,0.2,0.061111111111111116,83.55203358212395,80.95,29.699376492412284,-5.0,-1.8,25.0
0.559388322042,377,CAACGACTCCGGCCCCCGCCG,CGGCGGGGGCCGGAGUCGUUG,0.0,0.16666666666666666,0.4,0.12222222222222223,82.70630481507192,80.95,30.489259847711367,-5.0,-1.1,25.0
0.567579050565,378,AACGACTCCGGCCCCCGCCGC,GCGGCGGGGGCCGGAGUCGUU,0.2,0.08333333333333333,0.0,0.1277777777777778,83.98205187965539,80.95,30.489259847711367,-5.0,-0.9,25.0
0.5128246783909999,379,ACGACTCCGGCCCCCGCCGCT,AGCGGCGGGGGCCGGAGUCGU,0.4,0.08333333333333333,0.0,0.22777777777777783,85.12703177215587,80.95,25.529551818052653,-3.3,-1.9,37.5
0.44433516300900006,380,CGACTCCGGCCCCCGCCGCTA,UAGCGGCGGGGGCCGGAGUCG,0.2,0.16666666666666666,0.2,0.18888888888888888,84.30152966316456,80.95,26.440646305406233,-2.2,-2.9,62.5
0.35440129440499996,381,GACTCCGGCCCCCGCCGCTAC,GUAGCGGCGGGGGCCGGAGUC,0.2,0.25,0.4,0.25,83.75371704871014,80.95,22.087595678224375,-1.5,-2.1,50.0
0.260761555285,382,ACTCCGGCCCCCGCCGCTACA,UGUAGCGGCGGGGGCCGGAGU,0.2,0.3333333333333333,0.4,0.27777777777777773,84.01316045384954,76.19,9.088909663014022,-0.5,-2.1,62.5
0.29049685709100004,383,CTCCGGCCCCCGCCGCTACAC,GUGUAGCGGCGGGGGCCGGAG,0.2,0.25,0.4,0.25,83.74962976653717,80.95,6.814488959895414,-1.9,-3.7,62.5
0.32087226077399994,384,TCCGGCCCCCGCCGCTACACC,GGUGUAGCGGCGGGGGCCGGA,0.2,0.5,0.4,0.3333333333333333,85.24608024942506,80.95,1.1177858643739,-3.5,-3.5,50.0
0.338244911273,385,CCGGCCCCCGCCGCTACACCA,UGGUGUAGCGGCGGGGGCCGG,0.6,0.25,0.4,0.44999999999999996,85.25501427378117,80.95,-2.754331646732851,-2.5,-4.9,75.0
0.40182042061,386,CGGCCCCCGCCGCTACACCAT,AUGGUGUAGCGGCGGGGGCCG,0.6,0.25,0.4,0.44999999999999996,82.67311359696521,76.19,1.048107629002402,-1.9,-5.0,75.0
0.40212997885799995,387,GGCCCCCGCCGCTACACCATT,AAUGGUGUAGCGGCGGGGGCC,0.6,0.4166666666666667,0.6,0.5388888888888889,81.07402528726647,71.43,1.5807531890579867,0.5,-5.9,87.5
0.40567513430999996,388,GCCCCCGCCGCTACACCATTG,CAAUGGUGUAGCGGCGGGGGC,0.4,0.4166666666666667,0.6,0.43888888888888894,79.59052291737748,71.43,-1.5460861347355603,0.5,-5.9,87.5
0.45193968065,389,CCCCCGCCGCTACACCATTGC,GCAAUGGUGUAGCGGCGGGGG,0.2,0.4166666666666667,0.6,0.33888888888888896,79.59052291737754,71.43,-16.856246321202207,-1.9,-5.8,75.0
0.3623246576,390,CCCCGCCGCTACACCATTGCC,GGCAAUGGUGUAGCGGCGGGG,0.6,0.4166666666666667,0.4,0.5055555555555555,79.59052291737748,71.43,-6.83911447299829,-4.2,-5.8,62.5
0.30819662707,391,CCCGCCGCTACACCATTGCCG,CGGCAAUGGUGUAGCGGCGGG,0.6,0.4166666666666667,0.4,0.5055555555555555,78.67488202401665,71.43,-4.773573848675824,-5.0,-4.9,50.0
0.3063538505999999,392,CCGCCGCTACACCATTGCCGC,GCGGCAAUGGUGUAGCGGCGG,0.6,0.3333333333333333,0.4,0.4777777777777777,78.5132267355358,71.43,-1.324255445891879,-5.0,-5.0,50.0
0.3071886182,393,CGCCGCTACACCATTGCCGCC,GGCGGCAAUGGUGUAGCGGCG,0.6,0.25,0.2,0.4166666666666667,78.51322673553585,71.43,6.2942895656472615,-5.0,-5.0,50.0
0.3941722299,394,GCCGCTACACCATTGCCGCCC,GGGCGGCAAUGGUGUAGCGGC,0.6,0.16666666666666666,0.2,0.3888888888888889,79.42321211377623,71.43,22.298922872337585,-5.9,-5.0,50.0
0.4834210359499999,395,CCGCTACACCATTGCCGCCCT,AGGGCGGCAAUGGUGUAGCGG,0.8,0.16666666666666666,0.6,0.5555555555555557,78.17529908065558,66.67,31.237664084195217,-4.1,-5.0,62.5
0.5320637168700001,396,CGCTACACCATTGCCGCCCTG,CAGGGCGGCAAUGGUGUAGCG,0.6,0.08333333333333333,0.2,0.3611111111111111,76.6846285946707,66.67,30.489259847711367,-3.4,-3.3,50.0
0.6218249535999999,397,GCTACACCATTGCCGCCCTGC,GCAGGGCGGCAAUGGUGUAGC,0.4,0.4166666666666667,0.6,0.43888888888888894,77.47692635512556,66.67,21.00066629154253,-3.5,-2.2,37.5
0.6792548460000001,398,CTACACCATTGCCGCCCTGCT,AGCAGGGCGGCAAUGGUGUAG,0.6,0.4166666666666667,0.2,0.47222222222222227,76.1512710510761,61.9,22.682789954222983,-2.5,-1.5,50.0
0.6796239411,399,TACACCATTGCCGCCCTGCTG,CAGCAGGGCGGCAAUGGUGUA,0.6,0.16666666666666666,0.0,0.35555555555555557,76.18938214946428,61.9,22.682789954222983,-3.5,-0.5,25.0
0.6769211915,400,ACACCATTGCCGCCCTGCTGA,UCAGCAGGGCGGCAAUGGUGU,0.6,0.5,0.4,0.5333333333333333,76.98135801608743,61.9,12.192701292640834,-2.0,-1.9,50.0
0.6044168256000001,401,CACCATTGCCGCCCTGCTGAG,CUCAGCAGGGCGGCAAUGGUG,0.6,0.3333333333333333,0.2,0.4444444444444444,76.78988184022427,66.67,8.605928966550493,-2.0,-3.5,62.5
0.5327418133999999,402,ACCATTGCCGCCCTGCTGAGC,GCUCAGCAGGGCGGCAAUGGU,0.6,0.5,0.2,0.5,78.09988285729355,66.67,3.0257717588536934,-3.8,-2.5,37.5
0.5077903302,403,CCATTGCCGCCCTGCTGAGCC,GGCUCAGCAGGGCGGCAAUGG,0.4,0.4166666666666667,0.2,0.3722222222222223,79.3513965275273,71.43,10.95967574917853,-4.2,-1.9,37.5
0.42629242789999994,404,CATTGCCGCCCTGCTGAGCCC,GGGCUCAGCAGGGCGGCAAUG,0.4,0.25,0.2,0.3166666666666667,79.3513965275273,71.43,10.95967574917853,-5.9,0.5,12.5
0.36785497279999996,405,ATTGCCGCCCTGCTGAGCCCC,GGGGCUCAGCAGGGCGGCAAU,0.4,0.16666666666666666,0.0,0.2555555555555556,80.80451617157667,71.43,14.719890278686421,-5.8,0.5,12.5
0.35934325629999997,406,TTGCCGCCCTGCTGAGCCCCT,AGGGGCUCAGCAGGGCGGCAA,0.8,0.25,0.0,0.4833333333333334,82.10851075048402,71.43,24.481806654955676,-4.1,-1.9,37.5
0.3612419662,407,TGCCGCCCTGCTGAGCCCCTA,UAGGGGCUCAGCAGGGCGGCA,0.8,0.0,0.2,0.4333333333333334,82.55776406325037,71.43,26.3837522468516,-2.1,-4.2,62.5
0.4151090094,408,GCCGCCCTGCTGAGCCCCTAC,GUAGGGGCUCAGCAGGGCGGC,0.6,0.25,0.6,0.48333333333333334,82.42667708893498,76.19,26.3837522468516,-1.5,-5.0,75.0
0.41804285220000004,409,CCGCCCTGCTGAGCCCCTACT,AGUAGGGGCUCAGCAGGGCGG,0.8,0.4166666666666667,0.6,0.638888888888889,81.32011153997883,71.43,13.951823467575935,-0.5,-5.0,87.5
0.39941478779999995,410,CGCCCTGCTGAGCCCCTACTC,GAGUAGGGGCUCAGCAGGGCG,0.6,0.25,0.4,0.44999999999999996,79.89355166596556,71.43,11.511190589987223,-2.1,-5.0,75.0
0.4364021268,411,GCCCTGCTGAGCCCCTACTCC,GGAGUAGGGGCUCAGCAGGGC,0.6,0.4166666666666667,0.4,0.5055555555555555,80.76592345683969,71.43,-1.0714430105373935,-3.7,-5.9,62.5
0.41929594400000003,412,CCCTGCTGAGCCCCTACTCCT,AGGAGUAGGGGCUCAGCAGGG,1.0,0.3333333333333333,0.4,0.6777777777777777,79.59572998696268,66.67,-1.6054570847396121,-2.7,-4.1,62.5
0.361541435,413,CCTGCTGAGCCCCTACTCCTA,UAGGAGUAGGGGCUCAGCAGG,0.8,0.25,0.4,0.55,77.49448754887544,61.9,2.1553790821724874,-2.1,-3.4,62.5
0.287237795,414,CTGCTGAGCCCCTACTCCTAT,AUAGGAGUAGGGGCUCAGCAG,1.0,0.3333333333333333,0.8,0.7444444444444445,74.7117284557034,57.14,2.434425216661964,0.1,-3.5,75.0
0.28060633199999996,415,TGCTGAGCCCCTACTCCTATT,AAUAGGAGUAGGGGCUCAGCA,1.0,0.5,0.8,0.7999999999999999,73.47800048247018,52.38,0.3729541902960136,1.8,-2.5,75.0
0.327111907,416,GCTGAGCCCCTACTCCTATTC,GAAUAGGAGUAGGGGCUCAGC,0.6,0.4166666666666667,0.8,0.5722222222222223,73.64492060279281,57.14,-11.410307586186264,0.2,-3.5,75.0
0.372143982,417,CTGAGCCCCTACTCCTATTCC,GGAAUAGGAGUAGGGGCUCAG,0.8,0.5833333333333334,0.8,0.7277777777777779,73.76821053159671,57.14,-19.167515098735322,-2.1,-2.0,50.0
0.41937724499999995,418,TGAGCCCCTACTCCTATTCCA,UGGAAUAGGAGUAGGGGCUCA,0.8,0.5,0.4,0.6333333333333334,73.74627397595782,52.38,-18.55861116616336,-2.7,-2.0,50.0
0.49880616899999985,419,GAGCCCCTACTCCTATTCCAC,GUGGAAUAGGAGUAGGGGCUC,0.8,0.3333333333333333,0.6,0.6111111111111112,73.9307516534268,57.14,-14.94319187710937,-3.5,-3.8,50.0
0.5745658320000001,420,AGCCCCTACTCCTATTCCACC,GGUGGAAUAGGAGUAGGGGCU,0.6,0.5833333333333334,0.6,0.5944444444444444,75.32578568908019,57.14,-14.897411355624115,-3.5,-4.2,50.0
0.623080941,421,GCCCCTACTCCTATTCCACCA,UGGUGGAAUAGGAGUAGGGGC,0.8,0.25,0.6,0.5833333333333334,75.36449353591053,57.14,-0.7801779943173983,-2.5,-5.9,75.0
0.631770069,422,CCCCTACTCCTATTCCACCAC,GUGGUGGAAUAGGAGUAGGGG,0.6,0.16666666666666666,0.8,0.48888888888888893,74.12640731736212,57.14,14.857907679802906,-3.5,-5.8,62.5
0.6198925969999999,423,CCCTACTCCTATTCCACCACG,CGUGGUGGAAUAGGAGUAGGG,0.6,0.5833333333333334,0.8,0.6277777777777778,73.11278047555595,57.14,12.539784267955383,-2.6,-4.1,50.0
0.611909527,424,CCTACTCCTATTCCACCACGG,CCGUGGUGGAAUAGGAGUAGG,0.4,0.3333333333333333,0.4,0.37777777777777777,73.1127804755559,57.14,10.185868755148022,-3.3,-2.1,37.5
0.602971838,425,CTACTCCTATTCCACCACGGC,GCCGUGGUGGAAUAGGAGUAG,0.4,0.4166666666666667,0.4,0.4055555555555556,72.99250436598709,57.14,7.507216583016259,-5.0,-1.5,25.0
0.598598522,426,TACTCCTATTCCACCACGGCT,AGCCGUGGUGGAAUAGGAGUA,0.8,0.3333333333333333,0.2,0.5444444444444445,72.90251512411083,52.38,17.46197836515438,-4.2,-0.5,25.0
0.5921351159999999,427,ACTCCTATTCCACCACGGCTG,CAGCCGUGGUGGAAUAGGAGU,0.4,0.25,0.2,0.3166666666666667,73.69645744866102,57.14,18.637891765702875,-3.5,-2.1,37.5
0.6101658804,428,CTCCTATTCCACCACGGCTGT,ACAGCCGUGGUGGAAUAGGAG,0.8,0.3333333333333333,0.8,0.6444444444444445,73.69645744866102,57.14,11.227503296592545,-1.8,-3.7,62.5
0.626263395,429,TCCTATTCCACCACGGCTGTC,GACAGCCGUGGUGGAAUAGGA,0.6,0.25,0.2,0.4166666666666667,73.83337229340839,57.14,17.289071265049984,-2.1,-2.7,50.0
0.6252796514999999,430,CCTATTCCACCACGGCTGTCG,CGACAGCCGUGGUGGAAUAGG,0.4,0.4166666666666667,0.4,0.4055555555555556,74.27383036051617,61.9,13.688865358925057,-2.9,-2.1,37.5
0.6096089720999999,431,CTATTCCACCACGGCTGTCGT,ACGACAGCCGUGGUGGAAUAG,0.6,0.3333333333333333,0.4,0.4777777777777777,72.83907267361406,57.14,12.39086586997297,-1.9,0.1,37.5
0.6145032220999999,432,TATTCCACCACGGCTGTCGTC,GACGACAGCCGUGGUGGAAUA,0.4,0.25,0.2,0.3166666666666667,72.98538447361994,57.14,4.896223825404718,-2.9,1.8,12.5
0.6049755085999999,433,ATTCCACCACGGCTGTCGTCA,UGACGACAGCCGUGGUGGAAU,0.6,0.4166666666666667,0.6,0.5388888888888889,73.69312244493563,57.14,-2.6760182312825123,-2.1,0.2,37.5
0.5932650265,434,TTCCACCACGGCTGTCGTCAC,GUGACGACAGCCGUGGUGGAA,0.6,0.3333333333333333,0.0,0.41111111111111104,75.1710250523879,61.9,8.934613211022906,-2.1,-2.1,50.0
0.5746547492,435,TCCACCACGGCTGTCGTCACC,GGUGACGACAGCCGUGGUGGA,0.6,0.4166666666666667,0.4,0.5055555555555555,77.80964497057374,66.67,-1.1675268869420847,-3.5,-2.7,37.5
0.5006459231999999,436,CCACCACGGCTGTCGTCACCA,UGGUGACGACAGCCGUGGUGG,0.6,0.4166666666666667,0.6,0.5388888888888889,77.75159708324861,66.67,6.496550436611585,-2.5,-3.5,62.5
0.44446708239999994,437,CACCACGGCTGTCGTCACCAA,UUGGUGACGACAGCCGUGGUG,1.0,0.4166666666666667,0.4,0.7055555555555556,75.08722094644861,61.9,12.490439088344374,-1.8,-3.5,62.5
0.3860768347,438,ACCACGGCTGTCGTCACCAAT,AUUGGUGACGACAGCCGUGGU,1.0,0.4166666666666667,0.6,0.7388888888888889,73.72200815142992,57.14,2.9866363242618377,0.5,-2.5,62.5
0.3448990521,439,CCACGGCTGTCGTCACCAATC,GAUUGGUGACGACAGCCGUGG,0.6,0.75,0.6,0.65,73.75529118909634,61.9,-3.878911470231799,0.2,-3.5,75.0
0.3368059398,440,CACGGCTGTCGTCACCAATCC,GGAUUGGUGACGACAGCCGUG,0.6,0.5,0.6,0.5666666666666667,73.75529118909634,61.9,-16.856246321202207,-2.2,-2.6,62.5
0.3317495416,441,ACGGCTGTCGTCACCAATCCC,GGGAUUGGUGACGACAGCCGU,0.6,0.4166666666666667,0.2,0.47222222222222227,75.2253441613845,61.9,-3.735406968654047,-4.4,-3.3,50.0
0.3334295344,442,CGGCTGTCGTCACCAATCCCA,UGGGAUUGGUGACGACAGCCG,1.0,0.5,0.4,0.7333333333333334,75.1061815857945,61.9,-3.735406968654047,-4.1,-5.0,62.5
0.3765470736,443,GGCTGTCGTCACCAATCCCAA,UUGGGAUUGGUGACGACAGCC,1.0,0.3333333333333333,0.6,0.7111111111111111,73.363091261352,57.14,-0.26713797377016135,-1.8,-4.2,62.5
0.4104282379,444,GCTGTCGTCACCAATCCCAAG,CUUGGGAUUGGUGACGACAGC,0.4,0.5,0.8,0.5,71.84409752163646,57.14,3.490436586876001,-1.0,-3.5,62.5
0.44174782146999997,445,CTGTCGTCACCAATCCCAAGG,CCUUGGGAUUGGUGACGACAG,0.6,0.5,0.8,0.6,71.95400141169677,57.14,1.322128562365151,-1.7,-1.8,50.0
0.46901631720000003,446,TGTCGTCACCAATCCCAAGGA,UCCUUGGGAUUGGUGACGACA,0.6,0.3333333333333333,0.4,0.4777777777777777,71.98721923346045,52.38,7.297885616392705,-2.7,-2.1,50.0
0.4489255306,447,GTCGTCACCAATCCCAAGGAA,UUCCUUGGGAUUGGUGACGAC,1.0,0.3333333333333333,0.6,0.7111111111111111,70.74874716034606,52.38,7.297885616392705,-2.1,-2.9,62.5
0.4190151361,448,TCGTCACCAATCCCAAGGAAT,AUUCCUUGGGAUUGGUGACGA,1.0,0.6666666666666666,0.8,0.8555555555555555,69.09672436393652,47.62,-2.640019077578472,0.2,-1.9,62.5
0.42430329332,449,CGTCACCAATCCCAAGGAATG,CAUUCCUUGGGAUUGGUGACG,0.6,0.6666666666666666,0.6,0.6222222222222221,69.17617485782318,52.38,-18.370229556577556,0.5,-2.9,75.0
0.46539093868,450,GTCACCAATCCCAAGGAATGA,UCAUUCCUUGGGAUUGGUGAC,1.0,0.5833333333333334,0.8,0.8277777777777778,68.69245735648866,47.62,-15.232813680819788,-0.5,-2.1,62.5
0.46085764526,451,TCACCAATCCCAAGGAATGAG,CUCAUUCCUUGGGAUUGGUGA,0.6,0.5833333333333334,0.6,0.5944444444444444,68.4987862934957,47.62,-3.735406968654047,-2.0,-2.1,50.0
0.4450235598,452,CACCAATCCCAAGGAATGAGG,CCUCAUUCCUUGGGAUUGGUG,0.8,0.5833333333333334,1.0,0.7611111111111112,70.06991375057243,52.38,-14.571407619362446,-3.7,-3.5,50.0
0.39490809378,453,ACCAATCCCAAGGAATGAGGG,CCCUCAUUCCUUGGGAUUGGU,0.6,0.3333333333333333,0.2,0.4444444444444444,71.57041133103871,52.38,-18.62922696910266,-4.1,-2.5,37.5
0.40549204471,454,CCAATCCCAAGGAATGAGGGA,UCCCUCAUUCCUUGGGAUUGG,0.6,0.4166666666666667,0.4,0.5055555555555555,71.55334540171418,52.38,-0.39285736276531225,-4.4,-1.8,37.5
0.4546531733459999,455,CAATCCCAAGGAATGAGGGAC,GUCCCUCAUUCCUUGGGAUUG,0.4,0.3333333333333333,0.4,0.37777777777777777,70.20246365089025,52.38,13.385797821575068,-3.8,0.5,25.0
0.46947694423799996,456,AATCCCAAGGAATGAGGGACT,AGUCCCUCAUUCCUUGGGAUU,0.6,0.5833333333333334,0.6,0.5944444444444444,69.97076238190624,47.62,15.637179302083098,-2.1,0.2,37.5
0.41096306796899995,457,ATCCCAAGGAATGAGGGACTT,AAGUCCCUCAUUCCUUGGGAU,0.8,0.25,0.6,0.5833333333333334,69.9707623819063,47.62,14.626424848986005,-0.1,-2.2,62.5
0.40515051431789995,458,TCCCAAGGAATGAGGGACTTC,GAAGUCCCUCAUUCCUUGGGA,0.6,0.4166666666666667,0.6,0.5388888888888889,71.57184742269482,52.38,14.626424848986119,-1.3,-4.4,62.5
0.42914694524009994,459,CCCAAGGAATGAGGGACTTCT,AGAAGUCCCUCAUUCCUUGGG,1.0,0.5,0.6,0.7666666666666666,71.41041660310134,52.38,-1.0590787166065638,-0.4,-4.1,75.0
0.4796051145153999,460,CCAAGGAATGAGGGACTTCTC,GAGAAGUCCCUCAUUCCUUGG,0.6,0.4166666666666667,0.4,0.5055555555555555,70.04995820706364,52.38,-1.5842543765821233,-2.3,-1.8,50.0
0.4637549049757999,461,CAAGGAATGAGGGACTTCTCC,GGAGAAGUCCCUCAUUCCUUG,0.4,0.5,0.8,0.5,70.04995820706364,52.38,-16.210205548921067,-3.7,-1.0,37.5
0.4171490068866999,462,AAGGAATGAGGGACTTCTCCT,AGGAGAAGUCCCUCAUUCCUU,1.0,0.5,0.4,0.7333333333333334,69.81369566201153,47.62,-3.347354330057044,-2.7,-1.7,50.0
0.39567161458140004,463,AGGAATGAGGGACTTCTCCTC,GAGGAGAAGUCCCUCAUUCCU,0.6,0.3333333333333333,0.2,0.4444444444444444,71.34192558608743,52.38,0.35809768291221644,-3.7,-2.7,37.5
0.4003810543957,464,GGAATGAGGGACTTCTCCTCC,GGAGGAGAAGUCCCUCAUUCC,0.4,0.5,0.8,0.5,72.95292259944796,57.14,3.7985030687619883,-3.7,-2.1,37.5
0.38770166447619997,465,GAATGAGGGACTTCTCCTCCA,UGGAGGAGAAGUCCCUCAUUC,0.6,0.4166666666666667,0.6,0.5388888888888889,71.3824383543369,52.38,11.865338259442865,-2.7,0.2,37.5
0.35612595689949994,466,AATGAGGGACTTCTCCTCCAG,CUGGAGGAGAAGUCCCUCAUU,0.4,0.25,0.2,0.3166666666666667,71.22127782361775,52.38,15.637179302083098,-3.4,0.5,25.0
0.3257517774651999,467,ATGAGGGACTTCTCCTCCAGT,ACUGGAGGAGAAGUCCCUCAU,0.8,0.5833333333333334,0.4,0.6611111111111112,72.57353898147772,52.38,13.385797821575125,-1.8,-0.5,37.5
0.29090000848450004,468,TGAGGGACTTCTCCTCCAGTG,CACUGGAGGAGAAGUCCCUCA,0.4,0.5,0.2,0.4000000000000001,73.94902399183508,57.14,9.54679155923236,-1.8,-2.0,50.0
0.27694314740245995,469,GAGGGACTTCTCCTCCAGTGG,CCACUGGAGGAGAAGUCCCUC,0.6,0.4166666666666667,0.6,0.5388888888888889,75.43612499154023,61.9,2.711014881213657,-3.5,-3.7,50.0
0.23380787255249996,470,AGGGACTTCTCCTCCAGTGGA,UCCACUGGAGGAGAAGUCCCU,0.8,0.4166666666666667,0.2,0.5722222222222223,75.43125707502696,57.14,8.653590768698109,-2.7,-4.1,62.5
0.21982732824159998,471,GGGACTTCTCCTCCAGTGGAC,GUCCACUGGAGGAGAAGUCCC,0.6,0.3333333333333333,0.2,0.4444444444444444,75.58766472814392,61.9,8.653590768698109,-3.8,-4.4,50.0
0.2099353447331,472,GGACTTCTCCTCCAGTGGACC,GGUCCACUGGAGGAGAAGUCC,0.4,0.5833333333333334,0.4,0.4611111111111112,75.58766472814398,61.9,2.711014881213657,-3.8,-3.8,50.0
0.18994368227209998,473,GACTTCTCCTCCAGTGGACCT,AGGUCCACUGGAGGAGAAGUC,0.8,0.4166666666666667,0.4,0.6055555555555556,74.07206850677892,57.14,12.490439088344374,-2.5,-2.1,50.0
0.150916253357,474,ACTTCTCCTCCAGTGGACCTG,CAGGUCCACUGGAGGAGAAGU,0.4,0.16666666666666666,0.2,0.2888888888888889,73.9785486938373,57.14,14.857907679802906,-3.4,-0.1,25.0
0.151964598702,475,CTTCTCCTCCAGTGGACCTGA,UCAGGUCCACUGGAGGAGAAG,0.6,0.4166666666666667,0.8,0.5722222222222223,73.94902399183508,57.14,14.626424848986119,-2.0,-1.3,50.0
0.199271513216,476,TTCTCCTCCAGTGGACCTGAA,UUCAGGUCCACUGGAGGAGAA,1.0,0.25,0.2,0.6166666666666667,72.6982984121907,52.38,11.03994823917094,-0.4,-0.4,50.0
0.18754608898349998,477,TCTCCTCCAGTGGACCTGAAG,CUUCAGGUCCACUGGAGGAGA,0.4,0.4166666666666667,0.6,0.43888888888888894,73.94902399183502,57.14,2.711014881213714,-1.3,-2.3,50.0
0.18889429531979995,478,CTCCTCCAGTGGACCTGAAGG,CCUUCAGGUCCACUGGAGGAG,0.6,0.6666666666666666,0.4,0.5888888888888888,75.3569294759144,61.9,-2.640019077578472,-1.7,-3.7,62.5
0.20252697596099997,479,TCCTCCAGTGGACCTGAAGGA,UCCUUCAGGUCCACUGGAGGA,1.0,0.4166666666666667,0.4,0.7055555555555556,75.4696970461651,57.14,-6.39679985883464,-2.7,-2.7,50.0
0.28577536139399995,480,CCTCCAGTGGACCTGAAGGAC,GUCCUUCAGGUCCACUGGAGG,0.4,0.3333333333333333,0.6,0.41111111111111115,75.51015491779577,61.9,-2.6400190775784154,-3.8,-3.7,50.0
0.34965370621999997,481,CTCCAGTGGACCTGAAGGACG,CGUCCUUCAGGUCCACUGGAG,0.6,0.5833333333333334,0.4,0.5611111111111111,74.54307728946276,61.9,0.3580976829121596,-2.9,-3.7,50.0
0.41328780800000003,482,TCCAGTGGACCTGAAGGACGA,UCGUCCUUCAGGUCCACUGGA,0.8,0.25,0.4,0.55,74.63723500958162,57.14,-1.0590787166065638,-1.9,-2.7,50.0
0.41769070032999994,483,CCAGTGGACCTGAAGGACGAG,CUCGUCCUUCAGGUCCACUGG,0.4,0.3333333333333333,0.4,0.37777777777777777,74.54307728946281,61.9,8.468987947873245,-2.8,-3.4,50.0
0.484843603144,484,CAGTGGACCTGAAGGACGAGG,CCUCGUCCUUCAGGUCCACUG,0.6,0.5833333333333334,0.4,0.5611111111111111,74.54307728946281,61.9,11.181591900387616,-3.7,-1.8,37.5
0.474191451098,485,AGTGGACCTGAAGGACGAGGG,CCCUCGUCCUUCAGGUCCACU,0.4,0.25,0.2,0.3166666666666667,76.0155390414335,61.9,7.42082933518941,-4.1,-1.8,37.5
0.46601993211700005,486,GTGGACCTGAAGGACGAGGGA,UCCCUCGUCCUUCAGGUCCAC,0.8,0.16666666666666666,0.2,0.488888888888889,76.12734066014008,61.9,8.468987947873245,-4.4,-3.5,50.0
0.396272658492,487,TGGACCTGAAGGACGAGGGAT,AUCCCUCGUCCUUCAGGUCCA,0.8,0.25,0.2,0.5166666666666667,74.6928365201602,57.14,18.18317746422207,-2.2,-2.7,50.0
0.41056826045541,488,GGACCTGAAGGACGAGGGATG,CAUCCCUCGUCCUUCAGGUCC,0.4,0.5833333333333334,0.4,0.4611111111111112,74.72172918381602,61.9,15.637179302083098,-1.5,-3.8,62.5
0.35711330775011096,489,GACCTGAAGGACGAGGGATGG,CCAUCCCUCGUCCUUCAGGUC,0.6,0.3333333333333333,0.4,0.4777777777777777,74.72172918381602,61.9,3.2168179015668557,-1.9,-3.8,62.5
0.28816091241429,490,ACCTGAAGGACGAGGGATGGG,CCCAUCCCUCGUCCUUCAGGU,0.6,0.3333333333333333,0.2,0.4444444444444444,76.10654359690523,61.9,11.687850330900687,-4.1,-2.5,37.5
0.23041389741389998,491,CCTGAAGGACGAGGGATGGGA,UCCCAUCCCUCGUCCUUCAGG,0.6,0.25,0.4,0.44999999999999996,76.06588820615599,61.9,11.687850330900687,-4.4,-3.4,50.0
0.24634079087209998,492,CTGAAGGACGAGGGATGGGAT,AUCCCAUCCCUCGUCCUUCAG,1.0,0.25,0.6,0.6833333333333332,73.26414133649934,57.14,11.687850330900744,-2.2,-2.0,50.0
0.3143706458703,493,TGAAGGACGAGGGATGGGATT,AAUCCCAUCCCUCGUCCUUCA,0.8,0.5,0.4,0.6333333333333334,71.98636579655374,52.38,3.490436586876001,0.2,-0.4,50.0
0.32851271529399995,494,GAAGGACGAGGGATGGGATTT,AAAUCCCAUCCCUCGUCCUUC,0.8,0.5,1.0,0.7333333333333334,70.75557476068474,52.38,3.490436586876001,2.2,-1.3,75.0
0.24802383200441,495,AAGGACGAGGGATGGGATTTC,GAAAUCCCAUCCCUCGUCCUU,0.8,0.5,0.6,0.6666666666666666,70.75557476068468,52.38,-0.2671379737701045,0.3,-1.7,62.5
0.22875589314491998,496,AGGACGAGGGATGGGATTTCA,UGAAAUCCCAUCCCUCGUCCU,1.0,0.5,0.6,0.7666666666666666,71.98636579655368,52.38,-18.778327069413024,-0.4,-2.7,62.5
0.21676833633449996,497,GGACGAGGGATGGGATTTCAT,AUGAAAUCCCAUCCCUCGUCC,0.8,0.5,0.8,0.7000000000000001,70.73008634198834,52.38,-18.206314330032484,-0.5,-3.8,75.0
0.22820899461209998,498,GACGAGGGATGGGATTTCATG,CAUGAAAUCCCAUCCCUCGUC,0.8,0.6666666666666666,0.8,0.7555555555555555,69.26070572723961,52.38,-37.230128729000086,-1.2,-2.9,62.5
0.221379129137,499,ACGAGGGATGGGATTTCATGT,ACAUGAAAUCCCAUCCCUCGU,1.0,0.6666666666666666,0.6,0.8222222222222221,69.04363464498505,47.62,-37.23012872900003,-0.3,-1.9,62.5
0.15363443708599997,500,CGAGGGATGGGATTTCATGTA,UACAUGAAAUCCCAUCCCUCG,0.8,0.5833333333333334,0.6,0.6944444444444445,68.20136323032875,47.62,-18.297561634288343,-0.5,-2.8,75.0
0.130928780507,501,GAGGGATGGGATTTCATGTAA,UUACAUGAAAUCCCAUCCCUC,1.0,0.5833333333333334,1.0,0.8611111111111112,66.29026620085801,42.86,-12.60851009954979,0.1,-3.7,75.0
0.133242985487,502,AGGGATGGGATTTCATGTAAC,GUUACAUGAAAUCCCAUCCCU,0.8,0.75,0.6,0.75,66.27738187875497,42.86,-16.39093193535041,0.2,-4.1,75.0
0.15192089368999998,503,GGGATGGGATTTCATGTAACC,GGUUACAUGAAAUCCCAUCCC,0.8,0.8333333333333334,0.8,0.8111111111111112,68.11667562078145,47.62,-35.11994065516183,-1.8,-4.4,62.5
0.17293376459999998,504,GGATGGGATTTCATGTAACCA,UGGUUACAUGAAAUCCCAUCC,0.8,0.6666666666666666,0.6,0.7222222222222222,66.32264669588977,42.86,-17.47716593820391,-2.5,-2.2,50.0
0.16892340969999997,505,GATGGGATTTCATGTAACCAA,UUGGUUACAUGAAAUCCCAUC,0.8,0.5833333333333334,0.6,0.6944444444444445,63.14397644771452,38.1,-2.662954854285829,-1.8,-1.5,50.0
0.17989000709999997,506,ATGGGATTTCATGTAACCAAG,CUUGGUUACAUGAAAUCCCAU,0.8,0.5833333333333334,0.8,0.7277777777777779,62.881452207356915,38.1,-15.97026689016252,-1.0,-1.9,50.0
0.18311970909999997,507,TGGGATTTCATGTAACCAAGA,UCUUGGUUACAUGAAAUCCCA,1.0,0.6666666666666666,0.6,0.8222222222222221,64.38753962813342,38.1,-20.130077533321042,-0.3,-4.1,75.0
0.19104225329999996,508,GGGATTTCATGTAACCAAGAG,CUCUUGGUUACAUGAAAUCCC,0.6,0.5,0.4,0.5333333333333333,64.73949961816572,42.86,-4.173562337106318,-2.0,-4.4,62.5
0.2692248906,509,GGATTTCATGTAACCAAGAGT,ACUCUUGGUUACAUGAAAUCC,0.8,0.75,0.8,0.7833333333333333,62.974275643198496,38.1,-2.6400190775784154,-2.1,-2.2,50.0
0.2730411914,510,GATTTCATGTAACCAAGAGTA,UACUCUUGGUUACAUGAAAUC,0.8,0.5833333333333334,0.4,0.6611111111111112,60.25794273686239,33.33,-6.39679985883464,-0.5,0.2,50.0
0.2810751089,511,ATTTCATGTAACCAAGAGTAT,AUACUCUUGGUUACAUGAAAU,0.8,0.5833333333333334,0.4,0.6611111111111112,58.10472767801741,28.57,-16.210205548921067,0.0,2.2,37.5
0.343039192,512,TTTCATGTAACCAAGAGTATT,AAUACUCUUGGUUACAUGAAA,0.8,0.6666666666666666,0.2,0.6555555555555556,58.04752275930355,28.57,-12.344521176679336,1.8,0.3,62.5
0.4024207417999999,513,TTCATGTAACCAAGAGTATTC,GAAUACUCUUGGUUACAUGAA,0.8,0.6666666666666666,0.4,0.688888888888889,60.25794273686239,33.33,-13.033680915808418,0.2,-0.4,50.0
0.47644860499999997,514,TCATGTAACCAAGAGTATTCC,GGAAUACUCUUGGUUACAUGA,0.6,0.6666666666666666,0.6,0.6222222222222221,63.578591877688325,38.1,-35.5357725240892,-2.1,-0.5,37.5
0.5455370319999999,515,CATGTAACCAAGAGTATTCCA,UGGAAUACUCUUGGUUACAUG,0.8,0.5833333333333334,0.8,0.7277777777777779,63.369667719853624,38.1,-16.391043010882584,-2.7,-1.2,50.0
0.48378361999999997,516,ATGTAACCAAGAGTATTCCAT,AUGGAAUACUCUUGGUUACAU,1.0,0.4166666666666667,0.4,0.7055555555555556,61.59453522152944,33.33,-14.94319187710937,-1.9,-0.3,37.5
0.48458858,517,TGTAACCAAGAGTATTCCATT,AAUGGAAUACUCUUGGUUACA,0.8,0.6666666666666666,0.6,0.7222222222222222,61.574747893730205,33.33,-14.897411355624115,0.5,-0.5,50.0
0.5433796630000001,518,GTAACCAAGAGTATTCCATTT,AAAUGGAAUACUCUUGGUUAC,0.8,0.6666666666666666,0.8,0.7555555555555555,60.25337885556064,33.33,-14.897411355624172,2.2,0.1,62.5
0.4737530379999999,519,TAACCAAGAGTATTCCATTTT,AAAAUGGAAUACUCUUGGUUA,0.8,0.5833333333333334,0.6,0.6944444444444445,58.07481398859517,28.57,-14.897411355624115,2.3,0.2,62.5
0.39234247299999997,520,AACCAAGAGTATTCCATTTTT,AAAAAUGGAAUACUCUUGGUU,1.0,0.6666666666666666,0.6,0.8222222222222221,57.38958927903866,28.57,-22.88935891573604,2.3,-1.8,75.0
0.32039540299999997,521,ACCAAGAGTATTCCATTTTTA,UAAAAAUGGAAUACUCUUGGU,1.0,0.6666666666666666,0.4,0.7888888888888889,58.07481398859517,28.57,-46.76339732774073,1.9,-2.5,75.0
0.313099915,522,CCAAGAGTATTCCATTTTTAC,GUAAAAAUGGAAUACUCUUGG,0.6,0.8333333333333334,1.0,0.7444444444444445,58.736252727845795,33.33,-74.42661498631296,0.1,-1.8,62.5
0.30881473499999995,523,CAAGAGTATTCCATTTTTACT,AGUAAAAAUGGAAUACUCUUG,0.8,0.9166666666666666,0.6,0.8055555555555555,56.42761274831946,28.57,-74.72044228675227,-0.5,-1.0,62.5
0.310544462,524,AAGAGTATTCCATTTTTACTA,UAGUAAAAAUGGAAUACUCUU,1.0,0.4166666666666667,0.2,0.6722222222222222,54.978437477303714,23.81,-43.62617355916953,-0.5,-0.3,50.0
0.24639996199999997,525,AGAGTATTCCATTTTTACTAA,UUAGUAAAAAUGGAAUACUCU,0.8,0.5833333333333334,0.6,0.6944444444444445,54.978437477303714,23.81,-39.941345206422056,0.2,-2.0,62.5
0.24729000390000003,526,GAGTATTCCATTTTTACTAAA,UUUAGUAAAAAUGGAAUACUC,1.0,0.5833333333333334,0.6,0.7944444444444444,53.660583543012706,23.81,-34.96272263257714,1.9,-2.1,75.0
0.2614486872,527,AGTATTCCATTTTTACTAAAG,CUUUAGUAAAAAUGGAAUACU,0.6,0.6666666666666666,0.4,0.5888888888888888,53.26047101410984,23.81,-34.9627226325772,0.7,-0.5,50.0
0.26903622299999996,528,GTATTCCATTTTTACTAAAGC,GCUUUAGUAAAAAUGGAAUAC,0.6,0.8333333333333334,0.6,0.6777777777777777,55.78563539141584,28.57,-39.94134520642211,-1.8,0.0,37.5
0.21810901959999998,529,TATTCCATTTTTACTAAAGCA,UGCUUUAGUAAAAAUGGAAUA,0.8,0.5,0.0,0.5666666666666668,54.748303280331584,23.81,-26.167002683917502,-2.5,1.8,25.0
0.22995272859999996,530,ATTCCATTTTTACTAAAGCAG,CUGCUUUAGUAAAAAUGGAAU,0.6,0.5,0.2,0.5,56.16303262709329,28.57,-19.543750347785164,-3.5,0.2,25.0
0.25372336579999993,531,TTCCATTTTTACTAAAGCAGT,ACUGCUUUAGUAAAAAUGGAA,1.0,0.6666666666666666,0.2,0.7555555555555555,57.68299269264526,28.57,-19.653435924579384,-1.8,-2.1,50.0
0.28126575139999993,532,TCCATTTTTACTAAAGCAGTG,CACUGCUUUAGUAAAAAUGGA,0.6,0.3333333333333333,0.2,0.4444444444444444,59.698546881010884,33.33,-4.015378922563741,-1.8,-2.7,50.0
0.3005624297999999,533,CCATTTTTACTAAAGCAGTGT,ACACUGCUUUAGUAAAAAUGG,0.6,0.5,0.6,0.5666666666666667,59.64304600264717,33.33,1.3645069084117836,-1.9,-1.9,50.0
0.3415179090999999,534,CATTTTTACTAAAGCAGTGTT,AACACUGCUUUAGUAAAAAUG,0.8,0.4166666666666667,0.2,0.5722222222222223,55.99428653392721,28.57,10.11663278229679,-0.1,0.5,50.0
0.36860263500000007,535,ATTTTTACTAAAGCAGTGTTT,AAACACUGCUUUAGUAAAAAU,0.8,0.3333333333333333,0.2,0.5444444444444445,53.76982970598982,23.81,-2.3491240894790053,0.6,2.2,37.5
0.3914227569,536,TTTTTACTAAAGCAGTGTTTT,AAAACACUGCUUUAGUAAAAA,0.8,0.4166666666666667,0.4,0.6055555555555556,53.659641399553436,23.81,-17.86547538556374,2.3,2.3,50.0
0.42241039040000006,537,TTTTACTAAAGCAGTGTTTTC,GAAAACACUGCUUUAGUAAAA,0.6,0.5833333333333334,0.2,0.5277777777777778,56.222497699863425,28.57,-21.469739684473666,0.3,2.3,37.5
0.446991182,538,TTTACTAAAGCAGTGTTTTCA,UGAAAACACUGCUUUAGUAAA,0.8,0.5,0.2,0.6000000000000001,57.595729412179935,28.57,-44.68784530776114,-0.4,1.9,37.5
0.4323773988,539,TTACTAAAGCAGTGTTTTCAC,GUGAAAACACUGCUUUAGUAA,0.6,0.5833333333333334,0.4,0.5611111111111111,59.821296148540114,33.33,-23.213410312085784,-2.1,0.1,37.5
0.41693472009999993,540,TACTAAAGCAGTGTTTTCACC,GGUGAAAACACUGCUUUAGUA,0.8,0.5833333333333334,0.6,0.6944444444444445,63.24504693549977,38.1,-41.68464501549656,-3.5,-0.5,25.0
0.3824565043,541,ACTAAAGCAGTGTTTTCACCT,AGGUGAAAACACUGCUUUAGU,0.8,0.4166666666666667,0.6,0.638888888888889,63.89223659181664,38.1,-19.422534651410388,-2.5,-0.5,37.5
0.35580720509999997,542,CTAAAGCAGTGTTTTCACCTC,GAGGUGAAAACACUGCUUUAG,0.4,0.5,0.4,0.43333333333333335,64.34058466523794,42.86,-0.7801779943173983,-3.7,0.2,25.0
0.3241146237,543,TAAAGCAGTGTTTTCACCTCA,UGAGGUGAAAACACUGCUUUA,0.6,0.5,0.6,0.5666666666666667,63.969279602492406,38.1,2.711014881213714,-2.0,1.9,25.0
0.27118571649999995,544,AAAGCAGTGTTTTCACCTCAT,AUGAGGUGAAAACACUGCUUU,0.8,0.5,0.6,0.6666666666666666,63.35028154131163,38.1,11.039948239170997,-0.5,0.7,50.0
0.20487005849999998,545,AAGCAGTGTTTTCACCTCATA,UAUGAGGUGAAAACACUGCUU,1.0,0.5833333333333334,0.6,0.7944444444444444,63.96473101140242,38.1,2.711014881213714,0.1,-1.8,62.5
0.2537339235999999,546,AGCAGTGTTTTCACCTCATAT,AUAUGAGGUGAAAACACUGCU,1.0,0.5833333333333334,0.6,0.7944444444444444,63.960272933969804,38.1,-0.39285736276531225,1.6,-2.5,75.0
0.31573375299999995,547,GCAGTGTTTTCACCTCATATG,CAUAUGAGGUGAAAACACUGC,0.6,0.8333333333333334,0.6,0.6777777777777777,64.41672366675783,42.86,-14.855171200397535,0.1,-3.5,75.0
0.37456473003999996,548,CAGTGTTTTCACCTCATATGC,GCAUAUGAGGUGAAAACACUG,0.8,0.5833333333333334,0.6,0.6944444444444445,64.41672366675783,42.86,-28.721351484159072,-2.0,-1.8,50.0
0.43736064107,549,AGTGTTTTCACCTCATATGCT,AGCAUAUGAGGUGAAAACACU,0.8,0.5,0.2,0.6000000000000001,63.960272933969804,38.1,-19.043789008618802,-2.5,-1.8,50.0
0.46606544046,550,GTGTTTTCACCTCATATGCTA,UAGCAUAUGAGGUGAAAACAC,1.0,0.4166666666666667,0.6,0.7388888888888889,63.3293865993399,38.1,-13.272776076517744,-2.2,-1.9,50.0
0.5029532989900001,551,TGTTTTCACCTCATATGCTAT,AUAGCAUAUGAGGUGAAAACA,0.8,0.5,0.6,0.6666666666666666,61.37878922408521,33.33,-12.598306186043658,0.1,-0.1,50.0
0.54420183914,552,GTTTTCACCTCATATGCTATG,CAUAGCAUAUGAGGUGAAAAC,0.6,0.6666666666666666,0.8,0.6555555555555554,61.88953124740726,38.1,-12.598306186043658,0.1,0.6,50.0
0.54206865569,553,TTTTCACCTCATATGCTATGT,ACAUAGCAUAUGAGGUGAAAA,0.8,0.5,0.8,0.7000000000000001,61.37878922408527,33.33,-12.598306186043658,-0.3,2.3,37.5
0.53553207398,554,TTTCACCTCATATGCTATGTT,AACAUAGCAUAUGAGGUGAAA,0.8,0.5,0.4,0.6333333333333334,61.37878922408527,33.33,-1.8579510519771816,-0.1,0.3,50.0
0.48659877541999996,555,TTCACCTCATATGCTATGTTA,UAACAUAGCAUAUGAGGUGAA,1.0,0.6666666666666666,0.6,0.8222222222222221,62.00557494207345,33.33,-16.72007363034652,0.2,-0.4,50.0
0.44582247775999995,556,TCACCTCATATGCTATGTTAG,CUAACAUAGCAUAUGAGGUGA,0.6,0.75,0.6,0.65,63.70379850561642,38.1,-35.11994065516183,0.2,-2.1,62.5
0.45451332879,557,CACCTCATATGCTATGTTAGA,UCUAACAUAGCAUAUGAGGUG,1.0,0.8333333333333334,0.8,0.9111111111111111,63.70379850561636,38.1,-35.11994065516183,-0.7,-3.5,75.0
0.49522573491,558,ACCTCATATGCTATGTTAGAA,UUCUAACAUAGCAUAUGAGGU,1.0,0.5,0.6,0.7666666666666666,61.956051669153965,33.33,-19.827201617877535,-0.4,-2.5,62.5
0.45327797495,559,CCTCATATGCTATGTTAGAAG,CUUCUAACAUAGCAUAUGAGG,0.6,0.75,0.8,0.6833333333333332,62.215255077124766,38.1,-15.885768725311038,-1.3,-3.7,62.5
0.36846956831000005,560,CTCATATGCTATGTTAGAAGT,ACUUCUAACAUAGCAUAUGAG,1.0,0.75,1.0,0.9166666666666666,60.36850313604441,33.33,-37.12223329559379,-0.1,-2.0,62.5
0.28211047963999997,561,TCATATGCTATGTTAGAAGTC,GACUUCUAACAUAGCAUAUGA,0.6,0.5833333333333334,0.2,0.5277777777777778,60.658231080368296,33.33,-18.1586369410812,-2.1,-0.5,37.5
0.24375671971000004,562,CATATGCTATGTTAGAAGTCC,GGACUUCUAACAUAGCAUAUG,0.4,0.6666666666666666,0.6,0.5222222222222223,62.4438111380918,38.1,-16.210205548921124,-3.8,0.1,25.0
0.2781457808899999,563,ATATGCTATGTTAGAAGTCCA,UGGACUUCUAACAUAGCAUAU,0.8,0.5833333333333334,0.2,0.6277777777777779,61.95605166915385,33.33,-1.5842543765821233,-2.7,1.6,25.0
0.28250808704999997,564,TATGCTATGTTAGAAGTCCAG,CUGGACUUCUAACAUAGCAUA,0.4,0.4166666666666667,0.2,0.3722222222222223,63.658076046052145,38.1,-1.0590787166065638,-3.4,0.1,25.0
0.24394572947999998,565,ATGCTATGTTAGAAGTCCAGG,CCUGGACUUCUAACAUAGCAU,0.6,0.6666666666666666,0.6,0.6222222222222221,66.24376973399723,42.86,2.711014881213657,-3.4,-2.0,37.5
0.2830641093399999,566,TGCTATGTTAGAAGTCCAGGC,GCCUGGACUUCUAACAUAGCA,0.6,0.4166666666666667,0.2,0.47222222222222227,69.24509323170724,47.62,11.039948239170997,-4.2,-2.5,37.5
0.31805690004,567,GCTATGTTAGAAGTCCAGGCA,UGCCUGGACUUCUAACAUAGC,0.6,0.25,0.4,0.44999999999999996,69.24509323170724,47.62,13.385797821575125,-4.2,-2.2,37.5
0.36420899934999995,568,CTATGTTAGAAGTCCAGGCAG,CUGCCUGGACUUCUAACAUAG,0.4,0.4166666666666667,0.4,0.4055555555555556,67.78358256596101,47.62,22.682789954222983,-3.5,0.1,25.0
0.40401577287999996,569,TATGTTAGAAGTCCAGGCAGA,UCUGCCUGGACUUCUAACAUA,0.6,0.5833333333333334,0.4,0.5611111111111111,67.71219753965738,42.86,12.432245012302474,-2.0,0.1,37.5
0.3944986477,570,ATGTTAGAAGTCCAGGCAGAG,CUCUGCCUGGACUUCUAACAU,0.6,0.3333333333333333,0.4,0.4777777777777777,68.62212021220267,47.62,12.192701292640834,-2.0,-0.3,37.5
0.41991343679999993,571,TGTTAGAAGTCCAGGCAGAGA,UCUCUGCCUGGACUUCUAACA,0.6,0.6666666666666666,0.4,0.5888888888888888,70.06375045788349,47.62,14.719890278686421,-2.3,-0.1,37.5
0.4211444981999999,572,GTTAGAAGTCCAGGCAGAGAC,GUCUCUGCCUGGACUUCUAAC,0.4,0.25,0.6,0.38333333333333336,70.38872455426457,52.38,10.95967574917853,-2.1,0.2,37.5
0.4213694107999999,573,TTAGAAGTCCAGGCAGAGACA,UGUCUCUGCCUGGACUUCUAA,0.8,0.6666666666666666,0.6,0.7222222222222222,70.06375045788337,47.62,0.22548131656162695,-2.1,0.2,37.5
0.4212561785,574,TAGAAGTCCAGGCAGAGACAA,UUGUCUCUGCCUGGACUUCUA,1.0,0.4166666666666667,0.2,0.6722222222222222,70.06375045788337,47.62,1.692193860821419,-0.2,-0.7,50.0
0.43764780000000003,575,AGAAGTCCAGGCAGAGACAAT,AUUGUCUCUGCCUGGACUUCU,0.8,0.75,0.6,0.75,69.45812736738833,47.62,1.953384648994927,0.5,-0.4,50.0
0.47139731849999994,576,GAAGTCCAGGCAGAGACAATA,UAUUGUCUCUGCCUGGACUUC,0.8,0.6666666666666666,0.8,0.7555555555555555,68.81327310112289,47.62,-15.870771041240175,1.8,-1.3,75.0
0.4616558812,577,AAGTCCAGGCAGAGACAATAA,UUAUUGUCUCUGCCUGGACUU,1.0,0.6666666666666666,0.6,0.8222222222222221,67.13818308957741,42.86,-16.39261972815666,1.7,-0.1,62.5
0.4229061073,578,AGTCCAGGCAGAGACAATAAA,UUUAUUGUCUCUGCCUGGACU,0.8,0.6666666666666666,0.8,0.7555555555555555,67.1381830895773,42.86,-35.11994065516183,1.9,-2.1,75.0
0.4318456270999999,579,GTCCAGGCAGAGACAATAAAA,UUUUAUUGUCUCUGCCUGGAC,1.0,0.75,0.8,0.8833333333333333,65.91419476988563,42.86,-41.73143596711421,2.3,-3.8,87.5
0.44246375019999995,580,TCCAGGCAGAGACAATAAAAC,GUUUUAUUGUCUCUGCCUGGA,0.8,0.75,0.6,0.75,65.91419476988574,42.86,-67.8487093863061,0.6,-2.7,62.5
0.4509225907999999,581,CCAGGCAGAGACAATAAAACA,UGUUUUAUUGUCUCUGCCUGG,0.8,0.8333333333333334,0.8,0.8111111111111112,65.73159817932037,42.86,-67.8487093863061,-0.1,-3.4,75.0
0.46616100180000003,582,CAGGCAGAGACAATAAAACAT,AUGUUUUAUUGUCUCUGCCUG,1.0,0.5,0.8,0.7999999999999999,62.491698571585516,38.1,-43.62617355916953,-0.3,-3.4,75.0
0.4029740466,583,AGGCAGAGACAATAAAACATT,AAUGUUUUAUUGUCUCUGCCU,1.0,0.6666666666666666,0.6,0.8222222222222221,60.665651152377166,33.33,-44.68784530776114,0.5,-4.2,75.0
0.37400285679999995,584,GGCAGAGACAATAAAACATTC,GAAUGUUUUAUUGUCUCUGCC,0.8,0.5833333333333334,1.0,0.7611111111111112,61.48875456229172,38.1,-39.98673018591106,0.2,-4.2,75.0
0.3671099511,585,GCAGAGACAATAAAACATTCC,GGAAUGUUUUAUUGUCUCUGC,0.6,0.6666666666666666,0.8,0.6555555555555554,61.48875456229172,38.1,-39.986730185911,-2.1,-3.5,62.5
0.39748062750000007,586,CAGAGACAATAAAACATTCCT,AGGAAUGUUUUAUUGUCUCUG,1.0,0.5,0.8,0.7999999999999999,59.368482777513634,33.33,-16.39261972815666,-2.7,-2.0,50.0
0.43319314259999997,587,AGAGACAATAAAACATTCCTG,CAGGAAUGUUUUAUUGUCUCU,0.6,0.5,0.2,0.5,59.36848277751358,33.33,-3.735406968654047,-3.4,-2.0,37.5
0.47624735469999996,588,GAGACAATAAAACATTCCTGT,ACAGGAAUGUUUUAUUGUCUC,1.0,0.5,0.8,0.7999999999999999,59.62064804555598,33.33,-15.232813680819731,-1.8,-2.3,50.0
0.49174025759999995,589,AGACAATAAAACATTCCTGTG,CACAGGAAUGUUUUAUUGUCU,0.4,0.4166666666666667,0.4,0.4055555555555556,59.36388285929422,33.33,-2.640019077578472,-1.8,-2.1,50.0
0.5709519033,590,GACAATAAAACATTCCTGTGA,UCACAGGAAUGUUUUAUUGUC,0.8,0.4166666666666667,0.6,0.638888888888889,59.67169707231824,33.33,2.711014881213657,-2.1,-2.1,50.0
0.6105330708,591,ACAATAAAACATTCCTGTGAA,UUCACAGGAAUGUUUUAUUGU,0.8,0.4166666666666667,0.2,0.5722222222222223,57.423188878239785,28.57,8.653590768698109,-0.4,-0.2,50.0
0.6352389749999999,592,CAATAAAACATTCCTGTGAAA,UUUCACAGGAAUGUUUUAUUG,0.8,0.6666666666666666,0.6,0.7222222222222222,55.84988560368936,28.57,-0.8991076138455583,0.3,0.5,50.0
0.599371644,593,AATAAAACATTCCTGTGAAAG,CUUUCACAGGAAUGUUUUAUU,0.6,0.6666666666666666,0.4,0.5888888888888888,55.79439667399441,28.57,-15.532640373842185,0.7,1.8,37.5
0.5676242520999999,594,ATAAAACATTCCTGTGAAAGG,CCUUUCACAGGAAUGUUUUAU,0.6,0.8333333333333334,0.6,0.6777777777777777,59.4024198208121,33.33,-19.422534651410388,-1.7,1.7,25.0
0.5278448305000001,595,TAAAACATTCCTGTGAAAGGC,GCCUUUCACAGGAAUGUUUUA,0.4,0.4166666666666667,0.2,0.3722222222222223,62.78282987262685,38.1,-21.800053582428603,-4.2,1.9,12.5
0.4987720145,596,AAAACATTCCTGTGAAAGGCA,UGCCUUUCACAGGAAUGUUUU,0.8,0.5,0.4,0.6333333333333334,63.47338706176015,38.1,-6.356940151322306,-4.2,2.3,12.5
